-- --------------------------------------------------------
-- 主机:                           127.0.0.1
-- 服务器版本:                        5.0.18-nt - MySQL Community Edition (GPL)
-- 服务器操作系统:                      Win32
-- HeidiSQL 版本:                  9.2.0.4947
-- --------------------------------------------------------

/*!40101 SET @OLD_CHARACTER_SET_CLIENT=@@CHARACTER_SET_CLIENT */;
/*!40101 SET NAMES utf8 */;
/*!40014 SET @OLD_FOREIGN_KEY_CHECKS=@@FOREIGN_KEY_CHECKS, FOREIGN_KEY_CHECKS=0 */;
/*!40101 SET @OLD_SQL_MODE=@@SQL_MODE, SQL_MODE='NO_AUTO_VALUE_ON_ZERO' */;
-- 正在导出表  weixin.activity 的数据：6 rows
/*!40000 ALTER TABLE `activity` DISABLE KEYS */;
INSERT IGNORE INTO `activity` (`aid`, `beginData`, `endData`, `score`, `qrcodeUrl`, `name`, `description`, `state`, `author`, `community`) VALUES
	('4173ef42-a72b-4418-8f9b-92a19f109213', '2017-11-03', '2017-11-04', '1', 'qrcode/2/5/4173ef42-a72b-4418-8f9b-92a19f109213.gif', '核桃园社区小广告活动11.3', '清理小广告', NULL, NULL, NULL),
	('44ca817c-2f6b-4ab5-b960-b38f0290fd74', '2017-11-24', '2017-11-25', '1', 'qrcode/5/4/44ca817c-2f6b-4ab5-b960-b38f0290fd74.gif', '核桃园社区11月24小广告活动', '小广告', NULL, NULL, NULL),
	('ca832ad3-3bfc-4ec1-ae05-c5c9c5ac37fb', '2017-11-17', '2017-11-18', '1', 'qrcode/13/3/ca832ad3-3bfc-4ec1-ae05-c5c9c5ac37fb.gif', '核桃园社区11.17小广告清理', '略', NULL, NULL, NULL),
	('552b5a87-509b-4eb6-8363-f5481068c4c4', '2017-10-27', '2017-10-28', '1', 'qrcode/10/5/552b5a87-509b-4eb6-8363-f5481068c4c4.gif', '核桃园社区10.27小广告打击队活动', '治理社区小广告', NULL, NULL, NULL),
	('7313bdfa-f229-4f70-9707-7b86de1848ba', '2018-01-11', '2018-01-12', '10', 'qrcode/2/4/7313bdfa-f229-4f70-9707-7b86de1848ba.gif', '测试', '测试', NULL, NULL, NULL),
	('e5ecc39a-5b91-4f7a-b424-95c46052aa8c', '2018-01-10', '2018-01-11', '10', 'qrcode/8/5/e5ecc39a-5b91-4f7a-b424-95c46052aa8c.gif', '测试活动', '测试活动', NULL, NULL, NULL);
/*!40000 ALTER TABLE `activity` ENABLE KEYS */;

-- 正在导出表  weixin.activity_user 的数据：99 rows
/*!40000 ALTER TABLE `activity_user` DISABLE KEYS */;
INSERT IGNORE INTO `activity_user` (`uid`, `aid`) VALUES
	('50a77229-5e15-47cc-ab11-f822ca6eec71', '2a1e40c5-a415-4b98-9acb-e4fe0c9f6f2c'),
	('0ac21c6e-fbc8-4b9f-9d87-027bd4f21a86', '4173ef42-a72b-4418-8f9b-92a19f109213'),
	('128b6602-4806-4c71-b0b5-b2b574253971', '4173ef42-a72b-4418-8f9b-92a19f109213'),
	('29cd12ef-d2e4-4ff4-8c8f-c4440735cea9', '4173ef42-a72b-4418-8f9b-92a19f109213'),
	('2e36f9e9-125f-4534-b604-f048b73443b1', '4173ef42-a72b-4418-8f9b-92a19f109213'),
	('31dc7b22-9e5c-4d51-8822-9896a9df4261', '4173ef42-a72b-4418-8f9b-92a19f109213'),
	('3d50c71b-0429-484d-afd2-b20bbd424df3', '4173ef42-a72b-4418-8f9b-92a19f109213'),
	('4207620f-f896-4066-9cf4-21b5bd3d3bfc', '4173ef42-a72b-4418-8f9b-92a19f109213'),
	('5330128f-6d9a-462c-9e6b-383565c9e498', '4173ef42-a72b-4418-8f9b-92a19f109213'),
	('59a17ac6-d56f-4ca3-b06f-381fba3a84ea', '4173ef42-a72b-4418-8f9b-92a19f109213'),
	('5e3a36f2-2a0d-4811-9cb2-d160c09c1732', '4173ef42-a72b-4418-8f9b-92a19f109213'),
	('5f935d1d-935f-4a43-9dc3-67cd220af34d', '4173ef42-a72b-4418-8f9b-92a19f109213'),
	('6a2da71e-e94d-4db7-9e11-54819733dc35', '4173ef42-a72b-4418-8f9b-92a19f109213'),
	('709cc325-5fe4-4ae9-a19d-f4427df7d49f', '4173ef42-a72b-4418-8f9b-92a19f109213'),
	('7cde4363-447c-4f9b-9792-b05d67b6e90a', '4173ef42-a72b-4418-8f9b-92a19f109213'),
	('82c7143d-96b4-40da-8614-4d8feeb2e4ca', '4173ef42-a72b-4418-8f9b-92a19f109213'),
	('8a0de253-763d-4d41-969c-2387c65c1524', '4173ef42-a72b-4418-8f9b-92a19f109213'),
	('8e262a29-9e60-47e4-85bd-b73110985279', '4173ef42-a72b-4418-8f9b-92a19f109213'),
	('a2fa2446-a251-4dc0-be6d-db76ef34034c', '4173ef42-a72b-4418-8f9b-92a19f109213'),
	('ab02baf3-993f-4c3c-8a48-1e58e05a79f3', '4173ef42-a72b-4418-8f9b-92a19f109213'),
	('b1697fd9-0c83-423c-ad2e-abe619ddfe86', '4173ef42-a72b-4418-8f9b-92a19f109213'),
	('b9348d05-8b07-4e35-9d9b-bd8f7ecbfab3', '4173ef42-a72b-4418-8f9b-92a19f109213'),
	('babc3546-d755-4f31-afcc-694c0fabff02', '4173ef42-a72b-4418-8f9b-92a19f109213'),
	('cf87ed20-5fad-443b-99f2-24823bbd4b3d', '4173ef42-a72b-4418-8f9b-92a19f109213'),
	('cfa06f32-cc1d-4b8b-b9b8-9eb0ce46fa17', '4173ef42-a72b-4418-8f9b-92a19f109213'),
	('d1aa92ea-4849-471c-832f-b31b53c7479b', '4173ef42-a72b-4418-8f9b-92a19f109213'),
	('d1e550da-1490-47b3-af08-aa5c0fdfffb8', '4173ef42-a72b-4418-8f9b-92a19f109213'),
	('e37891b7-8627-4f44-a41b-42e4e1fa633f', '4173ef42-a72b-4418-8f9b-92a19f109213'),
	('e7430123-6882-46ba-b6a9-15f8b3dc720f', '4173ef42-a72b-4418-8f9b-92a19f109213'),
	('eb251f05-7e08-4517-a9d4-fe9109e9290e', '4173ef42-a72b-4418-8f9b-92a19f109213'),
	('f19ef8db-f399-42d8-834b-72f5ef6d1b24', '4173ef42-a72b-4418-8f9b-92a19f109213'),
	('f59e4134-b7b6-44bc-8798-2901d758a39e', '4173ef42-a72b-4418-8f9b-92a19f109213'),
	('f730ca43-f200-46e3-982c-dcb0c58a569d', '4173ef42-a72b-4418-8f9b-92a19f109213'),
	('fc7a70d3-0a28-4f3f-bed2-3713a3256cf3', '4173ef42-a72b-4418-8f9b-92a19f109213'),
	('0ac21c6e-fbc8-4b9f-9d87-027bd4f21a86', '44ca817c-2f6b-4ab5-b960-b38f0290fd74'),
	('0af91a88-60a9-4090-b777-ae948fd31a83', '44ca817c-2f6b-4ab5-b960-b38f0290fd74'),
	('29cd12ef-d2e4-4ff4-8c8f-c4440735cea9', '44ca817c-2f6b-4ab5-b960-b38f0290fd74'),
	('31dc7b22-9e5c-4d51-8822-9896a9df4261', '44ca817c-2f6b-4ab5-b960-b38f0290fd74'),
	('59a17ac6-d56f-4ca3-b06f-381fba3a84ea', '44ca817c-2f6b-4ab5-b960-b38f0290fd74'),
	('709cc325-5fe4-4ae9-a19d-f4427df7d49f', '44ca817c-2f6b-4ab5-b960-b38f0290fd74'),
	('82c7143d-96b4-40da-8614-4d8feeb2e4ca', '44ca817c-2f6b-4ab5-b960-b38f0290fd74'),
	('8a0de253-763d-4d41-969c-2387c65c1524', '44ca817c-2f6b-4ab5-b960-b38f0290fd74'),
	('8e262a29-9e60-47e4-85bd-b73110985279', '44ca817c-2f6b-4ab5-b960-b38f0290fd74'),
	('b9348d05-8b07-4e35-9d9b-bd8f7ecbfab3', '44ca817c-2f6b-4ab5-b960-b38f0290fd74'),
	('bb1f7103-aed7-47c8-af76-8affe7f123b0', '44ca817c-2f6b-4ab5-b960-b38f0290fd74'),
	('cf87ed20-5fad-443b-99f2-24823bbd4b3d', '44ca817c-2f6b-4ab5-b960-b38f0290fd74'),
	('cfa06f32-cc1d-4b8b-b9b8-9eb0ce46fa17', '44ca817c-2f6b-4ab5-b960-b38f0290fd74'),
	('d1aa92ea-4849-471c-832f-b31b53c7479b', '44ca817c-2f6b-4ab5-b960-b38f0290fd74'),
	('d1e550da-1490-47b3-af08-aa5c0fdfffb8', '44ca817c-2f6b-4ab5-b960-b38f0290fd74'),
	('e37891b7-8627-4f44-a41b-42e4e1fa633f', '44ca817c-2f6b-4ab5-b960-b38f0290fd74'),
	('e7430123-6882-46ba-b6a9-15f8b3dc720f', '44ca817c-2f6b-4ab5-b960-b38f0290fd74'),
	('e8c30522-1835-4adf-a534-f76f7fa1ad40', '44ca817c-2f6b-4ab5-b960-b38f0290fd74'),
	('f730ca43-f200-46e3-982c-dcb0c58a569d', '44ca817c-2f6b-4ab5-b960-b38f0290fd74'),
	('0ac21c6e-fbc8-4b9f-9d87-027bd4f21a86', '552b5a87-509b-4eb6-8363-f5481068c4c4'),
	('29cd12ef-d2e4-4ff4-8c8f-c4440735cea9', '552b5a87-509b-4eb6-8363-f5481068c4c4'),
	('2e36f9e9-125f-4534-b604-f048b73443b1', '552b5a87-509b-4eb6-8363-f5481068c4c4'),
	('31dc7b22-9e5c-4d51-8822-9896a9df4261', '552b5a87-509b-4eb6-8363-f5481068c4c4'),
	('4207620f-f896-4066-9cf4-21b5bd3d3bfc', '552b5a87-509b-4eb6-8363-f5481068c4c4'),
	('5e3a36f2-2a0d-4811-9cb2-d160c09c1732', '552b5a87-509b-4eb6-8363-f5481068c4c4'),
	('5f935d1d-935f-4a43-9dc3-67cd220af34d', '552b5a87-509b-4eb6-8363-f5481068c4c4'),
	('6a2da71e-e94d-4db7-9e11-54819733dc35', '552b5a87-509b-4eb6-8363-f5481068c4c4'),
	('82c7143d-96b4-40da-8614-4d8feeb2e4ca', '552b5a87-509b-4eb6-8363-f5481068c4c4'),
	('8a0de253-763d-4d41-969c-2387c65c1524', '552b5a87-509b-4eb6-8363-f5481068c4c4'),
	('8e262a29-9e60-47e4-85bd-b73110985279', '552b5a87-509b-4eb6-8363-f5481068c4c4'),
	('ab02baf3-993f-4c3c-8a48-1e58e05a79f3', '552b5a87-509b-4eb6-8363-f5481068c4c4'),
	('b9348d05-8b07-4e35-9d9b-bd8f7ecbfab3', '552b5a87-509b-4eb6-8363-f5481068c4c4'),
	('cfa06f32-cc1d-4b8b-b9b8-9eb0ce46fa17', '552b5a87-509b-4eb6-8363-f5481068c4c4'),
	('d1aa92ea-4849-471c-832f-b31b53c7479b', '552b5a87-509b-4eb6-8363-f5481068c4c4'),
	('d1e550da-1490-47b3-af08-aa5c0fdfffb8', '552b5a87-509b-4eb6-8363-f5481068c4c4'),
	('e7430123-6882-46ba-b6a9-15f8b3dc720f', '552b5a87-509b-4eb6-8363-f5481068c4c4'),
	('f59e4134-b7b6-44bc-8798-2901d758a39e', '552b5a87-509b-4eb6-8363-f5481068c4c4'),
	('f730ca43-f200-46e3-982c-dcb0c58a569d', '552b5a87-509b-4eb6-8363-f5481068c4c4'),
	('cf87ed20-5fad-443b-99f2-24823bbd4b3d', '7313bdfa-f229-4f70-9707-7b86de1848ba'),
	('09fd9876-caf7-42ba-a84f-07da56522d4b', '954ee823-d61e-4847-9b0b-4a2fbf6c1de1'),
	('09fd9876-caf7-42ba-a84f-07da56522d4b', '97c19864-76b0-4a1d-9e06-d1b32807fa26'),
	('09fd9876-caf7-42ba-a84f-07da56522d4b', '995a6a25-0a23-4493-8f8f-a18b649de48e'),
	('aa341287-81f2-4942-99e4-2ac03acf6e0d', '995a6a25-0a23-4493-8f8f-a18b649de48e'),
	('b3ff4030-22e1-488b-915a-a8176f167e02', '9ebcc94f-2f8b-4d04-9f26-3dcb55b7d960'),
	('16164c9b-e148-4126-8b2e-8bb286bcc6b1', '9f6dce28-22d3-455f-93b2-28db9c06f8b5'),
	('04e21534-a442-4fe9-b408-42ce17ce36cc', 'bdc3e8fa-9fbb-450c-9291-e7269a1acd4c'),
	('0ac21c6e-fbc8-4b9f-9d87-027bd4f21a86', 'ca832ad3-3bfc-4ec1-ae05-c5c9c5ac37fb'),
	('29cd12ef-d2e4-4ff4-8c8f-c4440735cea9', 'ca832ad3-3bfc-4ec1-ae05-c5c9c5ac37fb'),
	('2e36f9e9-125f-4534-b604-f048b73443b1', 'ca832ad3-3bfc-4ec1-ae05-c5c9c5ac37fb'),
	('8a0de253-763d-4d41-969c-2387c65c1524', 'ca832ad3-3bfc-4ec1-ae05-c5c9c5ac37fb'),
	('8e262a29-9e60-47e4-85bd-b73110985279', 'ca832ad3-3bfc-4ec1-ae05-c5c9c5ac37fb'),
	('ab02baf3-993f-4c3c-8a48-1e58e05a79f3', 'ca832ad3-3bfc-4ec1-ae05-c5c9c5ac37fb'),
	('bb1f7103-aed7-47c8-af76-8affe7f123b0', 'ca832ad3-3bfc-4ec1-ae05-c5c9c5ac37fb'),
	('c38dc352-e5c3-4384-9c0b-351ba0e1e1bb', 'ca832ad3-3bfc-4ec1-ae05-c5c9c5ac37fb'),
	('cf87ed20-5fad-443b-99f2-24823bbd4b3d', 'ca832ad3-3bfc-4ec1-ae05-c5c9c5ac37fb'),
	('cfa06f32-cc1d-4b8b-b9b8-9eb0ce46fa17', 'ca832ad3-3bfc-4ec1-ae05-c5c9c5ac37fb'),
	('d1e550da-1490-47b3-af08-aa5c0fdfffb8', 'ca832ad3-3bfc-4ec1-ae05-c5c9c5ac37fb'),
	('e37891b7-8627-4f44-a41b-42e4e1fa633f', 'ca832ad3-3bfc-4ec1-ae05-c5c9c5ac37fb'),
	('e7430123-6882-46ba-b6a9-15f8b3dc720f', 'ca832ad3-3bfc-4ec1-ae05-c5c9c5ac37fb'),
	('e8c30522-1835-4adf-a534-f76f7fa1ad40', 'ca832ad3-3bfc-4ec1-ae05-c5c9c5ac37fb'),
	('f59e4134-b7b6-44bc-8798-2901d758a39e', 'ca832ad3-3bfc-4ec1-ae05-c5c9c5ac37fb'),
	('f730ca43-f200-46e3-982c-dcb0c58a569d', 'ca832ad3-3bfc-4ec1-ae05-c5c9c5ac37fb'),
	('a9e2c719-741d-4411-a561-aba94e46206b', 'e5ecc39a-5b91-4f7a-b424-95c46052aa8c'),
	('a9e2c719-741d-4411-a561-aba94e46206b', 'e803ea16-d2c7-427c-8757-4291bb19add6'),
	('aa341287-81f2-4942-99e4-2ac03acf6e0d', 'f3b08692-bb42-4377-992c-c82e3b60c3bd');
/*!40000 ALTER TABLE `activity_user` ENABLE KEYS */;

-- 正在导出表  weixin.exchange 的数据：18 rows
/*!40000 ALTER TABLE `exchange` DISABLE KEYS */;
INSERT IGNORE INTO `exchange` (`eid`, `exchangeData`, `score`, `uid`, `wid`) VALUES
	('402881e9602f2d4001602f377efa0000', '2017-12-07 12:24:14', '1', 'e764b044-1ca4-44a2-a98b-4a06fffe89a9', '43c1b186-78f0-4529-bf9a-5a16e1389407'),
	('2c926493603382590160339bd90e0001', '2017-12-08 08:52:19', '1', '59a17ac6-d56f-4ca3-b06f-381fba3a84ea', 'e6b461fa-1feb-46b5-b2f8-dc026e266500'),
	('2c926493603382590160339c3ac00002', '2017-12-08 08:52:44', '1', 'f730ca43-f200-46e3-982c-dcb0c58a569d', 'e6b461fa-1feb-46b5-b2f8-dc026e266500'),
	('2c926493603382590160339cb63d0003', '2017-12-08 08:53:16', '1', '8e262a29-9e60-47e4-85bd-b73110985279', 'e6b461fa-1feb-46b5-b2f8-dc026e266500'),
	('2c926493603382590160339d6e030004', '2017-12-08 08:54:03', '1', '31dc7b22-9e5c-4d51-8822-9896a9df4261', 'e6b461fa-1feb-46b5-b2f8-dc026e266500'),
	('2c926493603382590160339edc210005', '2017-12-08 08:55:37', '1', 'ab02baf3-993f-4c3c-8a48-1e58e05a79f3', 'e6b461fa-1feb-46b5-b2f8-dc026e266500'),
	('2c926493603382590160339f07e30006', '2017-12-08 08:55:48', '1', 'd1e550da-1490-47b3-af08-aa5c0fdfffb8', 'e6b461fa-1feb-46b5-b2f8-dc026e266500'),
	('2c926493603382590160339fcde40007', '2017-12-08 08:56:39', '1', 'bb1f7103-aed7-47c8-af76-8affe7f123b0', 'e6b461fa-1feb-46b5-b2f8-dc026e266500'),
	('2c92649360338259016033a0269d0008', '2017-12-08 08:57:01', '1', '8a0de253-763d-4d41-969c-2387c65c1524', 'e6b461fa-1feb-46b5-b2f8-dc026e266500'),
	('2c92649360338259016033a0595b0009', '2017-12-08 08:57:14', '1', 'c38dc352-e5c3-4384-9c0b-351ba0e1e1bb', 'e6b461fa-1feb-46b5-b2f8-dc026e266500'),
	('2c92649360338259016033a247df000a', '2017-12-08 08:59:21', '1', 'e7430123-6882-46ba-b6a9-15f8b3dc720f', 'e6b461fa-1feb-46b5-b2f8-dc026e266500'),
	('2c92649360338259016033a2f1fc000b', '2017-12-08 09:00:04', '1', 'd1aa92ea-4849-471c-832f-b31b53c7479b', 'e6b461fa-1feb-46b5-b2f8-dc026e266500'),
	('2c92649360338259016033a3c543000c', '2017-12-08 09:00:59', '1', '0af91a88-60a9-4090-b777-ae948fd31a83', 'e6b461fa-1feb-46b5-b2f8-dc026e266500'),
	('2c92649360338259016033a46fd4000e', '2017-12-08 09:01:42', '1', 'e8c30522-1835-4adf-a534-f76f7fa1ad40', 'e6b461fa-1feb-46b5-b2f8-dc026e266500'),
	('2c92649360338259016033a490ee000f', '2017-12-08 09:01:51', '1', 'cf87ed20-5fad-443b-99f2-24823bbd4b3d', 'e6b461fa-1feb-46b5-b2f8-dc026e266500'),
	('2c92649360338259016033a4a5210010', '2017-12-08 09:01:56', '1', 'f59e4134-b7b6-44bc-8798-2901d758a39e', 'e6b461fa-1feb-46b5-b2f8-dc026e266500'),
	('2c92649360338259016033a8b6500011', '2017-12-08 09:06:22', '1', '29cd12ef-d2e4-4ff4-8c8f-c4440735cea9', 'e6b461fa-1feb-46b5-b2f8-dc026e266500'),
	('402881e960d442480160d4700d960000', '2018-01-08 02:23:21', '1', '16164c9b-e148-4126-8b2e-8bb286bcc6b1', 'e6b461fa-1feb-46b5-b2f8-dc026e266500');
/*!40000 ALTER TABLE `exchange` ENABLE KEYS */;

-- 正在导出表  weixin.grouping 的数据：3 rows
/*!40000 ALTER TABLE `grouping` DISABLE KEYS */;
INSERT IGNORE INTO `grouping` (`gid`, `groupName`, `description`, `logoPath`, `tag`, `tagid`) VALUES
	('402881e95e99a212015e99a328fd0000', NULL, NULL, NULL, 'no_real_name_user', 293),
	('402881e95e99a212015e99a329970001', NULL, NULL, NULL, 'common_user', 294),
	('402881e95e99a212015e99a329a50002', NULL, NULL, NULL, 'community_user', 295);
/*!40000 ALTER TABLE `grouping` ENABLE KEYS */;

-- 正在导出表  weixin.permission 的数据：23 rows
/*!40000 ALTER TABLE `permission` DISABLE KEYS */;
INSERT IGNORE INTO `permission` (`pid`, `permission`, `description`, `available`) VALUES
	('402881e960b703400160b707977e0001', 'permission:create', '权限创建', 'T'),
	('402881e960b703400160b70734df0000', 'system:access', '后台准入', 'T'),
	('402881e960b703400160b707e1150002', 'permission:retrieve', '权限查看', 'T'),
	('402881e960b703400160b7081c780003', 'permission:update', '权限更新', 'T'),
	('402881e960b703400160b7084e180004', 'permission:delete', '权限删除', 'T'),
	('402881e960b703400160b7091fdc0005', 'role:delete', '角色删除', 'T'),
	('402881e960b703400160b70971f60006', 'role:update', '角色更新', 'T'),
	('402881e960b703400160b709c97f0007', 'role:retrieve', '角色查看', 'T'),
	('402881e960b703400160b70a1aeb0008', 'role:create', '角色创建', 'T'),
	('402881e960b703400160b70a5ef10009', 'role:assigned', '角色分配', 'T'),
	('402881e960b703400160b70a90dd000a', 'ware:delete', '物品删除', 'T'),
	('402881e960b703400160b70ad018000b', 'ware:update', '物品更新', 'T'),
	('402881e960b703400160b70b0f3d000c', 'ware:retrieve', '物品查看', 'T'),
	('402881e960b703400160b70b47ff000d', 'ware:create', '物品创建', 'T'),
	('402881e960b703400160b70ba37f000e', 'user:delete', '用户删除', 'T'),
	('402881e960b703400160b70bd638000f', 'user:update', '用户更新', 'T'),
	('402881e960b703400160b70c23ea0010', 'user:retrieve', '用户查看', 'T'),
	('402881e960b703400160b70c61650011', 'user:create', '用户创建', 'T'),
	('402881e960b703400160b70c9d740012', 'activity:delete', '活动删除', 'T'),
	('402881e960b703400160b70ce1b70013', 'activity:update', '活动修改', 'T'),
	('402881e960b703400160b70d20d50014', 'activity:retrieve', '活动查看', 'T'),
	('402881e960b703400160b70d569d0015', 'activity:create', '活动创建', 'T'),
	('402881e960b703400160b70dfb1e0016', 'activity:weixin', '微信端活动管理', 'T');
/*!40000 ALTER TABLE `permission` ENABLE KEYS */;

-- 正在导出表  weixin.role 的数据：3 rows
/*!40000 ALTER TABLE `role` DISABLE KEYS */;
INSERT IGNORE INTO `role` (`rid`, `role`, `description`, `available`) VALUES
	('402881e960b703400160b71266cb0017', 'level01', '一级社区管理者', 'T'),
	('402881eb6086931701608693244c0000', 'admin', '系统管理员', 'T'),
	('402881e960b981a30160b98566f00000', 'level02', '二级社区管理者', 'T');
/*!40000 ALTER TABLE `role` ENABLE KEYS */;

-- 正在导出表  weixin.role_perm 的数据：46 rows
/*!40000 ALTER TABLE `role_perm` DISABLE KEYS */;
INSERT IGNORE INTO `role_perm` (`rid`, `pid`) VALUES
	('402881e960b703400160b71266cb0017', '402881e960b703400160b70734df0000'),
	('402881e960b981a30160b98566f00000', '402881e960b703400160b70734df0000'),
	('402881eb6086931701608693244c0000', '402881e960b703400160b70734df0000'),
	('402881eb6086931701608693244c0000', '402881e960b703400160b707977e0001'),
	('402881eb6086931701608693244c0000', '402881e960b703400160b707e1150002'),
	('402881eb6086931701608693244c0000', '402881e960b703400160b7081c780003'),
	('402881eb6086931701608693244c0000', '402881e960b703400160b7084e180004'),
	('402881e960b703400160b71266cb0017', '402881e960b703400160b7091fdc0005'),
	('402881eb6086931701608693244c0000', '402881e960b703400160b7091fdc0005'),
	('402881e960b703400160b71266cb0017', '402881e960b703400160b70971f60006'),
	('402881eb6086931701608693244c0000', '402881e960b703400160b70971f60006'),
	('402881e960b703400160b71266cb0017', '402881e960b703400160b709c97f0007'),
	('402881eb6086931701608693244c0000', '402881e960b703400160b709c97f0007'),
	('402881e960b703400160b71266cb0017', '402881e960b703400160b70a1aeb0008'),
	('402881eb6086931701608693244c0000', '402881e960b703400160b70a1aeb0008'),
	('402881e960b703400160b71266cb0017', '402881e960b703400160b70a5ef10009'),
	('402881eb6086931701608693244c0000', '402881e960b703400160b70a5ef10009'),
	('402881e960b703400160b71266cb0017', '402881e960b703400160b70a90dd000a'),
	('402881eb6086931701608693244c0000', '402881e960b703400160b70a90dd000a'),
	('402881e960b703400160b71266cb0017', '402881e960b703400160b70ad018000b'),
	('402881eb6086931701608693244c0000', '402881e960b703400160b70ad018000b'),
	('402881e960b703400160b71266cb0017', '402881e960b703400160b70b0f3d000c'),
	('402881e960b981a30160b98566f00000', '402881e960b703400160b70b0f3d000c'),
	('402881eb6086931701608693244c0000', '402881e960b703400160b70b0f3d000c'),
	('402881e960b703400160b71266cb0017', '402881e960b703400160b70b47ff000d'),
	('402881eb6086931701608693244c0000', '402881e960b703400160b70b47ff000d'),
	('402881e960b703400160b71266cb0017', '402881e960b703400160b70ba37f000e'),
	('402881eb6086931701608693244c0000', '402881e960b703400160b70ba37f000e'),
	('402881e960b703400160b71266cb0017', '402881e960b703400160b70bd638000f'),
	('402881eb6086931701608693244c0000', '402881e960b703400160b70bd638000f'),
	('402881e960b703400160b71266cb0017', '402881e960b703400160b70c23ea0010'),
	('402881e960b981a30160b98566f00000', '402881e960b703400160b70c23ea0010'),
	('402881eb6086931701608693244c0000', '402881e960b703400160b70c23ea0010'),
	('402881e960b703400160b71266cb0017', '402881e960b703400160b70c61650011'),
	('402881eb6086931701608693244c0000', '402881e960b703400160b70c61650011'),
	('402881e960b703400160b71266cb0017', '402881e960b703400160b70c9d740012'),
	('402881eb6086931701608693244c0000', '402881e960b703400160b70c9d740012'),
	('402881e960b703400160b71266cb0017', '402881e960b703400160b70ce1b70013'),
	('402881eb6086931701608693244c0000', '402881e960b703400160b70ce1b70013'),
	('402881e960b703400160b71266cb0017', '402881e960b703400160b70d20d50014'),
	('402881e960b981a30160b98566f00000', '402881e960b703400160b70d20d50014'),
	('402881eb6086931701608693244c0000', '402881e960b703400160b70d20d50014'),
	('402881e960b703400160b71266cb0017', '402881e960b703400160b70d569d0015'),
	('402881eb6086931701608693244c0000', '402881e960b703400160b70d569d0015'),
	('402881e960b703400160b71266cb0017', '402881e960b703400160b70dfb1e0016'),
	('402881eb6086931701608693244c0000', '402881e960b703400160b70dfb1e0016');
/*!40000 ALTER TABLE `role_perm` ENABLE KEYS */;

-- 正在导出表  weixin.user 的数据：54 rows
/*!40000 ALTER TABLE `user` DISABLE KEYS */;
INSERT IGNORE INTO `user` (`uid`, `openid`, `cardid`, `username`, `community`, `address`, `level`, `email`, `score`, `sex`, `age`, `phone`, `ishere`, `gid`, `qrcode`, `locked`, `rid`) VALUES
	('2e36f9e9-125f-4534-b604-f048b73443b1', 'okNKU0fiV_pBElTmCtVdEbTPXEsU', '110102195108160468', '吕秀荣', NULL, '核桃园社区', NULL, NULL, '3', NULL, NULL, '65033032', 'T', '402881e95e99a212015e99a329970001', 'qrcode/7/12/2e36f9e9-125f-4534-b604-f048b73443b1.gif', 'F', NULL),
	('d1aa92ea-4849-471c-832f-b31b53c7479b', 'okNKU0Qdq6WC9bGO22gcp6tSCuJs', '110105195320131141', '赵杰敏', NULL, '农丰里7号楼6门203号', NULL, NULL, '2', NULL, NULL, '10370194786', 'T', '402881e95e99a212015e99a329970001', 'qrcode/15/3/d1aa92ea-4849-471c-832f-b31b53c7479b.gif', 'F', NULL),
	('e37891b7-8627-4f44-a41b-42e4e1fa633f', 'okNKU0VhKglvwJo6obAJ5c21YznY', '110105195404071135', '朱德良', NULL, '核桃园北里1-3-402号', NULL, NULL, '3', NULL, NULL, '13520308868', 'T', '402881e95e99a212015e99a329970001', 'qrcode/11/14/e37891b7-8627-4f44-a41b-42e4e1fa633f.gif', 'F', NULL),
	('5e3a36f2-2a0d-4811-9cb2-d160c09c1732', 'okNKU0T_ryQcVvguhsKxd-4YRk1c', '11010519440209112x', '商索英', NULL, '农丰里丨号柚5l0号', NULL, NULL, '2', NULL, NULL, NULL, 'T', '402881e95e99a212015e99a329970001', 'qrcode/7/9/5e3a36f2-2a0d-4811-9cb2-d160c09c1732.gif', 'F', NULL),
	('1d5acd40-1b76-48a0-9cd7-0e4aee9f163e', 'okNKU0Vb9EQtWTfteAyS3nVMd0Iw', 'admin', 'admin', NULL, 'admin', NULL, NULL, NULL, NULL, NULL, 'admin', 'T', '402881e95e99a212015e99a329a50002', 'qrcode/8/0/1d5acd40-1b76-48a0-9cd7-0e4aee9f163e.gif', 'F', '402881eb6086931701608693244c0000'),
	('cf87ed20-5fad-443b-99f2-24823bbd4b3d', 'okNKU0TSxMhbLKHdQAwngnI2PDdo', '110105194112251172', '贾云龙', NULL, '核桃园北里2一607号', NULL, NULL, '12', NULL, NULL, '65953431', 'T', '402881e95e99a212015e99a329970001', 'qrcode/10/7/cf87ed20-5fad-443b-99f2-24823bbd4b3d.gif', 'F', NULL),
	('834e4188-b908-43bc-95da-71127768cde7', 'okNKU0UDxsbIrwfjK9zByKw2sDsQ', NULL, NULL, NULL, NULL, NULL, NULL, NULL, NULL, NULL, NULL, 'T', '402881e95e99a212015e99a328fd0000', 'qrcode/1/6/834e4188-b908-43bc-95da-71127768cde7.gif', 'F', NULL),
	('f730ca43-f200-46e3-982c-dcb0c58a569d', 'okNKU0SuzzQY4Ye7DRT9lJb1Ss5Y', '11010319520405002x', '邢惠芷', NULL, '朝阳区核桃园北里10号楼1804室', NULL, NULL, '3', NULL, NULL, '18510520954', 'T', '402881e95e99a212015e99a329970001', 'qrcode/3/3/f730ca43-f200-46e3-982c-dcb0c58a569d.gif', 'F', NULL),
	('82c7143d-96b4-40da-8614-4d8feeb2e4ca', 'okNKU0XrzEJnxg1_K40EHS0YXFKM', '110105194206161119', '陈智行', NULL, '农丰里2楼，2门502', NULL, NULL, '3', NULL, NULL, '18910344136', 'T', '402881e95e99a212015e99a329970001', 'qrcode/6/6/82c7143d-96b4-40da-8614-4d8feeb2e4ca.gif', 'F', NULL),
	('272c307f-43b9-4ec8-bdf6-b080c561a8c8', 'okNKU0WAOpmS_PEusFm2pJh9Ep1s', '110108197512060423', '金玉', NULL, '核桃园社区主任', NULL, NULL, NULL, NULL, NULL, NULL, 'T', '402881e95e99a212015e99a329a50002', 'qrcode/15/3/272c307f-43b9-4ec8-bdf6-b080c561a8c8.gif', 'F', '402881eb6086931701608693244c0000'),
	('31dc7b22-9e5c-4d51-8822-9896a9df4261', 'okNKU0UHRBT44fkVBG4WTJy1cb6g', '110102196106131123', '史红卫', NULL, '农丰里1-4-412', NULL, NULL, '2', NULL, NULL, '13661169741', 'T', '402881e95e99a212015e99a329970001', 'qrcode/9/0/31dc7b22-9e5c-4d51-8822-9896a9df4261.gif', 'F', NULL),
	('b9348d05-8b07-4e35-9d9b-bd8f7ecbfab3', 'okNKU0Xi_SzdNHg1LJEqd898cQ3U', '110105195709165845', '张力安', NULL, '农丰里1楼5单元305号', NULL, NULL, '3', NULL, NULL, '13718110344', 'T', '402881e95e99a212015e99a329970001', 'qrcode/0/0/b9348d05-8b07-4e35-9d9b-bd8f7ecbfab3.gif', 'F', NULL),
	('8cfb6ac6-d317-439e-90f2-3dff671437d0', 'okNKU0aq64CUxHv0g4AGyOk5JwTw', '', NULL, NULL, '', NULL, NULL, NULL, NULL, NULL, NULL, 'T', '402881e95e99a212015e99a328fd0000', 'qrcode/13/1/8cfb6ac6-d317-439e-90f2-3dff671437d0.gif', 'F', NULL),
	('ab02baf3-993f-4c3c-8a48-1e58e05a79f3', 'okNKU0ZUqWwgcWLwxlyMG47ESdXw', '110105195503251221', '耿文香', NULL, '核桃园北里2号楼101', NULL, NULL, '2', NULL, NULL, '13691112690', 'T', '402881e95e99a212015e99a329970001', 'qrcode/11/6/ab02baf3-993f-4c3c-8a48-1e58e05a79f3.gif', 'F', NULL),
	('59a17ac6-d56f-4ca3-b06f-381fba3a84ea', 'okNKU0TyZoZgWU863ZQ1-1jP9pMc', '612327195008040010', '崔振国', NULL, '核桃园北里甲3一1908', NULL, NULL, '1', NULL, NULL, '15611065741', 'T', '402881e95e99a212015e99a329970001', 'qrcode/2/7/59a17ac6-d56f-4ca3-b06f-381fba3a84ea.gif', 'F', NULL),
	('4710879b-0db7-4118-963b-b3e01cf5a3b4', 'okNKU0VxmUAe8go4xG9BFOaZ0SYI', '110227199003170070', '窦鹏', NULL, '北京', NULL, NULL, NULL, NULL, NULL, '15001252837', 'T', '402881e95e99a212015e99a329a50002', 'qrcode/10/5/4710879b-0db7-4118-963b-b3e01cf5a3b4.gif', 'F', '402881eb6086931701608693244c0000'),
	('0887ea9c-69ea-4e52-8a31-c265697f6515', 'okNKU0XTJrkci_xdiibUpDcN9G9I', NULL, NULL, NULL, NULL, NULL, NULL, NULL, NULL, NULL, NULL, 'T', '402881e95e99a212015e99a328fd0000', 'qrcode/8/11/0887ea9c-69ea-4e52-8a31-c265697f6515.gif', 'F', NULL),
	('6eab3b70-914e-48cc-8ea3-81fd266988bf', 'okNKU0cIXNJ3_EgYyVNX59m7AG4U', NULL, NULL, NULL, NULL, NULL, NULL, NULL, NULL, NULL, NULL, 'F', '402881e95e99a212015e99a328fd0000', 'qrcode/6/15/6eab3b70-914e-48cc-8ea3-81fd266988bf.gif', 'F', NULL),
	('f19ef8db-f399-42d8-834b-72f5ef6d1b24', NULL, '110105193703041121', '姜学凤', NULL, '农丰里7-3-401', NULL, NULL, '1', NULL, NULL, NULL, 'F', '402881e95e99a212015e99a329970001', 'qrcode/15/2/f19ef8db-f399-42d8-834b-72f5ef6d1b24.gif', 'F', NULL),
	('128b6602-4806-4c71-b0b5-b2b574253971', NULL, '150202195003031208', '崔毅', NULL, '农丰里3-3-306', NULL, NULL, '1', NULL, NULL, NULL, 'F', '402881e95e99a212015e99a329970001', 'qrcode/14/8/128b6602-4806-4c71-b0b5-b2b574253971.gif', 'F', NULL),
	('0ac21c6e-fbc8-4b9f-9d87-027bd4f21a86', 'okNKU0Z3ipwOVnsjU30VVRor97iM', '110105195907211144', '夏俊荣', NULL, '农丰里51号', NULL, NULL, '4', NULL, NULL, '13522195680', 'T', '402881e95e99a212015e99a329970001', 'qrcode/8/11/0ac21c6e-fbc8-4b9f-9d87-027bd4f21a86.gif', 'F', NULL),
	('cfa06f32-cc1d-4b8b-b9b8-9eb0ce46fa17', 'okNKU0RFwpxhmxB2UZ3Zotuc33Ow', '110105031015411', '刘淑荣', NULL, '核桃园北里三楼三门302', NULL, NULL, '4', NULL, NULL, '15011396593', 'T', '402881e95e99a212015e99a329970001', 'qrcode/8/7/cfa06f32-cc1d-4b8b-b9b8-9eb0ce46fa17.gif', 'F', NULL),
	('4207620f-f896-4066-9cf4-21b5bd3d3bfc', 'okNKU0UZ-IFAB4jmkWRUbfi8GHiU', '110105195101075403', '关玉琴', NULL, '北京朝阳核桃园北里甲3楼1401', NULL, NULL, '2', NULL, NULL, '13693123811', 'T', '402881e95e99a212015e99a329970001', 'qrcode/13/15/4207620f-f896-4066-9cf4-21b5bd3d3bfc.gif', 'F', NULL),
	('d1e550da-1490-47b3-af08-aa5c0fdfffb8', 'okNKU0bs9lwNiKanY-taDsasOoQY', '110102194312181528', '林兰田', NULL, '核桃园北里10号楼12O3', NULL, NULL, '3', NULL, NULL, '15601125539', 'T', '402881e95e99a212015e99a329970001', 'qrcode/14/5/d1e550da-1490-47b3-af08-aa5c0fdfffb8.gif', 'F', NULL),
	('5f935d1d-935f-4a43-9dc3-67cd220af34d', 'okNKU0VLbiv-jZiSLupCs3t24Vvg', '2一11O1', '杜雪冬 ', NULL, '核桃园北里2号楼1101', NULL, NULL, '2', NULL, NULL, '65929172', 'T', '402881e95e99a212015e99a329970001', 'qrcode/3/6/5f935d1d-935f-4a43-9dc3-67cd220af34d.gif', 'F', NULL),
	('6a2da71e-e94d-4db7-9e11-54819733dc35', 'okNKU0SWXX2-sieTQDBmhHqzXE9I', '110', '刘秀琴', NULL, '核桃园北里2', NULL, NULL, '2', NULL, NULL, '13510805779', 'T', '402881e95e99a212015e99a329970001', 'qrcode/3/9/6a2da71e-e94d-4db7-9e11-54819733dc35.gif', 'F', NULL),
	('8e262a29-9e60-47e4-85bd-b73110985279', 'okNKU0dHfGfkAh9w5QRdS0rvdpTI', '110101196002044547', '张筱艳', NULL, '农丰里2号楼5门206', NULL, NULL, '3', NULL, NULL, '136661171176', 'T', '402881e95e99a212015e99a329970001', 'qrcode/4/10/8e262a29-9e60-47e4-85bd-b73110985279.gif', 'F', NULL),
	('29cd12ef-d2e4-4ff4-8c8f-c4440735cea9', 'okNKU0W1ZxceQrhtQCwTr7bRxfwY', '122', '王淑媛', NULL, '核桃园社区', NULL, NULL, '3', NULL, NULL, '13167549703', 'T', '402881e95e99a212015e99a329970001', 'qrcode/8/0/29cd12ef-d2e4-4ff4-8c8f-c4440735cea9.gif', 'F', NULL),
	('f59e4134-b7b6-44bc-8798-2901d758a39e', 'okNKU0X0bUaNybpckpA7ofkK0j1I', '110102195704111523', '杨心颖', NULL, '核桃园北里11楼4门301', NULL, NULL, '2', NULL, NULL, '13693587136', 'T', '402881e95e99a212015e99a329970001', 'qrcode/15/4/f59e4134-b7b6-44bc-8798-2901d758a39e.gif', 'F', NULL),
	('e7430123-6882-46ba-b6a9-15f8b3dc720f', 'okNKU0V0lDTgVwDIMOZP4tY81uiY', '12345', '张志敏', NULL, '核桃园社区', NULL, NULL, '3', NULL, NULL, '15801130856', 'T', '402881e95e99a212015e99a329970001', 'qrcode/3/12/e7430123-6882-46ba-b6a9-15f8b3dc720f.gif', 'F', NULL),
	('8a0de253-763d-4d41-969c-2387c65c1524', 'okNKU0QLL1WBZ1D2KNlI4TQ6Its8', '110105195108101125', '白彩云', NULL, '核桃园社区', NULL, NULL, '3', NULL, NULL, '13681236131', 'T', '402881e95e99a212015e99a329970001', 'qrcode/5/4/8a0de253-763d-4d41-969c-2387c65c1524.gif', 'F', NULL),
	('709cc325-5fe4-4ae9-a19d-f4427df7d49f', 'okNKU0akrN4_AG8_xZwR5DX8XE1M', '120103194205086427', '董安琪', NULL, '朝阳区东大桥农丰里6号楼1403', NULL, NULL, '2', NULL, NULL, '13269151180', 'T', '402881e95e99a212015e99a329970001', 'qrcode/3/14/709cc325-5fe4-4ae9-a19d-f4427df7d49f.gif', 'F', NULL),
	('6b31d983-299f-4470-a2d3-de7a474b4f7c', NULL, '110', '李华', NULL, '空', NULL, NULL, NULL, NULL, NULL, NULL, 'F', '402881e95e99a212015e99a329970001', 'qrcode/9/13/6b31d983-299f-4470-a2d3-de7a474b4f7c.gif', 'F', NULL),
	('5330128f-6d9a-462c-9e6b-383565c9e498', NULL, '110', '韩连生', NULL, '空', NULL, NULL, '1', NULL, NULL, NULL, 'F', '402881e95e99a212015e99a329970001', 'qrcode/9/5/5330128f-6d9a-462c-9e6b-383565c9e498.gif', 'F', NULL),
	('a2fa2446-a251-4dc0-be6d-db76ef34034c', NULL, '110', '胡殿俊', NULL, '空', NULL, NULL, '1', NULL, NULL, NULL, 'F', '402881e95e99a212015e99a329970001', 'qrcode/0/6/a2fa2446-a251-4dc0-be6d-db76ef34034c.gif', 'F', NULL),
	('fc7a70d3-0a28-4f3f-bed2-3713a3256cf3', NULL, '11010519501027', '杨健美', NULL, '农丰里4-1-617', NULL, NULL, '1', NULL, NULL, NULL, 'F', '402881e95e99a212015e99a329970001', 'qrcode/1/14/fc7a70d3-0a28-4f3f-bed2-3713a3256cf3.gif', 'F', NULL),
	('4398c75c-3f17-4ff9-9ab7-8095f23ada17', NULL, '110', '刘凤英', NULL, '空', NULL, NULL, NULL, NULL, NULL, NULL, 'F', '402881e95e99a212015e99a329970001', 'qrcode/0/14/4398c75c-3f17-4ff9-9ab7-8095f23ada17.gif', 'F', NULL),
	('5952111d-ad12-4246-a9e1-f03341d41866', NULL, '110', '王运兰', NULL, '空', NULL, NULL, NULL, NULL, NULL, NULL, 'F', '402881e95e99a212015e99a329970001', 'qrcode/10/10/5952111d-ad12-4246-a9e1-f03341d41866.gif', 'F', NULL),
	('eb251f05-7e08-4517-a9d4-fe9109e9290e', NULL, '110', '左俊英', NULL, '空', NULL, NULL, '1', NULL, NULL, NULL, 'F', '402881e95e99a212015e99a329970001', 'qrcode/3/9/eb251f05-7e08-4517-a9d4-fe9109e9290e.gif', 'F', NULL),
	('f769c73d-17a4-489e-991d-59289e9458ad', NULL, '110', '刑惠芷', NULL, '空', NULL, NULL, NULL, NULL, NULL, NULL, 'F', '402881e95e99a212015e99a329970001', 'qrcode/4/15/f769c73d-17a4-489e-991d-59289e9458ad.gif', 'F', NULL),
	('babc3546-d755-4f31-afcc-694c0fabff02', NULL, '110', '杜玉才', NULL, '空', NULL, NULL, '1', NULL, NULL, NULL, 'F', '402881e95e99a212015e99a329970001', 'qrcode/7/0/babc3546-d755-4f31-afcc-694c0fabff02.gif', 'F', NULL),
	('3d50c71b-0429-484d-afd2-b20bbd424df3', NULL, '110', '张润铮', NULL, '空', NULL, NULL, '1', NULL, NULL, NULL, 'F', '402881e95e99a212015e99a329970001', 'qrcode/6/2/3d50c71b-0429-484d-afd2-b20bbd424df3.gif', 'F', NULL),
	('b1697fd9-0c83-423c-ad2e-abe619ddfe86', NULL, '110', '郑若敏', NULL, '空', NULL, NULL, '1', NULL, NULL, NULL, 'F', '402881e95e99a212015e99a329970001', 'qrcode/7/11/b1697fd9-0c83-423c-ad2e-abe619ddfe86.gif', 'F', NULL),
	('c66e2a52-36d7-4e94-8b4a-88d4a4eaf778', NULL, '110', '张玉琴', NULL, '空', NULL, NULL, NULL, NULL, NULL, NULL, 'F', '402881e95e99a212015e99a329970001', 'qrcode/14/9/c66e2a52-36d7-4e94-8b4a-88d4a4eaf778.gif', 'F', NULL),
	('bcd5bef7-e117-406b-9877-4d53f420d874', 'okNKU0TibRZIRfrGa9__mvz9T090', '110', '孔德海', NULL, '核桃园北里二号楼1301', NULL, NULL, '1', NULL, NULL, '13717979912', 'T', '402881e95e99a212015e99a329970001', 'qrcode/8/11/7cde4363-447c-4f9b-9792-b05d67b6e90a.gif', 'F', NULL),
	('0af91a88-60a9-4090-b777-ae948fd31a83', 'okNKU0chaMzwUVKt-EwPEGekl2BQ', '110', '谷金凤', NULL, '核桃园北里甲3号', NULL, NULL, '0', NULL, NULL, '18010406615', 'T', '402881e95e99a212015e99a329970001', 'qrcode/11/11/0b3d0c52-2324-466e-91f9-aa47c1ecd736.gif', 'F', NULL),
	('c38dc352-e5c3-4384-9c0b-351ba0e1e1bb', 'okNKU0TJydJj-SkosmBm1bUhzros', '110', '郑若敏', NULL, '核桃园28号院', NULL, NULL, '0', NULL, NULL, '13552977819', 'T', '402881e95e99a212015e99a329970001', 'qrcode/2/12/c38dc352-e5c3-4384-9c0b-351ba0e1e1bb.gif', 'F', NULL),
	('bb1f7103-aed7-47c8-af76-8affe7f123b0', 'okNKU0XOwUnyBNSsDZV0gMVvycbM', '110105', '王金玲', NULL, '北里10-103', NULL, NULL, '1', NULL, NULL, '65061163', 'T', '402881e95e99a212015e99a329970001', 'qrcode/10/14/7314e1c5-7bdb-4532-a181-8af2f1c84afc.gif', 'F', NULL),
	('e8c30522-1835-4adf-a534-f76f7fa1ad40', 'okNKU0Rl1Gs1ffH7sO8_yTfQoOYc', '110', '刘巧花', NULL, '核桃园北里12-5-001', NULL, NULL, '0', NULL, NULL, '15201528596', 'T', '402881e95e99a212015e99a329970001', 'qrcode/8/9/e8c30522-1835-4adf-a534-f76f7fa1ad40.gif', 'F', NULL),
	('e57728ff-443a-445d-9014-ddec79489d6c', 'okNKU0bvh1A5di9V-HdXDQLY9N0U', '110', '小刘', NULL, '北京市', NULL, NULL, NULL, NULL, NULL, '18301142627', 'T', '402881e95e99a212015e99a329970001', 'qrcode/9/1/e57728ff-443a-445d-9014-ddec79489d6c.gif', 'F', '402881e960b703400160b71266cb0017'),
	('af2af36e-4f7a-47e2-80c6-de2f8ef251ff', 'okNKU0QGqaqLrjTaE5-0cM5I6mR8', '110', '小春', NULL, '北京市', NULL, NULL, NULL, NULL, NULL, '13621109645', 'T', '402881e95e99a212015e99a329a50002', 'qrcode/3/0/af2af36e-4f7a-47e2-80c6-de2f8ef251ff.gif', 'F', '402881e960b981a30160b98566f00000'),
	('d2475927-db04-46ae-b1a2-b6ac28deb640', 'okNKU0UP8iF-4T-FX9AFHvC2B9Y0', '341223199112122527', '张玉飞', NULL, '北京市石景山区鲁谷街道六合园北社区', NULL, NULL, NULL, NULL, NULL, '15120013386', 'T', '402881e95e99a212015e99a328fd0000', 'qrcode/11/10/d2475927-db04-46ae-b1a2-b6ac28deb640.gif', 'F', '402881e960b703400160b71266cb0017'),
	('16164c9b-e148-4126-8b2e-8bb286bcc6b1', 'okNKU0Xg1ExrUYQf1b6JcthTE4LA', '1158742669365786', '白小丽', NULL, '古城', NULL, NULL, '0', NULL, NULL, '52858111', 'T', '402881e95e99a212015e99a328fd0000', 'qrcode/1/5/16164c9b-e148-4126-8b2e-8bb286bcc6b1.gif', 'F', NULL),
	('06f2d58f-d400-4f80-bae7-73bb5f367dc7', 'okNKU0XY_VuclmLHwU74qtylDXeA', NULL, NULL, NULL, NULL, NULL, NULL, NULL, NULL, NULL, NULL, 'T', '402881e95e99a212015e99a328fd0000', 'qrcode/11/2/06f2d58f-d400-4f80-bae7-73bb5f367dc7.gif', 'F', NULL);
/*!40000 ALTER TABLE `user` ENABLE KEYS */;

-- 正在导出表  weixin.ware 的数据：1 rows
/*!40000 ALTER TABLE `ware` DISABLE KEYS */;
INSERT IGNORE INTO `ware` (`wid`, `wname`, `qrcodeUrl`, `imageUrl`, `surplus`, `core`, `total`) VALUES
	('e6b461fa-1feb-46b5-b2f8-dc026e266500', '结项台历', 'qrcode/13/6/e6b461fa-1feb-46b5-b2f8-dc026e266500.gif', NULL, '31', '1', '19');
/*!40000 ALTER TABLE `ware` ENABLE KEYS */;
/*!40101 SET SQL_MODE=IFNULL(@OLD_SQL_MODE, '') */;
/*!40014 SET FOREIGN_KEY_CHECKS=IF(@OLD_FOREIGN_KEY_CHECKS IS NULL, 1, @OLD_FOREIGN_KEY_CHECKS) */;
/*!40101 SET CHARACTER_SET_CLIENT=@OLD_CHARACTER_SET_CLIENT */;
