-- --------------------------------------------------------
-- 主机:                           127.0.0.1
-- 服务器版本:                        5.0.18-nt - MySQL Community Edition (GPL)
-- 服务器操作系统:                      Win32
-- HeidiSQL 版本:                  9.2.0.4947
-- --------------------------------------------------------

/*!40101 SET @OLD_CHARACTER_SET_CLIENT=@@CHARACTER_SET_CLIENT */;
/*!40101 SET NAMES utf8 */;
/*!40014 SET @OLD_FOREIGN_KEY_CHECKS=@@FOREIGN_KEY_CHECKS, FOREIGN_KEY_CHECKS=0 */;
/*!40101 SET @OLD_SQL_MODE=@@SQL_MODE, SQL_MODE='NO_AUTO_VALUE_ON_ZERO' */;
-- 正在导出表  weixin.activity 的数据：4 rows
/*!40000 ALTER TABLE `activity` DISABLE KEYS */;
INSERT INTO `activity` (`aid`, `type`, `activityType`, `baoMingUplimit`, `activityBeginTime`, `activityEndTime`, `baoMingBeginTime`, `baoMingEndTime`, `score`, `qrcodeUrl`, `name`, `description`, `state`, `synchronize`, `needSignin`, `pid`, `hid`, `geoid`, `index4project`, `index4geo`, `index4house`) VALUES
	('56765613-2d23-4c25-a36f-e56d2be4a707', '1', '2', -1, 1559203200000, 1559206800000, 1559117949226, 1559145600000, 1, 'qrcode\\10\\11\\56765613-2d23-4c25-a36f-e56d2be4a707.gif', '测试活动', '测试活动', '已完成', b'0', b'0', '402881e86b027526016b027af984000a', '402881e86b027526016b02a0abd30029', NULL, 0, NULL, 0),
	('33ec7494-eb62-419e-8d9a-a86b321a7f06', '1', '2', -1, 1559784600000, 1559788200000, 1559180274885, 1559664000000, 2, 'qrcode\\9\\15\\33ec7494-eb62-419e-8d9a-a86b321a7f06.gif', '手机课堂二期二次课', '手机大课堂第二期第二次课程活动', '已完成', b'0', b'1', '402881e86b027526016b02925803001a', '402881e86b027526016b0293f1ad001d', NULL, 0, NULL, 0),
	('127ee7ac-d7e5-47d9-a03f-6c5c99fbd7ed', '1', '2', -1, 1560389400000, 1560393000000, 1560348405968, 1560355200000, 2, 'qrcode\\15\\15\\127ee7ac-d7e5-47d9-a03f-6c5c99fbd7ed.gif', '智慧养老手机大课堂第二期第三次课程', '智慧养老手机大课堂第二期第三次课程', '已完成', b'1', b'1', '402881e86b027526016b02925803001a', '402881e86b027526016b0293f1ad001d', NULL, 1, NULL, 1),
	('3f1d2a05-5998-45ac-b74a-a39a28292cfb', '1', '2', -1, 1560992400000, 1560999600000, 1560914571494, 1560960000000, 1, 'qrcode\\12\\8\\3f1d2a05-5998-45ac-b74a-a39a28292cfb.gif', '讲座', '讲座', '筹备中', b'0', b'1', '402881e86b027526016b02925803001a', '402881e86b027526016b0293f1ad001d', NULL, 2, NULL, 2);
/*!40000 ALTER TABLE `activity` ENABLE KEYS */;

-- 正在导出表  weixin.approve4userjoinlevel 的数据：19 rows
/*!40000 ALTER TABLE `approve4userjoinlevel` DISABLE KEYS */;
INSERT INTO `approve4userjoinlevel` (`a4ujlid`, `timeStr`, `timeStamp`, `beread`, `tag`, `lid`) VALUES
	('402881e86b027526016b0290eb9d0017', '2019-05-29 15:49:57', 1559116197672, b'0', 'zero', '484f5415-0ba0-4fc5-ac04-7b2e7d28ab20'),
	('402881e86b027526016b02957bd2001e', '2019-05-29 15:54:54', 1559116494674, b'0', 'minus_first', '1dd3edcf-cdab-4cd0-b296-8875e6769911'),
	('402881e86b027526016b0298db7d0022', '2019-05-29 15:58:35', 1559116715625, b'0', 'minus_first', '21104932-ca4d-4368-952b-810f0720ddb6'),
	('402881e86b027526016b029faf330026', '2019-05-29 16:06:07', 1559117167615, b'0', 'zero', '98ce96cb-3409-4f35-b59d-9eb8c179e02f'),
	('402881e86b05d374016b06722abd000b', '2019-05-30 10:00:49', 1559181649049, b'0', 'first', 'bb6ca25f-6f1d-40d0-b68c-564e45f595ca'),
	('402881e86b05d374016b0672cbbb000c', '2019-05-30 10:01:00', 1559181660370, b'0', 'first', 'bb6ca25f-6f1d-40d0-b68c-564e45f595ca'),
	('402881e86b05d374016b0672f9cd000d', '2019-05-30 10:01:10', 1559181670337, b'0', 'first', 'bb6ca25f-6f1d-40d0-b68c-564e45f595ca'),
	('402881e86b05d374016b06731da6000e', '2019-05-30 10:01:19', 1559181679423, b'0', 'first', 'bb6ca25f-6f1d-40d0-b68c-564e45f595ca'),
	('402881e86b05d374016b067403df000f', '2019-05-30 10:01:29', 1559181689590, b'0', 'first', 'bb6ca25f-6f1d-40d0-b68c-564e45f595ca'),
	('402881e86b05d374016b06749c780010', '2019-05-30 10:01:39', 1559181699157, b'0', 'first', 'bb6ca25f-6f1d-40d0-b68c-564e45f595ca'),
	('402881e86b05d374016b0675321b0011', '2019-05-30 10:02:10', 1559181730995, b'0', 'first', 'bb6ca25f-6f1d-40d0-b68c-564e45f595ca'),
	('402881e86b05d374016b067567b90012', '2019-05-30 10:02:03', 1559181723778, b'0', 'first', 'bb6ca25f-6f1d-40d0-b68c-564e45f595ca'),
	('402881e86b05d374016b06759c670013', '2019-05-30 10:01:56', 1559181716451, b'0', 'first', 'bb6ca25f-6f1d-40d0-b68c-564e45f595ca'),
	('402881e86b05d374016b0675c5f50014', '2019-05-30 10:01:48', 1559181708548, b'0', 'first', 'bb6ca25f-6f1d-40d0-b68c-564e45f595ca'),
	('402881e86b05d374016b0679f6d10029', '2019-05-30 10:03:33', 1559181813491, b'0', 'first', 'bb6ca25f-6f1d-40d0-b68c-564e45f595ca'),
	('402881e86b29c6b8016b2a6878680004', '2019-06-06 15:40:17', 1559806817815, b'0', 'first', 'bb6ca25f-6f1d-40d0-b68c-564e45f595ca'),
	('402881e86b29c6b8016b2a6a81da0005', '2019-06-06 15:40:33', 1559806833559, b'0', 'first', 'bb6ca25f-6f1d-40d0-b68c-564e45f595ca'),
	('402809816b46cc65016b46d1ccd70000', '2019-06-11 21:55:07', 1560261307064, b'0', 'first', 'bb6ca25f-6f1d-40d0-b68c-564e45f595ca'),
	('402809816b4db5f3016b493db0360000', '2019-06-12 09:12:59', 1560301979158, b'0', 'first', 'bb6ca25f-6f1d-40d0-b68c-564e45f595ca');
/*!40000 ALTER TABLE `approve4userjoinlevel` ENABLE KEYS */;

-- 正在导出表  weixin.article 的数据：7 rows
/*!40000 ALTER TABLE `article` DISABLE KEYS */;
INSERT INTO `article` (`artid`, `content`, `title`, `readingNum`, `forwardingNum`) VALUES
	('56765613-2d23-4c25-a36f-e56d2be4a707', '这是一篇活动记录表的主题内容', '活动记录表', 0, 0),
	('33ec7494-eb62-419e-8d9a-a86b321a7f06', '第二期第二次课程开始了\n大家都在兴致勃勃的积极学习', '活动受到大家的广泛欢迎', 0, 0),
	('be34eceb-c9bd-42b4-8589-09143eaf8b91', '123', '123', 0, 0),
	('c5dcecbd-34d3-40de-856b-e43eedf50130', '', '', 0, 0),
	('c5bb1b4a-9426-4a9e-a809-45284a8dd889', '', '', 0, 0),
	('127ee7ac-d7e5-47d9-a03f-6c5c99fbd7ed', '活动过程记录', '第二期第三次手机大课堂', 0, 0),
	('3f1d2a05-5998-45ac-b74a-a39a28292cfb', '', '', 0, 0);
/*!40000 ALTER TABLE `article` ENABLE KEYS */;

-- 正在导出表  weixin.articlephoto 的数据：8 rows
/*!40000 ALTER TABLE `articlephoto` DISABLE KEYS */;
INSERT INTO `articlephoto` (`apid`, `description`, `path`, `artid`, `index4article`) VALUES
	('83b2e580-60c0-4d2f-b311-3413b9dffe9b', '', 'upload/3/6/1559118657441.jpg', '56765613-2d23-4c25-a36f-e56d2be4a707', 0),
	('c88bf040-aef7-4b7d-9158-f7cdc332adad', '', 'upload/7/7/1559916769761.jpg', '33ec7494-eb62-419e-8d9a-a86b321a7f06', 0),
	('978d7836-e7fd-4f7e-b32a-0a5291b524c7', '', 'upload/13/8/1559916778571.jpg', '33ec7494-eb62-419e-8d9a-a86b321a7f06', 1),
	('6a575c0d-bfa6-499e-9c66-c049ff62b69e', '', 'upload/11/8/1559916787109.jpg', '33ec7494-eb62-419e-8d9a-a86b321a7f06', 2),
	('aacf1ddd-135f-45f5-abe9-69996a36a8be', '', 'upload/9/4/1560907559617.jpg', '127ee7ac-d7e5-47d9-a03f-6c5c99fbd7ed', 0),
	('df979172-0cd4-421d-8eda-289f111e5a3b', '', 'upload/9/7/1560907572079.jpg', '127ee7ac-d7e5-47d9-a03f-6c5c99fbd7ed', 1),
	('d55195e7-894c-446a-9705-aaa6cfd3ac60', '', 'upload/6/5/1560909049045.jpg', '127ee7ac-d7e5-47d9-a03f-6c5c99fbd7ed', 2),
	('fcdbab41-a646-4607-8d60-0670bf863120', '', 'upload/2/14/1560909059782.jpg', '127ee7ac-d7e5-47d9-a03f-6c5c99fbd7ed', 3);
/*!40000 ALTER TABLE `articlephoto` ENABLE KEYS */;

-- 正在导出表  weixin.basesetting 的数据：1 rows
/*!40000 ALTER TABLE `basesetting` DISABLE KEYS */;
INSERT INTO `basesetting` (`settingid`, `needJoinApply`, `tag`, `lid`) VALUES
	('402809816b6b104e016b6b173b870000', 'no', 'first', 'bb6ca25f-6f1d-40d0-b68c-564e45f595ca');
/*!40000 ALTER TABLE `basesetting` ENABLE KEYS */;

-- 正在导出表  weixin.besureproject 的数据：7 rows
/*!40000 ALTER TABLE `besureproject` DISABLE KEYS */;
INSERT INTO `besureproject` (`bpid`, `name`, `description`, `ptid`, `state`, `examinedTime`, `commitTime`, `updateNum`, `startTime`, `endTime`, `activityTotal`, `mflid`, `zid`, `flid`, `scid`, `thid`, `filePath`, `laborCost`, `purchaseCost`) VALUES
	('402881e86b027526016b02787f810001', '默认项目', '用作呼家楼街道层级对象默认使用的确认项目对象', '402881e466d26ccd0166d26cf4960002', NULL, 0, 1559114579564, 0, 0, 0, 0, 'f6f395aa-ab1b-4e53-9716-1e5efcb11147', NULL, NULL, NULL, NULL, NULL, 0, 0),
	('402881e86b027526016b02790c620003', '默认项目', '用作老山街道层级对象默认使用的确认项目对象', '402881e466d26ccd0166d26cf4960002', NULL, 0, 1559114615904, 0, 0, 0, 0, '1dd3edcf-cdab-4cd0-b296-8875e6769911', NULL, NULL, NULL, NULL, NULL, 0, 0),
	('402881e86b027526016b0279b9550005', '默认项目', '用作东里南社区层级对象默认使用的确认项目对象', '402881e466d26ccd0166d26cf4960002', NULL, 0, 1559114660178, 0, 0, 0, 0, '1dd3edcf-cdab-4cd0-b296-8875e6769911', NULL, NULL, NULL, NULL, NULL, 0, 0),
	('402881e86b027526016b027a6cdb0007', '默认项目', '用作核桃园社区层级对象默认使用的确认项目对象', '402881e466d26ccd0166d26cf4960002', NULL, 0, 1559114706135, 0, 0, 0, 0, 'f6f395aa-ab1b-4e53-9716-1e5efcb11147', NULL, NULL, NULL, NULL, NULL, 0, 0),
	('402881e86b027526016b027ac3930009', '默认项目', '用作苹果园街道层级对象默认使用的确认项目对象', '402881e466d26ccd0166d26cf4960002', NULL, 0, 1559114728337, 0, 0, 0, 0, '21104932-ca4d-4368-952b-810f0720ddb6', NULL, NULL, NULL, NULL, NULL, 0, 0),
	('402881e86b027526016b027af984000b', '默认项目', '用作边府社区层级对象默认使用的确认项目对象', '402881e466d26ccd0166d26cf4960002', NULL, 0, 1559114742144, 0, 0, 0, 0, '21104932-ca4d-4368-952b-810f0720ddb6', NULL, NULL, NULL, NULL, NULL, 0, 0),
	('402881e86b027526016b02925803001b', '默认项目', '用作“智慧养老”大课堂层级对象默认使用的确认项目对象', '402881e466d26ccd0166d26cf4960002', NULL, 0, 1559116273628, 0, 0, 0, 0, '1dd3edcf-cdab-4cd0-b296-8875e6769911', '484f5415-0ba0-4fc5-ac04-7b2e7d28ab20', 'bb6ca25f-6f1d-40d0-b68c-564e45f595ca', NULL, NULL, NULL, 0, 0);
/*!40000 ALTER TABLE `besureproject` ENABLE KEYS */;

-- 正在导出表  weixin.doingproject 的数据：7 rows
/*!40000 ALTER TABLE `doingproject` DISABLE KEYS */;
INSERT INTO `doingproject` (`dpid`, `laborCost`, `lastLaborCost`, `bpid`, `mflid`, `zid`, `flid`, `scid`, `thid`) VALUES
	('402881e86b027526016b02787f810000', 0, 0, '402881e86b027526016b02787f810001', 'f6f395aa-ab1b-4e53-9716-1e5efcb11147', NULL, NULL, NULL, NULL),
	('402881e86b027526016b02790c620002', 0, 0, '402881e86b027526016b02790c620003', '1dd3edcf-cdab-4cd0-b296-8875e6769911', NULL, NULL, NULL, NULL),
	('402881e86b027526016b0279b9550004', 0, 0, '402881e86b027526016b0279b9550005', '1dd3edcf-cdab-4cd0-b296-8875e6769911', '484f5415-0ba0-4fc5-ac04-7b2e7d28ab20', NULL, NULL, NULL),
	('402881e86b027526016b027a6cda0006', 0, 0, '402881e86b027526016b027a6cdb0007', 'f6f395aa-ab1b-4e53-9716-1e5efcb11147', '0cd04190-4c76-434d-8747-92936fbf87a0', NULL, NULL, NULL),
	('402881e86b027526016b027ac3930008', 0, 0, '402881e86b027526016b027ac3930009', '21104932-ca4d-4368-952b-810f0720ddb6', NULL, NULL, NULL, NULL),
	('402881e86b027526016b027af984000a', 0, 0, '402881e86b027526016b027af984000b', '21104932-ca4d-4368-952b-810f0720ddb6', '98ce96cb-3409-4f35-b59d-9eb8c179e02f', NULL, NULL, NULL),
	('402881e86b027526016b02925803001a', 0, 0, '402881e86b027526016b02925803001b', '1dd3edcf-cdab-4cd0-b296-8875e6769911', '484f5415-0ba0-4fc5-ac04-7b2e7d28ab20', 'bb6ca25f-6f1d-40d0-b68c-564e45f595ca', NULL, NULL);
/*!40000 ALTER TABLE `doingproject` ENABLE KEYS */;

-- 正在导出表  weixin.exchange 的数据：0 rows
/*!40000 ALTER TABLE `exchange` DISABLE KEYS */;
/*!40000 ALTER TABLE `exchange` ENABLE KEYS */;

-- 正在导出表  weixin.firstlevel 的数据：1 rows
/*!40000 ALTER TABLE `firstlevel` DISABLE KEYS */;
INSERT INTO `firstlevel` (`flid`, `name`, `description`, `level`, `qrcode`, `qrcodeTime`, `zid`) VALUES
	('bb6ca25f-6f1d-40d0-b68c-564e45f595ca', '“智慧养老”大课堂', '“智慧养老”大课堂', 1, 'qrcode\\0\\4\\tag=first&lid=bb6ca25f-6f1d-40d0-b68c-564e45f595ca.gif', 1559116273579, '484f5415-0ba0-4fc5-ac04-7b2e7d28ab20');
/*!40000 ALTER TABLE `firstlevel` ENABLE KEYS */;

-- 正在导出表  weixin.fourthlevel 的数据：0 rows
/*!40000 ALTER TABLE `fourthlevel` DISABLE KEYS */;
/*!40000 ALTER TABLE `fourthlevel` ENABLE KEYS */;

-- 正在导出表  weixin.geographic 的数据：0 rows
/*!40000 ALTER TABLE `geographic` DISABLE KEYS */;
/*!40000 ALTER TABLE `geographic` ENABLE KEYS */;

-- 正在导出表  weixin.grouping 的数据：10 rows
/*!40000 ALTER TABLE `grouping` DISABLE KEYS */;
INSERT INTO `grouping` (`gid`, `groupName`, `description`, `logoPath`, `tag`, `tagid`) VALUES
	('402881e466d21e480166d21e80e00000', '第四级', NULL, NULL, 'fourth', 0),
	('402881e466d21e480166d21e81360001', '社区基金会', NULL, NULL, 'money', 0),
	('402881e466d21e480166d21e813a0002', '未认证', NULL, NULL, 'unreal', 0),
	('402881e466d21e480166d21e81560003', '第二级', NULL, NULL, 'second', 0),
	('402881e466d21e480166d21e81590004', '街道级', NULL, NULL, 'minus_first', 0),
	('402881e466d21e480166d21e815e0005', '第一级', NULL, NULL, 'first', 0),
	('402881e466d21e480166d21e81b30006', '普通认证用户', NULL, NULL, 'common', 0),
	('402881e466d21e480166d21e81c70007', '第三级', NULL, NULL, 'third', 0),
	('402881e466d21e480166d21e81e30008', '社区级', NULL, NULL, 'zero', 0),
	('402881e466d21e480166d21e81eb0009', '系统管理员【系统最高权限】', NULL, NULL, 'admin', 0);
/*!40000 ALTER TABLE `grouping` ENABLE KEYS */;

-- 正在导出表  weixin.house 的数据：2 rows
/*!40000 ALTER TABLE `house` DISABLE KEYS */;
INSERT INTO `house` (`hid`, `name`, `description`, `longitude`, `latitude`, `radus`, `enable`, `zid`, `index4zerolevel`) VALUES
	('402881e86b027526016b0293f1ad001d', '社区阅览室', '社区阅览室', 116.2218, 39.90932, 50, b'1', '484f5415-0ba0-4fc5-ac04-7b2e7d28ab20', 0),
	('402881e86b027526016b02a0abd30029', '大活动室', '大活动室', 116.46952, 39.92244, 0, b'1', '98ce96cb-3409-4f35-b59d-9eb8c179e02f', 0);
/*!40000 ALTER TABLE `house` ENABLE KEYS */;

-- 正在导出表  weixin.manager 的数据：8 rows
/*!40000 ALTER TABLE `manager` DISABLE KEYS */;
INSERT INTO `manager` (`managerid`, `memberid`, `mflid`, `zid`, `flid`, `scid`, `thid`, `foid`, `index4member`, `index4first`, `index4fourth`, `index4minus`, `index4second`, `index4third`, `index4zero`) VALUES
	('402881e86b027526016b02821a41000d', '402881e86b027526016b0281b5f6000c', 'f6f395aa-ab1b-4e53-9716-1e5efcb11147', NULL, NULL, NULL, NULL, NULL, 0, NULL, NULL, 0, NULL, NULL, NULL),
	('402881e86b027526016b0283ae430010', '402881e86b027526016b0282a626000e', '1dd3edcf-cdab-4cd0-b296-8875e6769911', NULL, NULL, NULL, NULL, NULL, 0, NULL, NULL, 0, NULL, NULL, NULL),
	('402881e86b027526016b0283d3150011', '402881e86b027526016b02834363000f', '21104932-ca4d-4368-952b-810f0720ddb6', NULL, NULL, NULL, NULL, NULL, 0, NULL, NULL, 0, NULL, NULL, NULL),
	('402881e86b027526016b02873dda0013', '402881e86b027526016b02855be80012', NULL, '484f5415-0ba0-4fc5-ac04-7b2e7d28ab20', NULL, NULL, NULL, NULL, 0, NULL, NULL, NULL, NULL, NULL, 0),
	('402881e86b027526016b028971db0015', '402881e86b027526016b02892bb90014', NULL, '98ce96cb-3409-4f35-b59d-9eb8c179e02f', NULL, NULL, NULL, NULL, 0, NULL, NULL, NULL, NULL, NULL, 0),
	('402881e86b027526016b02930cf4001c', '402881e86b027526016b02912f6e0019', NULL, NULL, 'bb6ca25f-6f1d-40d0-b68c-564e45f595ca', NULL, NULL, NULL, 0, 0, NULL, NULL, NULL, NULL, NULL),
	('402881e86b027526016b02966b2f0021', '402881e86b027526016b0295b7630020', NULL, '484f5415-0ba0-4fc5-ac04-7b2e7d28ab20', NULL, NULL, NULL, NULL, 0, NULL, NULL, NULL, NULL, NULL, 1),
	('402881e86b027526016b029970a40025', '402881e86b027526016b029916860024', NULL, '98ce96cb-3409-4f35-b59d-9eb8c179e02f', NULL, NULL, NULL, NULL, 0, NULL, NULL, NULL, NULL, NULL, 1);
/*!40000 ALTER TABLE `manager` ENABLE KEYS */;

-- 正在导出表  weixin.member 的数据：40 rows
/*!40000 ALTER TABLE `member` DISABLE KEYS */;
INSERT INTO `member` (`memberid`, `mflid`, `zid`, `flid`, `scid`, `thid`, `foid`, `uid`, `gid`, `index4user`) VALUES
	('402881e86b027526016b0281b5f6000c', NULL, NULL, NULL, NULL, NULL, NULL, '3e94cedc-8514-4fcc-b1c2-7b56bad9517e', '402881e466d21e480166d21e81590004', 0),
	('402881e86b027526016b0282a626000e', NULL, NULL, NULL, NULL, NULL, NULL, '5e5c3f1a-b7fe-4e95-8190-0791b0954a36', '402881e466d21e480166d21e81590004', 0),
	('402881e86b027526016b02834363000f', NULL, NULL, NULL, NULL, NULL, NULL, '8a1c3abe-5434-4177-9448-0f2668cf3edd', '402881e466d21e480166d21e81590004', 0),
	('402881e86b027526016b02855be80012', '1dd3edcf-cdab-4cd0-b296-8875e6769911', NULL, NULL, NULL, NULL, NULL, '2d82227f-cd17-44d4-b1e0-64108e0ce391', '402881e466d21e480166d21e81e30008', 0),
	('402881e86b027526016b02892bb90014', '21104932-ca4d-4368-952b-810f0720ddb6', NULL, NULL, NULL, NULL, NULL, '4e0416c3-7f19-4978-bdce-ead375023d81', '402881e466d21e480166d21e81e30008', 0),
	('402881e86b027526016b028ab4470016', NULL, NULL, NULL, NULL, NULL, NULL, '4b893eb1-5505-4761-b0fe-49066e669f2b', '402881e466d21e480166d21e81b30006', 0),
	('402881e86b027526016b02912f6e0019', '1dd3edcf-cdab-4cd0-b296-8875e6769911', '484f5415-0ba0-4fc5-ac04-7b2e7d28ab20', NULL, NULL, NULL, NULL, '4b893eb1-5505-4761-b0fe-49066e669f2b', '402881e466d21e480166d21e815e0005', 1),
	('402881e86b027526016b0295b7630020', '1dd3edcf-cdab-4cd0-b296-8875e6769911', NULL, NULL, NULL, NULL, NULL, '4b893eb1-5505-4761-b0fe-49066e669f2b', '402881e466d21e480166d21e81e30008', 2),
	('402881e86b027526016b029916860024', '21104932-ca4d-4368-952b-810f0720ddb6', NULL, NULL, NULL, NULL, NULL, '4b893eb1-5505-4761-b0fe-49066e669f2b', '402881e466d21e480166d21e81e30008', 3),
	('402881e86b027526016b029ffc110028', '21104932-ca4d-4368-952b-810f0720ddb6', '98ce96cb-3409-4f35-b59d-9eb8c179e02f', NULL, NULL, NULL, NULL, '4b893eb1-5505-4761-b0fe-49066e669f2b', '402881e466d21e480166d21e81b30006', 4),
	('402881e86b05d374016b066885c70000', NULL, NULL, NULL, NULL, NULL, NULL, '4c65735f-337c-48b7-a529-6cea6adccd8e', '402881e466d21e480166d21e81b30006', 0),
	('402881e86b05d374016b0668a9cc0001', NULL, NULL, NULL, NULL, NULL, NULL, 'e22f8b7e-559f-460c-8cd7-63bc1f7bc585', '402881e466d21e480166d21e81b30006', 0),
	('402881e86b05d374016b0668f6cf0002', NULL, NULL, NULL, NULL, NULL, NULL, 'f2e9607e-d3e4-4258-85a1-e0ad7db7495b', '402881e466d21e480166d21e81b30006', 0),
	('402881e86b05d374016b0668fadc0003', NULL, NULL, NULL, NULL, NULL, NULL, 'aa4a5e42-fccf-4e0b-8e70-bb8db3a3f907', '402881e466d21e480166d21e81b30006', 0),
	('402881e86b05d374016b066929970004', NULL, NULL, NULL, NULL, NULL, NULL, 'f892a0dd-f53b-4a54-8fb2-843fbaa6460a', '402881e466d21e480166d21e81b30006', 0),
	('402881e86b05d374016b066951450005', NULL, NULL, NULL, NULL, NULL, NULL, 'ed0ca85f-59a3-4e6a-bf5d-68cf84512a41', '402881e466d21e480166d21e81b30006', 0),
	('402881e86b05d374016b066961120006', NULL, NULL, NULL, NULL, NULL, NULL, 'c64d57c3-9057-4fb0-84dd-3321bbbc9bd6', '402881e466d21e480166d21e81b30006', 0),
	('402881e86b05d374016b0669762d0007', NULL, NULL, NULL, NULL, NULL, NULL, 'bcf48d82-3477-4098-b83b-37700ceaa91c', '402881e466d21e480166d21e81b30006', 0),
	('402881e86b05d374016b0669a8170008', NULL, NULL, NULL, NULL, NULL, NULL, '267a1b2a-8d59-4f15-971f-f9bbebd944c1', '402881e466d21e480166d21e81b30006', 0),
	('402881e86b05d374016b0669b82b0009', NULL, NULL, NULL, NULL, NULL, NULL, 'de8f71db-ed22-4759-b0b2-7b44e2dca5e3', '402881e466d21e480166d21e81b30006', 0),
	('402881e86b05d374016b0669ddcd000a', NULL, NULL, NULL, NULL, NULL, NULL, '92818f54-b8c7-4df0-b975-6a6272fecd4c', '402881e466d21e480166d21e81b30006', 0),
	('402881e86b05d374016b0677e4ad0016', '1dd3edcf-cdab-4cd0-b296-8875e6769911', '484f5415-0ba0-4fc5-ac04-7b2e7d28ab20', 'bb6ca25f-6f1d-40d0-b68c-564e45f595ca', NULL, NULL, NULL, 'f892a0dd-f53b-4a54-8fb2-843fbaa6460a', '402881e466d21e480166d21e81b30006', 1),
	('402881e86b05d374016b067811050018', '1dd3edcf-cdab-4cd0-b296-8875e6769911', '484f5415-0ba0-4fc5-ac04-7b2e7d28ab20', 'bb6ca25f-6f1d-40d0-b68c-564e45f595ca', NULL, NULL, NULL, 'ed0ca85f-59a3-4e6a-bf5d-68cf84512a41', '402881e466d21e480166d21e81b30006', 1),
	('402881e86b05d374016b067837d5001a', '1dd3edcf-cdab-4cd0-b296-8875e6769911', '484f5415-0ba0-4fc5-ac04-7b2e7d28ab20', 'bb6ca25f-6f1d-40d0-b68c-564e45f595ca', NULL, NULL, NULL, 'bcf48d82-3477-4098-b83b-37700ceaa91c', '402881e466d21e480166d21e81b30006', 1),
	('402881e86b05d374016b06785b4e001c', '1dd3edcf-cdab-4cd0-b296-8875e6769911', '484f5415-0ba0-4fc5-ac04-7b2e7d28ab20', 'bb6ca25f-6f1d-40d0-b68c-564e45f595ca', NULL, NULL, NULL, 'f2e9607e-d3e4-4258-85a1-e0ad7db7495b', '402881e466d21e480166d21e81b30006', 1),
	('402881e86b05d374016b06788305001e', '1dd3edcf-cdab-4cd0-b296-8875e6769911', '484f5415-0ba0-4fc5-ac04-7b2e7d28ab20', 'bb6ca25f-6f1d-40d0-b68c-564e45f595ca', NULL, NULL, NULL, 'aa4a5e42-fccf-4e0b-8e70-bb8db3a3f907', '402881e466d21e480166d21e81b30006', 1),
	('402881e86b05d374016b0678a8900020', '1dd3edcf-cdab-4cd0-b296-8875e6769911', '484f5415-0ba0-4fc5-ac04-7b2e7d28ab20', 'bb6ca25f-6f1d-40d0-b68c-564e45f595ca', NULL, NULL, NULL, 'e22f8b7e-559f-460c-8cd7-63bc1f7bc585', '402881e466d21e480166d21e81b30006', 1),
	('402881e86b05d374016b0678cd1c0022', '1dd3edcf-cdab-4cd0-b296-8875e6769911', '484f5415-0ba0-4fc5-ac04-7b2e7d28ab20', 'bb6ca25f-6f1d-40d0-b68c-564e45f595ca', NULL, NULL, NULL, '92818f54-b8c7-4df0-b975-6a6272fecd4c', '402881e466d21e480166d21e81b30006', 1),
	('402881e86b05d374016b0678ebf20024', '1dd3edcf-cdab-4cd0-b296-8875e6769911', '484f5415-0ba0-4fc5-ac04-7b2e7d28ab20', 'bb6ca25f-6f1d-40d0-b68c-564e45f595ca', NULL, NULL, NULL, 'c64d57c3-9057-4fb0-84dd-3321bbbc9bd6', '402881e466d21e480166d21e81b30006', 1),
	('402881e86b05d374016b0679088b0026', '1dd3edcf-cdab-4cd0-b296-8875e6769911', '484f5415-0ba0-4fc5-ac04-7b2e7d28ab20', 'bb6ca25f-6f1d-40d0-b68c-564e45f595ca', NULL, NULL, NULL, '4c65735f-337c-48b7-a529-6cea6adccd8e', '402881e466d21e480166d21e81b30006', 1),
	('402881e86b05d374016b067924c80028', '1dd3edcf-cdab-4cd0-b296-8875e6769911', '484f5415-0ba0-4fc5-ac04-7b2e7d28ab20', 'bb6ca25f-6f1d-40d0-b68c-564e45f595ca', NULL, NULL, NULL, 'de8f71db-ed22-4759-b0b2-7b44e2dca5e3', '402881e466d21e480166d21e81b30006', 1),
	('402881e86b05d374016b067a66fc002b', '1dd3edcf-cdab-4cd0-b296-8875e6769911', '484f5415-0ba0-4fc5-ac04-7b2e7d28ab20', 'bb6ca25f-6f1d-40d0-b68c-564e45f595ca', NULL, NULL, NULL, '267a1b2a-8d59-4f15-971f-f9bbebd944c1', '402881e466d21e480166d21e81b30006', 1),
	('402881e86b29c6b8016b2a605dd30000', NULL, NULL, NULL, NULL, NULL, NULL, '0100fd97-3e78-4252-8e92-092da475b120', '402881e466d21e480166d21e81b30006', 0),
	('402881e86b29c6b8016b2a62d7ab0001', NULL, NULL, NULL, NULL, NULL, NULL, '11435394-31b0-419a-96bd-38cd4bb12fcb', '402881e466d21e480166d21e81b30006', 0),
	('402881e86b29c6b8016b2a62fccc0002', NULL, NULL, NULL, NULL, NULL, NULL, 'e26d966d-2ecb-4c23-91e9-1ec51c372452', '402881e466d21e480166d21e81b30006', 0),
	('402881e86b29c6b8016b2a653f860003', NULL, NULL, NULL, NULL, NULL, NULL, 'e6c18023-6633-42a4-a557-e30eaa321d06', '402881e466d21e480166d21e81b30006', 0),
	('402881e86b2bb7b6016b2bbb37e40001', '1dd3edcf-cdab-4cd0-b296-8875e6769911', '484f5415-0ba0-4fc5-ac04-7b2e7d28ab20', 'bb6ca25f-6f1d-40d0-b68c-564e45f595ca', NULL, NULL, NULL, 'e26d966d-2ecb-4c23-91e9-1ec51c372452', '402881e466d21e480166d21e81b30006', 1),
	('402881e86b2bb7b6016b2bbb73b00003', '1dd3edcf-cdab-4cd0-b296-8875e6769911', '484f5415-0ba0-4fc5-ac04-7b2e7d28ab20', 'bb6ca25f-6f1d-40d0-b68c-564e45f595ca', NULL, NULL, NULL, '0100fd97-3e78-4252-8e92-092da475b120', '402881e466d21e480166d21e81b30006', 1),
	('402809816b46cc65016b46d22ac50002', '1dd3edcf-cdab-4cd0-b296-8875e6769911', '484f5415-0ba0-4fc5-ac04-7b2e7d28ab20', 'bb6ca25f-6f1d-40d0-b68c-564e45f595ca', NULL, NULL, NULL, '4b893eb1-5505-4761-b0fe-49066e669f2b', '402881e466d21e480166d21e81b30006', 5),
	('402809816b4db5f3016b493ec6220002', '1dd3edcf-cdab-4cd0-b296-8875e6769911', '484f5415-0ba0-4fc5-ac04-7b2e7d28ab20', 'bb6ca25f-6f1d-40d0-b68c-564e45f595ca', NULL, NULL, NULL, 'e6c18023-6633-42a4-a557-e30eaa321d06', '402881e466d21e480166d21e81b30006', 1);
/*!40000 ALTER TABLE `member` ENABLE KEYS */;

-- 正在导出表  weixin.minusfirstlevel 的数据：3 rows
/*!40000 ALTER TABLE `minusfirstlevel` DISABLE KEYS */;
INSERT INTO `minusfirstlevel` (`mflid`, `name`, `description`, `level`, `qrcode`, `qrcodeTime`) VALUES
	('f6f395aa-ab1b-4e53-9716-1e5efcb11147', '呼家楼街道', '呼家楼街道', -1, 'qrcode\\4\\0\\tag=minus_first&lid=f6f395aa-ab1b-4e53-9716-1e5efcb11147.gif', 1559114576047),
	('1dd3edcf-cdab-4cd0-b296-8875e6769911', '老山街道', '老山街道', -1, 'qrcode\\12\\9\\tag=minus_first&lid=1dd3edcf-cdab-4cd0-b296-8875e6769911.gif', 1559114615898),
	('21104932-ca4d-4368-952b-810f0720ddb6', '苹果园街道', '苹果园街道', -1, 'qrcode\\15\\0\\tag=minus_first&lid=21104932-ca4d-4368-952b-810f0720ddb6.gif', 1559114728334);
/*!40000 ALTER TABLE `minusfirstlevel` ENABLE KEYS */;

-- 正在导出表  weixin.permission 的数据：127 rows
/*!40000 ALTER TABLE `permission` DISABLE KEYS */;
INSERT INTO `permission` (`pid`, `permissionName`, `description`, `enabled`, `ptid`) VALUES
	('402881e467101c830167102899050002', 'retrieve', '查询', 'T', '402881e467101c830167102899050001'),
	('402881e467101c830167102899060003', 'create', '新建', 'T', '402881e467101c830167102899050001'),
	('402881e467101c830167102899060004', 'update', '修改', 'T', '402881e467101c830167102899050001'),
	('402881e467101c830167102899060005', 'delete', '删除', 'T', '402881e467101c830167102899050001'),
	('402881e467101c830167102899060007', 'retrieve', '查询', 'T', '402881e467101c830167102899060006'),
	('402881e467101c830167102899060008', 'create', '新建', 'T', '402881e467101c830167102899060006'),
	('402881e467101c830167102899180009', 'update', '修改', 'T', '402881e467101c830167102899060006'),
	('402881e467101c83016710289918000a', 'delete', '删除', 'T', '402881e467101c830167102899060006'),
	('402881e467101c83016710289918000c', 'retrieve', '查询', 'T', '402881e467101c83016710289918000b'),
	('402881e467101c83016710289918000d', 'create', '新建', 'T', '402881e467101c83016710289918000b'),
	('402881e467101c83016710289918000e', 'update', '修改', 'T', '402881e467101c83016710289918000b'),
	('402881e467101c83016710289918000f', 'delete', '删除', 'T', '402881e467101c83016710289918000b'),
	('402881e467101c830167102899190011', 'retrieve', '查询', 'T', '402881e467101c830167102899190010'),
	('402881e467101c830167102899190012', 'create', '新建', 'T', '402881e467101c830167102899190010'),
	('402881e467101c830167102899190013', 'update', '修改', 'T', '402881e467101c830167102899190010'),
	('402881e467101c830167102899190014', 'delete', '删除', 'T', '402881e467101c830167102899190010'),
	('402881e467101c830167102899190016', 'retrieveGeo', '查询地点', 'T', '402881e467101c830167102899190015'),
	('402881e467101c8301671028991a0017', 'createGeo', '新建地点', 'T', '402881e467101c830167102899190015'),
	('402881e467101c8301671028991a0018', 'updateGeo', '更新地点', 'T', '402881e467101c830167102899190015'),
	('402881e467101c8301671028991a0019', 'deleteGeo', '删除地点', 'T', '402881e467101c830167102899190015'),
	('402881e467101c83016710289a4e001c', 'retrieve', '查询', 'T', '402881e467101c83016710289a4e001b'),
	('402881e467101c83016710289a4e001d', 'create', '新建', 'T', '402881e467101c83016710289a4e001b'),
	('402881e467101c83016710289a4e001e', 'update', '修改', 'T', '402881e467101c83016710289a4e001b'),
	('402881e467101c83016710289a4e001f', 'delete', '删除', 'T', '402881e467101c83016710289a4e001b'),
	('402881e467101c83016710289a500021', 'retrieveHouse', '查询房屋', 'T', '402881e467101c83016710289a4e0020'),
	('402881e467101c83016710289a500022', 'createHouse', '新建房屋', 'T', '402881e467101c83016710289a4e0020'),
	('402881e467101c83016710289a500023', 'updateHouse', '修改房屋', 'T', '402881e467101c83016710289a4e0020'),
	('402881e467101c83016710289a500024', 'deleteHouse', '删除房屋', 'T', '402881e467101c83016710289a4e0020'),
	('402881e467101c83016710289a500025', 'retrieveActivity', '查询房屋活动', 'T', '402881e467101c83016710289a4e0020'),
	('402881e467101c83016710289a500027', 'retrieve', '查询', 'T', '402881e467101c83016710289a500026'),
	('402881e467101c83016710289a500028', 'create', '新建', 'T', '402881e467101c83016710289a500026'),
	('402881e467101c83016710289a510029', 'update', '修改', 'T', '402881e467101c83016710289a500026'),
	('402881e467101c83016710289a51002a', 'delete', '删除', 'T', '402881e467101c83016710289a500026'),
	('402881e467101c83016710289a52002c', 'retrieve', '查询', 'T', '402881e467101c83016710289a52002b'),
	('402881e467101c83016710289a52002d', 'create', '新建', 'T', '402881e467101c83016710289a52002b'),
	('402881e467101c83016710289a52002e', 'update', '修改', 'T', '402881e467101c83016710289a52002b'),
	('402881e467101c83016710289a52002f', 'delete', '删除', 'T', '402881e467101c83016710289a52002b'),
	('402881e467101c83016710289a540031', 'retrieve', '查询', 'T', '402881e467101c83016710289a530030'),
	('402881e467101c83016710289a540032', 'create', '新建', 'T', '402881e467101c83016710289a530030'),
	('402881e467101c83016710289a540033', 'update', '修改', 'T', '402881e467101c83016710289a530030'),
	('402881e467101c83016710289a540034', 'delete', '删除', 'T', '402881e467101c83016710289a530030'),
	('402881e467101c83016710289a540036', 'retrieveGeo', '查询地点', 'T', '402881e467101c83016710289a540035'),
	('402881e467101c83016710289a540037', 'createGeo', '新建地点', 'T', '402881e467101c83016710289a540035'),
	('402881e467101c83016710289a540038', 'updateGeo', '更新地点', 'T', '402881e467101c83016710289a540035'),
	('402881e467101c83016710289a540039', 'deleteGeo', '删除地点', 'T', '402881e467101c83016710289a540035'),
	('402881e467101c83016710289aa6003c', 'retrieve', '查询', 'T', '402881e467101c83016710289aa5003b'),
	('402881e467101c83016710289aa6003d', 'create', '新建', 'T', '402881e467101c83016710289aa5003b'),
	('402881e467101c83016710289aa6003e', 'update', '修改', 'T', '402881e467101c83016710289aa5003b'),
	('402881e467101c83016710289aa6003f', 'delete', '删除', 'T', '402881e467101c83016710289aa5003b'),
	('402881e467101c83016710289aa70041', 'retrieve', '查询', 'T', '402881e467101c83016710289aa70040'),
	('402881e467101c83016710289aa70042', 'create', '新建', 'T', '402881e467101c83016710289aa70040'),
	('402881e467101c83016710289aa70043', 'update', '修改', 'T', '402881e467101c83016710289aa70040'),
	('402881e467101c83016710289aa70044', 'delete', '删除', 'T', '402881e467101c83016710289aa70040'),
	('402881e467101c83016710289aa70046', 'retrieve', '查询', 'T', '402881e467101c83016710289aa70045'),
	('402881e467101c83016710289aa70047', 'create', '新建', 'T', '402881e467101c83016710289aa70045'),
	('402881e467101c83016710289aa70048', 'update', '修改', 'T', '402881e467101c83016710289aa70045'),
	('402881e467101c83016710289aa70049', 'delete', '删除', 'T', '402881e467101c83016710289aa70045'),
	('402881e467101c83016710289aa8004b', 'retrieve', '查询', 'T', '402881e467101c83016710289aa7004a'),
	('402881e467101c83016710289aa8004c', 'create', '新建', 'T', '402881e467101c83016710289aa7004a'),
	('402881e467101c83016710289aa8004d', 'update', '修改', 'T', '402881e467101c83016710289aa7004a'),
	('402881e467101c83016710289aa8004e', 'delete', '删除', 'T', '402881e467101c83016710289aa7004a'),
	('402881e467101c83016710289aaa0050', 'retrieveGeo', '查询地点', 'T', '402881e467101c83016710289aa8004f'),
	('402881e467101c83016710289aaa0051', 'createGeo', '新建地点', 'T', '402881e467101c83016710289aa8004f'),
	('402881e467101c83016710289aaa0052', 'updateGeo', '更新地点', 'T', '402881e467101c83016710289aa8004f'),
	('402881e467101c83016710289aaa0053', 'deleteGeo', '删除地点', 'T', '402881e467101c83016710289aa8004f'),
	('402881e467101c83016710289acd0056', 'retrieve', '查询', 'T', '402881e467101c83016710289acc0055'),
	('402881e467101c83016710289acd0057', 'create', '新建', 'T', '402881e467101c83016710289acc0055'),
	('402881e467101c83016710289acd0058', 'update', '修改', 'T', '402881e467101c83016710289acc0055'),
	('402881e467101c83016710289acd0059', 'delete', '删除', 'T', '402881e467101c83016710289acc0055'),
	('402881e467101c83016710289acd005b', 'retrieve', '查询', 'T', '402881e467101c83016710289acd005a'),
	('402881e467101c83016710289acd005c', 'create', '新建', 'T', '402881e467101c83016710289acd005a'),
	('402881e467101c83016710289acd005d', 'update', '修改', 'T', '402881e467101c83016710289acd005a'),
	('402881e467101c83016710289acd005e', 'delete', '删除', 'T', '402881e467101c83016710289acd005a'),
	('402881e467101c83016710289ace0060', 'retrieve', '查询', 'T', '402881e467101c83016710289acd005f'),
	('402881e467101c83016710289ace0061', 'create', '新建', 'T', '402881e467101c83016710289acd005f'),
	('402881e467101c83016710289ace0062', 'update', '修改', 'T', '402881e467101c83016710289acd005f'),
	('402881e467101c83016710289ace0063', 'delete', '删除', 'T', '402881e467101c83016710289acd005f'),
	('402881e467101c83016710289ace0065', 'retrieve', '查询', 'T', '402881e467101c83016710289ace0064'),
	('402881e467101c83016710289ace0066', 'create', '新建', 'T', '402881e467101c83016710289ace0064'),
	('402881e467101c83016710289ace0067', 'update', '修改', 'T', '402881e467101c83016710289ace0064'),
	('402881e467101c83016710289ace0068', 'delete', '删除', 'T', '402881e467101c83016710289ace0064'),
	('402881e467101c83016710289ace006a', 'retrieveGeo', '查询地点', 'T', '402881e467101c83016710289ace0069'),
	('402881e467101c83016710289ace006b', 'createGeo', '新建地点', 'T', '402881e467101c83016710289ace0069'),
	('402881e467101c83016710289acf006c', 'updateGeo', '更新地点', 'T', '402881e467101c83016710289ace0069'),
	('402881e467101c83016710289acf006d', 'deleteGeo', '删除地点', 'T', '402881e467101c83016710289ace0069'),
	('402881e467101c83016710289b010070', 'retrieve', '查询', 'T', '402881e467101c83016710289b00006f'),
	('402881e467101c83016710289b020071', 'create', '新建', 'T', '402881e467101c83016710289b00006f'),
	('402881e467101c83016710289b020072', 'update', '修改', 'T', '402881e467101c83016710289b00006f'),
	('402881e467101c83016710289b020073', 'delete', '删除', 'T', '402881e467101c83016710289b00006f'),
	('402881e467101c83016710289b020075', 'retrieve', '查询', 'T', '402881e467101c83016710289b020074'),
	('402881e467101c83016710289b020076', 'create', '新建', 'T', '402881e467101c83016710289b020074'),
	('402881e467101c83016710289b020077', 'update', '修改', 'T', '402881e467101c83016710289b020074'),
	('402881e467101c83016710289b020078', 'delete', '删除', 'T', '402881e467101c83016710289b020074'),
	('402881e467101c83016710289b02007a', 'retrieve', '查询', 'T', '402881e467101c83016710289b020079'),
	('402881e467101c83016710289b02007b', 'create', '新建', 'T', '402881e467101c83016710289b020079'),
	('402881e467101c83016710289b03007c', 'update', '修改', 'T', '402881e467101c83016710289b020079'),
	('402881e467101c83016710289b03007d', 'delete', '删除', 'T', '402881e467101c83016710289b020079'),
	('402881e467101c83016710289b03007f', 'retrieve', '查询', 'T', '402881e467101c83016710289b03007e'),
	('402881e467101c83016710289b040080', 'create', '新建', 'T', '402881e467101c83016710289b03007e'),
	('402881e467101c83016710289b040081', 'update', '修改', 'T', '402881e467101c83016710289b03007e'),
	('402881e467101c83016710289b040082', 'delete', '删除', 'T', '402881e467101c83016710289b03007e'),
	('402881e467101c83016710289b040084', 'retrieveGeo', '查询地点', 'T', '402881e467101c83016710289b040083'),
	('402881e467101c83016710289b040085', 'createGeo', '新建地点', 'T', '402881e467101c83016710289b040083'),
	('402881e467101c83016710289b040086', 'updateGeo', '更新地点', 'T', '402881e467101c83016710289b040083'),
	('402881e467101c83016710289b050087', 'deleteGeo', '删除地点', 'T', '402881e467101c83016710289b040083'),
	('402881e467101c83016710289b41008a', 'retrieve', '查询', 'T', '402881e467101c83016710289b400089'),
	('402881e467101c83016710289b41008b', 'create', '新建', 'T', '402881e467101c83016710289b400089'),
	('402881e467101c83016710289b41008c', 'update', '修改', 'T', '402881e467101c83016710289b400089'),
	('402881e467101c83016710289b41008d', 'delete', '删除', 'T', '402881e467101c83016710289b400089'),
	('402881e467101c83016710289b41008f', 'retrieve', '查询', 'T', '402881e467101c83016710289b41008e'),
	('402881e467101c83016710289b410090', 'create', '新建', 'T', '402881e467101c83016710289b41008e'),
	('402881e467101c83016710289b410091', 'update', '修改', 'T', '402881e467101c83016710289b41008e'),
	('402881e467101c83016710289b410092', 'delete', '删除', 'T', '402881e467101c83016710289b41008e'),
	('402881e467101c83016710289b410094', 'retrieve', '查询', 'T', '402881e467101c83016710289b410093'),
	('402881e467101c83016710289b410095', 'create', '新建', 'T', '402881e467101c83016710289b410093'),
	('402881e467101c83016710289b410096', 'update', '修改', 'T', '402881e467101c83016710289b410093'),
	('402881e467101c83016710289b410097', 'delete', '删除', 'T', '402881e467101c83016710289b410093'),
	('402881e467101c83016710289b420099', 'retrieve', '查询', 'T', '402881e467101c83016710289b420098'),
	('402881e467101c83016710289b42009a', 'create', '新建', 'T', '402881e467101c83016710289b420098'),
	('402881e467101c83016710289b42009b', 'update', '修改', 'T', '402881e467101c83016710289b420098'),
	('402881e467101c83016710289b42009c', 'delete', '删除', 'T', '402881e467101c83016710289b420098'),
	('402881e467101c83016710289b43009e', 'retrieveGeo', '查询地点', 'T', '402881e467101c83016710289b43009d'),
	('402881e467101c83016710289b43009f', 'createGeo', '新建地点', 'T', '402881e467101c83016710289b43009d'),
	('402881e467101c83016710289b4300a0', 'updateGeo', '更新地点', 'T', '402881e467101c83016710289b43009d'),
	('402881e467101c83016710289b4300a1', 'deleteGeo', '删除地点', 'T', '402881e467101c83016710289b43009d'),
	('402881e467101c83016710289b6600a4', 'access4desk', '桌面端访问', 'T', '402881e467101c83016710289b6600a3'),
	('402881e467101c83016710289b6600a5', 'access4weixin', '微信端访问', 'T', '402881e467101c83016710289b6600a3');
/*!40000 ALTER TABLE `permission` ENABLE KEYS */;

-- 正在导出表  weixin.permissionlevel 的数据：7 rows
/*!40000 ALTER TABLE `permissionlevel` DISABLE KEYS */;
INSERT INTO `permissionlevel` (`plid`, `permissionLevelName`, `description`, `enabled`, `level`) VALUES
	('402881e467101c830167102898c80000', 'minus_first', '街道层级', 'T', -1),
	('402881e467101c83016710289a4d001a', 'zero', '社区层级', 'T', 0),
	('402881e467101c83016710289aa5003a', 'first', '第一层级', 'T', 1),
	('402881e467101c83016710289acc0054', 'second', '第二层级', 'T', 2),
	('402881e467101c83016710289b00006e', 'third', '第三层级', 'T', 3),
	('402881e467101c83016710289b400088', 'fourth', '第四层级', 'T', 4),
	('402881e467101c83016710289b6600a2', 'all', '通用权限', 'T', 10086);
/*!40000 ALTER TABLE `permissionlevel` ENABLE KEYS */;

-- 正在导出表  weixin.permissiontype 的数据：32 rows
/*!40000 ALTER TABLE `permissiontype` DISABLE KEYS */;
INSERT INTO `permissiontype` (`ptid`, `permissionTypeName`, `description`, `enabled`, `plid`) VALUES
	('402881e467101c830167102899050001', 'activity', '活动类型', 'T', '402881e467101c830167102898c80000'),
	('402881e467101c830167102899060006', 'level', '层级类型', 'T', '402881e467101c830167102898c80000'),
	('402881e467101c83016710289918000b', 'user', '人员类型', 'T', '402881e467101c830167102898c80000'),
	('402881e467101c830167102899190010', 'project', '项目类型', 'T', '402881e467101c830167102898c80000'),
	('402881e467101c830167102899190015', 'geo', '地点类型', 'T', '402881e467101c830167102898c80000'),
	('402881e467101c83016710289a4e001b', 'activity', '活动类型', 'T', '402881e467101c83016710289a4d001a'),
	('402881e467101c83016710289a4e0020', 'house', '房屋类型', 'T', '402881e467101c83016710289a4d001a'),
	('402881e467101c83016710289a500026', 'level', '层级类型', 'T', '402881e467101c83016710289a4d001a'),
	('402881e467101c83016710289a52002b', 'user', '人员类型', 'T', '402881e467101c83016710289a4d001a'),
	('402881e467101c83016710289a530030', 'project', '项目类型', 'T', '402881e467101c83016710289a4d001a'),
	('402881e467101c83016710289a540035', 'geo', '地点类型', 'T', '402881e467101c83016710289a4d001a'),
	('402881e467101c83016710289aa5003b', 'activity', '活动类型', 'T', '402881e467101c83016710289aa5003a'),
	('402881e467101c83016710289aa70040', 'level', '层级类型', 'T', '402881e467101c83016710289aa5003a'),
	('402881e467101c83016710289aa70045', 'user', '人员类型', 'T', '402881e467101c83016710289aa5003a'),
	('402881e467101c83016710289aa7004a', 'project', '项目类型', 'T', '402881e467101c83016710289aa5003a'),
	('402881e467101c83016710289aa8004f', 'geo', '地点类型', 'T', '402881e467101c83016710289aa5003a'),
	('402881e467101c83016710289acc0055', 'activity', '活动类型', 'T', '402881e467101c83016710289acc0054'),
	('402881e467101c83016710289acd005a', 'level', '层级类型', 'T', '402881e467101c83016710289acc0054'),
	('402881e467101c83016710289acd005f', 'user', '人员类型', 'T', '402881e467101c83016710289acc0054'),
	('402881e467101c83016710289ace0064', 'project', '项目类型', 'T', '402881e467101c83016710289acc0054'),
	('402881e467101c83016710289ace0069', 'geo', '地点类型', 'T', '402881e467101c83016710289acc0054'),
	('402881e467101c83016710289b00006f', 'activity', '活动类型', 'T', '402881e467101c83016710289b00006e'),
	('402881e467101c83016710289b020074', 'level', '层级类型', 'T', '402881e467101c83016710289b00006e'),
	('402881e467101c83016710289b020079', 'user', '人员类型', 'T', '402881e467101c83016710289b00006e'),
	('402881e467101c83016710289b03007e', 'project', '项目类型', 'T', '402881e467101c83016710289b00006e'),
	('402881e467101c83016710289b040083', 'geo', '地点类型', 'T', '402881e467101c83016710289b00006e'),
	('402881e467101c83016710289b400089', 'activity', '活动类型', 'T', '402881e467101c83016710289b400088'),
	('402881e467101c83016710289b41008e', 'level', '层级类型', 'T', '402881e467101c83016710289b400088'),
	('402881e467101c83016710289b410093', 'user', '人员类型', 'T', '402881e467101c83016710289b400088'),
	('402881e467101c83016710289b420098', 'project', '项目类型', 'T', '402881e467101c83016710289b400088'),
	('402881e467101c83016710289b43009d', 'geo', '地点类型', 'T', '402881e467101c83016710289b400088'),
	('402881e467101c83016710289b6600a3', 'system', '系统后台', 'T', '402881e467101c83016710289b6600a2');
/*!40000 ALTER TABLE `permissiontype` ENABLE KEYS */;

-- 正在导出表  weixin.permission_firstlevel 的数据：22 rows
/*!40000 ALTER TABLE `permission_firstlevel` DISABLE KEYS */;
INSERT INTO `permission_firstlevel` (`pid`, `flid`) VALUES
	('402881e467101c83016710289aa6003c', 'bb6ca25f-6f1d-40d0-b68c-564e45f595ca'),
	('402881e467101c83016710289aa6003d', 'bb6ca25f-6f1d-40d0-b68c-564e45f595ca'),
	('402881e467101c83016710289aa6003e', 'bb6ca25f-6f1d-40d0-b68c-564e45f595ca'),
	('402881e467101c83016710289aa6003f', 'bb6ca25f-6f1d-40d0-b68c-564e45f595ca'),
	('402881e467101c83016710289aa70041', 'bb6ca25f-6f1d-40d0-b68c-564e45f595ca'),
	('402881e467101c83016710289aa70042', 'bb6ca25f-6f1d-40d0-b68c-564e45f595ca'),
	('402881e467101c83016710289aa70043', 'bb6ca25f-6f1d-40d0-b68c-564e45f595ca'),
	('402881e467101c83016710289aa70044', 'bb6ca25f-6f1d-40d0-b68c-564e45f595ca'),
	('402881e467101c83016710289aa70046', 'bb6ca25f-6f1d-40d0-b68c-564e45f595ca'),
	('402881e467101c83016710289aa70047', 'bb6ca25f-6f1d-40d0-b68c-564e45f595ca'),
	('402881e467101c83016710289aa70048', 'bb6ca25f-6f1d-40d0-b68c-564e45f595ca'),
	('402881e467101c83016710289aa70049', 'bb6ca25f-6f1d-40d0-b68c-564e45f595ca'),
	('402881e467101c83016710289aa8004b', 'bb6ca25f-6f1d-40d0-b68c-564e45f595ca'),
	('402881e467101c83016710289aa8004c', 'bb6ca25f-6f1d-40d0-b68c-564e45f595ca'),
	('402881e467101c83016710289aa8004d', 'bb6ca25f-6f1d-40d0-b68c-564e45f595ca'),
	('402881e467101c83016710289aa8004e', 'bb6ca25f-6f1d-40d0-b68c-564e45f595ca'),
	('402881e467101c83016710289aaa0050', 'bb6ca25f-6f1d-40d0-b68c-564e45f595ca'),
	('402881e467101c83016710289aaa0051', 'bb6ca25f-6f1d-40d0-b68c-564e45f595ca'),
	('402881e467101c83016710289aaa0052', 'bb6ca25f-6f1d-40d0-b68c-564e45f595ca'),
	('402881e467101c83016710289aaa0053', 'bb6ca25f-6f1d-40d0-b68c-564e45f595ca'),
	('402881e467101c83016710289b6600a4', 'bb6ca25f-6f1d-40d0-b68c-564e45f595ca'),
	('402881e467101c83016710289b6600a5', 'bb6ca25f-6f1d-40d0-b68c-564e45f595ca');
/*!40000 ALTER TABLE `permission_firstlevel` ENABLE KEYS */;

-- 正在导出表  weixin.permission_fourthlevel 的数据：0 rows
/*!40000 ALTER TABLE `permission_fourthlevel` DISABLE KEYS */;
/*!40000 ALTER TABLE `permission_fourthlevel` ENABLE KEYS */;

-- 正在导出表  weixin.permission_minusfirstlevel 的数据：66 rows
/*!40000 ALTER TABLE `permission_minusfirstlevel` DISABLE KEYS */;
INSERT INTO `permission_minusfirstlevel` (`pid`, `mflid`) VALUES
	('402881e467101c830167102899050002', '1dd3edcf-cdab-4cd0-b296-8875e6769911'),
	('402881e467101c830167102899060003', '1dd3edcf-cdab-4cd0-b296-8875e6769911'),
	('402881e467101c830167102899060004', '1dd3edcf-cdab-4cd0-b296-8875e6769911'),
	('402881e467101c830167102899060005', '1dd3edcf-cdab-4cd0-b296-8875e6769911'),
	('402881e467101c830167102899060007', '1dd3edcf-cdab-4cd0-b296-8875e6769911'),
	('402881e467101c830167102899060008', '1dd3edcf-cdab-4cd0-b296-8875e6769911'),
	('402881e467101c830167102899180009', '1dd3edcf-cdab-4cd0-b296-8875e6769911'),
	('402881e467101c83016710289918000a', '1dd3edcf-cdab-4cd0-b296-8875e6769911'),
	('402881e467101c83016710289918000c', '1dd3edcf-cdab-4cd0-b296-8875e6769911'),
	('402881e467101c83016710289918000d', '1dd3edcf-cdab-4cd0-b296-8875e6769911'),
	('402881e467101c83016710289918000e', '1dd3edcf-cdab-4cd0-b296-8875e6769911'),
	('402881e467101c83016710289918000f', '1dd3edcf-cdab-4cd0-b296-8875e6769911'),
	('402881e467101c830167102899190011', '1dd3edcf-cdab-4cd0-b296-8875e6769911'),
	('402881e467101c830167102899190012', '1dd3edcf-cdab-4cd0-b296-8875e6769911'),
	('402881e467101c830167102899190013', '1dd3edcf-cdab-4cd0-b296-8875e6769911'),
	('402881e467101c830167102899190014', '1dd3edcf-cdab-4cd0-b296-8875e6769911'),
	('402881e467101c830167102899190016', '1dd3edcf-cdab-4cd0-b296-8875e6769911'),
	('402881e467101c8301671028991a0017', '1dd3edcf-cdab-4cd0-b296-8875e6769911'),
	('402881e467101c8301671028991a0018', '1dd3edcf-cdab-4cd0-b296-8875e6769911'),
	('402881e467101c8301671028991a0019', '1dd3edcf-cdab-4cd0-b296-8875e6769911'),
	('402881e467101c83016710289b6600a4', '1dd3edcf-cdab-4cd0-b296-8875e6769911'),
	('402881e467101c83016710289b6600a5', '1dd3edcf-cdab-4cd0-b296-8875e6769911'),
	('402881e467101c830167102899050002', '21104932-ca4d-4368-952b-810f0720ddb6'),
	('402881e467101c830167102899060003', '21104932-ca4d-4368-952b-810f0720ddb6'),
	('402881e467101c830167102899060004', '21104932-ca4d-4368-952b-810f0720ddb6'),
	('402881e467101c830167102899060005', '21104932-ca4d-4368-952b-810f0720ddb6'),
	('402881e467101c830167102899060007', '21104932-ca4d-4368-952b-810f0720ddb6'),
	('402881e467101c830167102899060008', '21104932-ca4d-4368-952b-810f0720ddb6'),
	('402881e467101c830167102899180009', '21104932-ca4d-4368-952b-810f0720ddb6'),
	('402881e467101c83016710289918000a', '21104932-ca4d-4368-952b-810f0720ddb6'),
	('402881e467101c83016710289918000c', '21104932-ca4d-4368-952b-810f0720ddb6'),
	('402881e467101c83016710289918000d', '21104932-ca4d-4368-952b-810f0720ddb6'),
	('402881e467101c83016710289918000e', '21104932-ca4d-4368-952b-810f0720ddb6'),
	('402881e467101c83016710289918000f', '21104932-ca4d-4368-952b-810f0720ddb6'),
	('402881e467101c830167102899190011', '21104932-ca4d-4368-952b-810f0720ddb6'),
	('402881e467101c830167102899190012', '21104932-ca4d-4368-952b-810f0720ddb6'),
	('402881e467101c830167102899190013', '21104932-ca4d-4368-952b-810f0720ddb6'),
	('402881e467101c830167102899190014', '21104932-ca4d-4368-952b-810f0720ddb6'),
	('402881e467101c830167102899190016', '21104932-ca4d-4368-952b-810f0720ddb6'),
	('402881e467101c8301671028991a0017', '21104932-ca4d-4368-952b-810f0720ddb6'),
	('402881e467101c8301671028991a0018', '21104932-ca4d-4368-952b-810f0720ddb6'),
	('402881e467101c8301671028991a0019', '21104932-ca4d-4368-952b-810f0720ddb6'),
	('402881e467101c83016710289b6600a4', '21104932-ca4d-4368-952b-810f0720ddb6'),
	('402881e467101c83016710289b6600a5', '21104932-ca4d-4368-952b-810f0720ddb6'),
	('402881e467101c830167102899050002', 'f6f395aa-ab1b-4e53-9716-1e5efcb11147'),
	('402881e467101c830167102899060003', 'f6f395aa-ab1b-4e53-9716-1e5efcb11147'),
	('402881e467101c830167102899060004', 'f6f395aa-ab1b-4e53-9716-1e5efcb11147'),
	('402881e467101c830167102899060005', 'f6f395aa-ab1b-4e53-9716-1e5efcb11147'),
	('402881e467101c830167102899060007', 'f6f395aa-ab1b-4e53-9716-1e5efcb11147'),
	('402881e467101c830167102899060008', 'f6f395aa-ab1b-4e53-9716-1e5efcb11147'),
	('402881e467101c830167102899180009', 'f6f395aa-ab1b-4e53-9716-1e5efcb11147'),
	('402881e467101c83016710289918000a', 'f6f395aa-ab1b-4e53-9716-1e5efcb11147'),
	('402881e467101c83016710289918000c', 'f6f395aa-ab1b-4e53-9716-1e5efcb11147'),
	('402881e467101c83016710289918000d', 'f6f395aa-ab1b-4e53-9716-1e5efcb11147'),
	('402881e467101c83016710289918000e', 'f6f395aa-ab1b-4e53-9716-1e5efcb11147'),
	('402881e467101c83016710289918000f', 'f6f395aa-ab1b-4e53-9716-1e5efcb11147'),
	('402881e467101c830167102899190011', 'f6f395aa-ab1b-4e53-9716-1e5efcb11147'),
	('402881e467101c830167102899190012', 'f6f395aa-ab1b-4e53-9716-1e5efcb11147'),
	('402881e467101c830167102899190013', 'f6f395aa-ab1b-4e53-9716-1e5efcb11147'),
	('402881e467101c830167102899190014', 'f6f395aa-ab1b-4e53-9716-1e5efcb11147'),
	('402881e467101c830167102899190016', 'f6f395aa-ab1b-4e53-9716-1e5efcb11147'),
	('402881e467101c8301671028991a0017', 'f6f395aa-ab1b-4e53-9716-1e5efcb11147'),
	('402881e467101c8301671028991a0018', 'f6f395aa-ab1b-4e53-9716-1e5efcb11147'),
	('402881e467101c8301671028991a0019', 'f6f395aa-ab1b-4e53-9716-1e5efcb11147'),
	('402881e467101c83016710289b6600a4', 'f6f395aa-ab1b-4e53-9716-1e5efcb11147'),
	('402881e467101c83016710289b6600a5', 'f6f395aa-ab1b-4e53-9716-1e5efcb11147');
/*!40000 ALTER TABLE `permission_minusfirstlevel` ENABLE KEYS */;

-- 正在导出表  weixin.permission_secondlevel 的数据：0 rows
/*!40000 ALTER TABLE `permission_secondlevel` DISABLE KEYS */;
/*!40000 ALTER TABLE `permission_secondlevel` ENABLE KEYS */;

-- 正在导出表  weixin.permission_thirdlevel 的数据：0 rows
/*!40000 ALTER TABLE `permission_thirdlevel` DISABLE KEYS */;
/*!40000 ALTER TABLE `permission_thirdlevel` ENABLE KEYS */;

-- 正在导出表  weixin.permission_zerolevel 的数据：81 rows
/*!40000 ALTER TABLE `permission_zerolevel` DISABLE KEYS */;
INSERT INTO `permission_zerolevel` (`pid`, `zid`) VALUES
	('402881e467101c83016710289a4e001c', '0cd04190-4c76-434d-8747-92936fbf87a0'),
	('402881e467101c83016710289a4e001d', '0cd04190-4c76-434d-8747-92936fbf87a0'),
	('402881e467101c83016710289a4e001e', '0cd04190-4c76-434d-8747-92936fbf87a0'),
	('402881e467101c83016710289a4e001f', '0cd04190-4c76-434d-8747-92936fbf87a0'),
	('402881e467101c83016710289a500021', '0cd04190-4c76-434d-8747-92936fbf87a0'),
	('402881e467101c83016710289a500022', '0cd04190-4c76-434d-8747-92936fbf87a0'),
	('402881e467101c83016710289a500023', '0cd04190-4c76-434d-8747-92936fbf87a0'),
	('402881e467101c83016710289a500024', '0cd04190-4c76-434d-8747-92936fbf87a0'),
	('402881e467101c83016710289a500025', '0cd04190-4c76-434d-8747-92936fbf87a0'),
	('402881e467101c83016710289a500027', '0cd04190-4c76-434d-8747-92936fbf87a0'),
	('402881e467101c83016710289a500028', '0cd04190-4c76-434d-8747-92936fbf87a0'),
	('402881e467101c83016710289a510029', '0cd04190-4c76-434d-8747-92936fbf87a0'),
	('402881e467101c83016710289a51002a', '0cd04190-4c76-434d-8747-92936fbf87a0'),
	('402881e467101c83016710289a52002c', '0cd04190-4c76-434d-8747-92936fbf87a0'),
	('402881e467101c83016710289a52002d', '0cd04190-4c76-434d-8747-92936fbf87a0'),
	('402881e467101c83016710289a52002e', '0cd04190-4c76-434d-8747-92936fbf87a0'),
	('402881e467101c83016710289a52002f', '0cd04190-4c76-434d-8747-92936fbf87a0'),
	('402881e467101c83016710289a540031', '0cd04190-4c76-434d-8747-92936fbf87a0'),
	('402881e467101c83016710289a540032', '0cd04190-4c76-434d-8747-92936fbf87a0'),
	('402881e467101c83016710289a540033', '0cd04190-4c76-434d-8747-92936fbf87a0'),
	('402881e467101c83016710289a540034', '0cd04190-4c76-434d-8747-92936fbf87a0'),
	('402881e467101c83016710289a540036', '0cd04190-4c76-434d-8747-92936fbf87a0'),
	('402881e467101c83016710289a540037', '0cd04190-4c76-434d-8747-92936fbf87a0'),
	('402881e467101c83016710289a540038', '0cd04190-4c76-434d-8747-92936fbf87a0'),
	('402881e467101c83016710289a540039', '0cd04190-4c76-434d-8747-92936fbf87a0'),
	('402881e467101c83016710289b6600a4', '0cd04190-4c76-434d-8747-92936fbf87a0'),
	('402881e467101c83016710289b6600a5', '0cd04190-4c76-434d-8747-92936fbf87a0'),
	('402881e467101c83016710289a4e001c', '484f5415-0ba0-4fc5-ac04-7b2e7d28ab20'),
	('402881e467101c83016710289a4e001d', '484f5415-0ba0-4fc5-ac04-7b2e7d28ab20'),
	('402881e467101c83016710289a4e001e', '484f5415-0ba0-4fc5-ac04-7b2e7d28ab20'),
	('402881e467101c83016710289a4e001f', '484f5415-0ba0-4fc5-ac04-7b2e7d28ab20'),
	('402881e467101c83016710289a500021', '484f5415-0ba0-4fc5-ac04-7b2e7d28ab20'),
	('402881e467101c83016710289a500022', '484f5415-0ba0-4fc5-ac04-7b2e7d28ab20'),
	('402881e467101c83016710289a500023', '484f5415-0ba0-4fc5-ac04-7b2e7d28ab20'),
	('402881e467101c83016710289a500024', '484f5415-0ba0-4fc5-ac04-7b2e7d28ab20'),
	('402881e467101c83016710289a500025', '484f5415-0ba0-4fc5-ac04-7b2e7d28ab20'),
	('402881e467101c83016710289a500027', '484f5415-0ba0-4fc5-ac04-7b2e7d28ab20'),
	('402881e467101c83016710289a500028', '484f5415-0ba0-4fc5-ac04-7b2e7d28ab20'),
	('402881e467101c83016710289a510029', '484f5415-0ba0-4fc5-ac04-7b2e7d28ab20'),
	('402881e467101c83016710289a51002a', '484f5415-0ba0-4fc5-ac04-7b2e7d28ab20'),
	('402881e467101c83016710289a52002c', '484f5415-0ba0-4fc5-ac04-7b2e7d28ab20'),
	('402881e467101c83016710289a52002d', '484f5415-0ba0-4fc5-ac04-7b2e7d28ab20'),
	('402881e467101c83016710289a52002e', '484f5415-0ba0-4fc5-ac04-7b2e7d28ab20'),
	('402881e467101c83016710289a52002f', '484f5415-0ba0-4fc5-ac04-7b2e7d28ab20'),
	('402881e467101c83016710289a540031', '484f5415-0ba0-4fc5-ac04-7b2e7d28ab20'),
	('402881e467101c83016710289a540032', '484f5415-0ba0-4fc5-ac04-7b2e7d28ab20'),
	('402881e467101c83016710289a540033', '484f5415-0ba0-4fc5-ac04-7b2e7d28ab20'),
	('402881e467101c83016710289a540034', '484f5415-0ba0-4fc5-ac04-7b2e7d28ab20'),
	('402881e467101c83016710289a540036', '484f5415-0ba0-4fc5-ac04-7b2e7d28ab20'),
	('402881e467101c83016710289a540037', '484f5415-0ba0-4fc5-ac04-7b2e7d28ab20'),
	('402881e467101c83016710289a540038', '484f5415-0ba0-4fc5-ac04-7b2e7d28ab20'),
	('402881e467101c83016710289a540039', '484f5415-0ba0-4fc5-ac04-7b2e7d28ab20'),
	('402881e467101c83016710289b6600a4', '484f5415-0ba0-4fc5-ac04-7b2e7d28ab20'),
	('402881e467101c83016710289b6600a5', '484f5415-0ba0-4fc5-ac04-7b2e7d28ab20'),
	('402881e467101c83016710289a4e001c', '98ce96cb-3409-4f35-b59d-9eb8c179e02f'),
	('402881e467101c83016710289a4e001d', '98ce96cb-3409-4f35-b59d-9eb8c179e02f'),
	('402881e467101c83016710289a4e001e', '98ce96cb-3409-4f35-b59d-9eb8c179e02f'),
	('402881e467101c83016710289a4e001f', '98ce96cb-3409-4f35-b59d-9eb8c179e02f'),
	('402881e467101c83016710289a500021', '98ce96cb-3409-4f35-b59d-9eb8c179e02f'),
	('402881e467101c83016710289a500022', '98ce96cb-3409-4f35-b59d-9eb8c179e02f'),
	('402881e467101c83016710289a500023', '98ce96cb-3409-4f35-b59d-9eb8c179e02f'),
	('402881e467101c83016710289a500024', '98ce96cb-3409-4f35-b59d-9eb8c179e02f'),
	('402881e467101c83016710289a500025', '98ce96cb-3409-4f35-b59d-9eb8c179e02f'),
	('402881e467101c83016710289a500027', '98ce96cb-3409-4f35-b59d-9eb8c179e02f'),
	('402881e467101c83016710289a500028', '98ce96cb-3409-4f35-b59d-9eb8c179e02f'),
	('402881e467101c83016710289a510029', '98ce96cb-3409-4f35-b59d-9eb8c179e02f'),
	('402881e467101c83016710289a51002a', '98ce96cb-3409-4f35-b59d-9eb8c179e02f'),
	('402881e467101c83016710289a52002c', '98ce96cb-3409-4f35-b59d-9eb8c179e02f'),
	('402881e467101c83016710289a52002d', '98ce96cb-3409-4f35-b59d-9eb8c179e02f'),
	('402881e467101c83016710289a52002e', '98ce96cb-3409-4f35-b59d-9eb8c179e02f'),
	('402881e467101c83016710289a52002f', '98ce96cb-3409-4f35-b59d-9eb8c179e02f'),
	('402881e467101c83016710289a540031', '98ce96cb-3409-4f35-b59d-9eb8c179e02f'),
	('402881e467101c83016710289a540032', '98ce96cb-3409-4f35-b59d-9eb8c179e02f'),
	('402881e467101c83016710289a540033', '98ce96cb-3409-4f35-b59d-9eb8c179e02f'),
	('402881e467101c83016710289a540034', '98ce96cb-3409-4f35-b59d-9eb8c179e02f'),
	('402881e467101c83016710289a540036', '98ce96cb-3409-4f35-b59d-9eb8c179e02f'),
	('402881e467101c83016710289a540037', '98ce96cb-3409-4f35-b59d-9eb8c179e02f'),
	('402881e467101c83016710289a540038', '98ce96cb-3409-4f35-b59d-9eb8c179e02f'),
	('402881e467101c83016710289a540039', '98ce96cb-3409-4f35-b59d-9eb8c179e02f'),
	('402881e467101c83016710289b6600a4', '98ce96cb-3409-4f35-b59d-9eb8c179e02f'),
	('402881e467101c83016710289b6600a5', '98ce96cb-3409-4f35-b59d-9eb8c179e02f');
/*!40000 ALTER TABLE `permission_zerolevel` ENABLE KEYS */;

-- 正在导出表  weixin.projecttype 的数据：4 rows
/*!40000 ALTER TABLE `projecttype` DISABLE KEYS */;
INSERT INTO `projecttype` (`ptid`, `name`, `description`) VALUES
	('402881e466d26ccd0166d26cf4480000', 'old', '为老服务'),
	('402881e466d26ccd0166d26cf4960001', 'volunter', '志愿服务'),
	('402881e466d26ccd0166d26cf4960002', 'common', '普通服务'),
	('402881e466d26ccd0166d26cf4a60003', 'young', '青少年服务');
/*!40000 ALTER TABLE `projecttype` ENABLE KEYS */;

-- 正在导出表  weixin.receipt4besureproject 的数据：0 rows
/*!40000 ALTER TABLE `receipt4besureproject` DISABLE KEYS */;
/*!40000 ALTER TABLE `receipt4besureproject` ENABLE KEYS */;

-- 正在导出表  weixin.reply4userjoinlevelapprove 的数据：19 rows
/*!40000 ALTER TABLE `reply4userjoinlevelapprove` DISABLE KEYS */;
INSERT INTO `reply4userjoinlevelapprove` (`r4ujlaid`, `timeStamp`, `timeStr`, `beread`, `message`, `a4ujlid`, `index4approve`) VALUES
	('402881e86b027526016b02912f580018', 1559116197672, '2019-05-29 15:49:57', b'0', '111', '402881e86b027526016b0290eb9d0017', 0),
	('402881e86b027526016b0295b754001f', 1559116494674, '2019-05-29 15:54:54', b'0', '111', '402881e86b027526016b02957bd2001e', 0),
	('402881e86b027526016b0299166a0023', 1559116715625, '2019-05-29 15:58:35', b'0', '111', '402881e86b027526016b0298db7d0022', 0),
	('402881e86b027526016b029ffc000027', 1559117167615, '2019-05-29 16:06:07', b'0', '111', '402881e86b027526016b029faf330026', 0),
	('402881e86b05d374016b0677e49a0015', 1559181649049, '2019-05-30 10:00:49', b'0', '111', '402881e86b05d374016b06722abd000b', 0),
	('402881e86b05d374016b067810d40017', 1559181660370, '2019-05-30 10:01:00', b'0', '111', '402881e86b05d374016b0672cbbb000c', 0),
	('402881e86b05d374016b067837c20019', 1559181670337, '2019-05-30 10:01:10', b'0', '111', '402881e86b05d374016b0672f9cd000d', 0),
	('402881e86b05d374016b06785b40001b', 1559181679423, '2019-05-30 10:01:19', b'0', '111', '402881e86b05d374016b06731da6000e', 0),
	('402881e86b05d374016b067882f8001d', 1559181689590, '2019-05-30 10:01:29', b'0', '111', '402881e86b05d374016b067403df000f', 0),
	('402881e86b05d374016b0678a856001f', 1559181699157, '2019-05-30 10:01:39', b'0', '111', '402881e86b05d374016b06749c780010', 0),
	('402881e86b05d374016b0678cd040021', 1559181708548, '2019-05-30 10:01:48', b'0', '111', '402881e86b05d374016b0675c5f50014', 0),
	('402881e86b05d374016b0678ebe40023', 1559181716451, '2019-05-30 10:01:56', b'0', '111', '402881e86b05d374016b06759c670013', 0),
	('402881e86b05d374016b067908830025', 1559181723778, '2019-05-30 10:02:03', b'0', '111', '402881e86b05d374016b067567b90012', 0),
	('402881e86b05d374016b067924b40027', 1559181730995, '2019-05-30 10:02:10', b'0', '111', '402881e86b05d374016b0675321b0011', 0),
	('402881e86b05d374016b067a66f4002a', 1559181813491, '2019-05-30 10:03:33', b'0', '111', '402881e86b05d374016b0679f6d10029', 0),
	('402881e86b2bb7b6016b2bbb361b0000', 1559806817815, '2019-06-06 15:40:17', b'0', '111', '402881e86b29c6b8016b2a6878680004', 0),
	('402881e86b2bb7b6016b2bbb739b0002', 1559806833559, '2019-06-06 15:40:33', b'0', '111', '402881e86b29c6b8016b2a6a81da0005', 0),
	('402809816b46cc65016b46d22aba0001', 1560261307064, '2019-06-11 21:55:07', b'0', '111', '402809816b46cc65016b46d1ccd70000', 0),
	('402809816b4db5f3016b493ec6170001', 1560301979158, '2019-06-12 09:12:59', b'0', '111', '402809816b4db5f3016b493db0360000', 0);
/*!40000 ALTER TABLE `reply4userjoinlevelapprove` ENABLE KEYS */;

-- 正在导出表  weixin.secondlevel 的数据：0 rows
/*!40000 ALTER TABLE `secondlevel` DISABLE KEYS */;
/*!40000 ALTER TABLE `secondlevel` ENABLE KEYS */;

-- 正在导出表  weixin.signin 的数据：10 rows
/*!40000 ALTER TABLE `signin` DISABLE KEYS */;
INSERT INTO `signin` (`sid`, `base64Str`, `name`, `vid`) VALUES
	('402809816b4db5f3016b4e7b73bc0003', 'iVBORw0KGgoAAAANSUhEUgAAAlgAAADICAYAAAA0n5+2AAAgAElEQVR4Xu2dC6xmV1XHdzvT6fQB0wcPkZcCRRRQU0MIGnkptFAiQlIUiCRAQBMSDBCMATFEkUQlojFoAloDKhqxSgRLW6RQQfCBEIUgj4KklRZo6WM605m5986M//V17+Hcc7/vfuex9nn+vuS2d+53zn781j7n/M/aa699WuADAQhAAAIQgAAEIOBK4DTX0igMAhCAAAQgAAEIQCAgsBgEEIAABCAAAQhAwJkAAssZKMVBAAIQgAAEIAABBBZjAAIQgAAEIAABCDgTQGA5A6U4CEAAAhCAAAQggMBiDEAAAhCAAAQgAAFnAggsZ6AUBwEIQAACEIAABBBYjAEIQAACEIAABCDgTACB5QyU4iAAAQhAAAIQgAACizEAAQhAAAIQgAAEnAkgsJyBUhwEIAABCEAAAhBAYDEGIAABCEAAAhCAgDMBBJYzUIqDAAQgAAEIQAACCCzGAAQgAAEIQAACEHAmgMByBkpxEIAABCAAAQhAAIHFGIAABCAAAQhAAALOBBBYzkApDgIQgAAEIAABCCCwGAMQgAAEIAABCEDAmQACyxkoxUEAAhCAAAQgAAEEFmMAAhCAAAQgAAEIOBNAYDkDpTgIQAACEIAABCCAwGIMQAACEIAABCAAAWcCCCxnoBQHAQhAAAIQgAAEEFiMAQhAAAIQgAAEIOBMAIHlDJTiIAABCEAAAhCAAAKLMQABCEAAAhCAAAScCSCwnIFSHAQgAAEIQAACEEBgMQYgAAEIQAACEICAMwEEljPQMRX3TyEc/+kQ9oypzbQVAhCAAAQgMAYCCKwxWClTGyWwTqrokxJZp2eqgmIhAAEIQAACsySAwJql2UMw75W6frrEFWNgpmOAbkMAAhCAQD4CPFzzsR10yXivBm0eGgcBCEAAAiMngMAauQGbNP/D8l7J8HivmsDjHAhAAAIQgEAFAgisCpCmdgjeq6lZlP5AAAIQgMDQCCCwhmaRzO1J3quDIbzr+SG8MnN1FA8BCEAAAhCYJQEE1szMjvdqZganuxCAAAQg0AsBBFYv2PupVOJqUzXvVW6GI88I4ex+WkGtEIAABCAAgekTQGBN38anemjeKxn85E+R92pGVqerEIAABCDQBwEEVh/Ue6hTsVebMvZeVb2p3Ff7emgCVUIAAhCAAARmQwCBNRNT472aiaHpJgQgAAEIDIIAAmsQZsjbiBR7dSKEjWeGcGbe2pqXLi/bVvHsNDhtP5+mH8WamddudB8TxOr38bG2f3TAaTAEIAABZwIILGegQyxuLN4rtVMa0HXrntHus4jAGuKVRJsgAAEIVCeAwKrOapRHmldIRt4ztpWD14ZwzGLG9HOaDVK1f7exesrJpV/M82OeurNGabDYaBOb6scJPFhjtiJthwAE5kwAgTVx6w8971UMvt8TzbBqPC4E1FTE08SHHN2DAAQgAAHn6RiADoyAxJXFNO05HsLBS0I40GfzPhTCrQqGusA8UsvGnaWPMBUVRdTWkGPF+uRI3RCAAAQgMA4CeLDGYadGrezLe6V6N9TgFFy+bIwttFQM4iZlRCPrchIEIAABCAyZAAIrs3UslsYgd53cM+05KBfWVy8N4VG5upmm+Aor/k6NqaJX6s4Q/vRy9j7MZQbKhQAEIACBgRFAYGU2SFoZp+SenbLO4b2SmNqIyUqNWrk/cYYvbKmvg00FkdncFA8BCEAAAhBYEOj0oT9H5n0IrOS9aiPqtIrvyOn3ZnzfETOVPFP6zsQUU3xzHNj0GQIQgAAEdiWAwMo8QCSwFGMeTm8jduo2sa73SgHotylg6vxlAeiFaT5SBtQ1BMdDAAIQgMBsCSCwMpvew5tUp4lV6ou5seSgWuSYsmDz4jiwqb4TEoSjzIBehxXHQgACEIAABHIRQGDlIhvLTdvUdOXBKnuvLGGnlNQZsTk74qYsLYKW/H3pshB+KDMKiocABCAAAQjMhgACK7OpYyzT/i4EVpqOVJfMC7XNtoWpvi1lByduKrPdKR4CEIAABOZNAIHVgf3Nq3Q0hI88JwTpLL9PyjdlRlyylQxTfX6oKQkCEIAABCBQiwACqxauZgfHjXs35DlqnL7g6hBu134yB1ZkQk978Z3WhaesGQXOggAEIAABCMyHAAKrA1tHgXW8zsa9MXbL9uhblQn9uMRUiq0KdVcOdtBtqoAABCAAAQjMlgACqwPTR4FlaQ7Spsbbav3HEL6ooKiLVnmnLBB9M4SvPDuExyxrbh+5tjrARhUQgAAEIACB0RJAYHVgurJ3qULs1Dbv1LomxvIttcJSAbfufL6HAAQgAAEIQMCXAALLl+fS0pLA0pdLt5dRJtK7LwnhvCZNwXvVhBrnQAACEIAABPISQGA58015p1at7NN0n1tG9KtC+LJNLcYy8V4525Li5k3gI9rhQATO0EbtB+ZNgt5DAAJNCCCwmlArnFPMil4sKuadsizptkHymQZaN2rLnu72wXvlhpKCILAgkK6pEo6Tmn53vXbBDQEITJ8AAqumjXUD3tIpi21myjdhC0ZfFshuN21vgaW0DXdoLxubVrR4Lba1qWlHDodAkUBJWNmL0eJaZnUu4wQCEGhKAIG1hlzc2884LYufqhSMnsvTpLZt6iFwKlVD00HAeRCYIwFdP8d0Udv1k67tHQtFNE14wpLM4cGa4wihzxBoRwCBVeK3RlBt6UZbe5uZrvcjbDckOBsC0yaQNkQv9HKlFxgP1rTHAr2DQE4CsxZYfxvCVYpevWSX/FNu+/bZjVqrBQ9rteC5OQ1K2RCAwHIC5WlAHXVEL0zn7MbLrlvFAxx+OtctwwoCEKhJYFYCSyv8Dutmud8EVXHvvrQR8gkFpD9T39dkWOnwdclGKxXCQRCAQG0CcSFKWmVbOWA9ebrYfqo2ck6AAAREYPICa9mWM2mFnwTVEQmqTjxKTDVwvUGgewIFr1VlYZVamWNxSvcEqBECEOiLwCQFlr15ylN1ykuVPFQxoWcvOW24Wfc1xKl3jgQUnH5IXurF9F/TPHG8FM1x5NBnCPgRmIzAKuevMVElD9XStAl++CgJAhAYGoF0L7B7QJvccyawVMadKuP8ofWR9kAAAsMnMFqBlTKml6Y5bUW1LbUmL9Twxx4thIA7geh1Wjiu2qRWIP7K3TQUCIHZERiVwFqRNd2SArqt9pvdCKDDEJgAgWLqBd0PvqL8cI9u0y2m9NvQ41wIQMAIDF5gleOpotlOfjuEP3lRCK/EjBCAwLwJtAlkX0WO+Kt5jyl6DwEPAoMUWMRTeZiWMiAwbQKl9AubTZIA7yaw5An7tjxhD5w2RXoHAQjkIjAIgfWhEG7QfhWPKHnULJ6q0lY0ueBQLgQgMEwCObxWqafEXw3T5rQKAmMj0JvAukabFSvzn6VMKLbB4qlsf70zxwaS9kIAAu0ISDQdt7eqZRumF0tOgexN0y+sayXxV+sI8T0EIFCFQKcCSyv/Dik/1dllUaV0CptK+ImoqmIxjoHARAlU2RQ9iatc2dUl2n5AObS+mEu8TdR0dAsCEFhCoDOBFdMqpI2SLUdVtm1psDQEIDBOArsFl+cWV0asisgbJ1laDQEIdE2gM4FlHbO9AOWp2nVz1a4BUB8EIDAcAqsEjrxKJ2z/0Fyeq0SAPUOHMxZoCQTGTqBTgTV2WLQfAhDITyCKqZAShRYys1+vrOpPzdUCvFe5yFIuBOZJAIE1T7vTawgMlkBaxSeP1d/pBvU8NdT2FbXFLynEIEvbyX2VBSuFQmC2BBBYszU9HYfAcAnEfQBtVbHdo7bkzVIml3wfvFf52FIyBOZKAIE1V8vTbwgMmEASPF2t5sN7NeDBQNMgMFICCKyRGo5mQ2CqBCwflvp2um5OCw9WB4Hti/py1zNVe9EvCEBgOQEEFiMDAgMjYPnilMbk+KX3JuKd1aewabOlctlU3rx9ElnHFX+1NxcIvFe5yFIuBOZNAIE1b/vT+wER0IN+S83RBgeLz8m0im5ATczalEL/T/U9d2wU2+JkNSmFQ2DWBBBYszY/nR8CgYLXZiGs9GPX5QkJrCS2htDMrG2QkNpQBRbIvk1Yis3/CMZj9Hfbl9Tdi4X3KqtZKRwCsyaAwJq1+el8nwTKwkruqzulIM4zgTWneCDlvfqOVOUFq7x2ubxYKndTde5V3TdpCvJhfY4F6oYABKZHAIE1PZvSo4ETSEHcsZknPxDCk/4ghH+zf8/NoyJx9W0JnPtbQLuSiCrkaufnuhBuVDzWQ729WJbQ1GpbVe/AhxHNgwAEBk4AgeVkIHkjNgRz79ziZpzwzaKY5IlJwqo8VuYYD1TVO1X1uKoDSeLqsISdbTy/KTtkTWBatU0cBwEITIsAAsvJnno4HhPMfXOa2nFCN/li1gmrBGBu3quPhvBryo/wm1U8Uzr2VrmbLpQosqSjrQXR3FhP/iKjgxAYIAEElqNR7Kath8A3tKH1QxyLpaiREqgqrKx7aQWdBMehS0K4z0i7XKvZdb1SXqKokMT0KsVeXVar0RwMAQhAoCIBBFZFUFUOiw+A7Nt6VGkLx/RHoI6wmqv3KopKSyR6QiKn0mrJFLvWxkusMr6uuh+un9mlwejviqBmCMyTAALL0e4msOo8MByrpqiMBKp6WkrCqnKahRR7Je/nzfJ+PjhjVwZTdFWm5Qa3vcbs/N0C6gcDiIZAAAKjJ4DAcjSh1xRG3SZdE8LdWn5lAbuLT8mo6Z8usSt12zaF4221mSWnWraA4T9CeMtdIbyhgL2ysEps+ho3fdom9rk2qzYr/5qKuj45UTcEIDBeAggsR9vt9iB2rGZRVIzZsWXtTWxoesHixTbkMTnLu21TKy/G1hmrMwuiaLFq1PbKi3+rLRbsvOS9emoIL1cOrCumxm5Zf9oIHRv3An563dQKaRGK2tPITnOwC32EAAR8CTR5OPu2YEKltXlwVMFQmoJKp5xUYPRBBUZbgspdPzrfEivuMaMXhIGdY2LrqATEKS/YurLm8n057qeUHNQ4ttonb8beq8YxUFHwfk7j9YerjkOmBquS4jgIQMCLAALLi6TKySWwykHT8S3cZduQomCw2BSJNfPU7HfEMuqiCuzTFjZugpS8V82GRhSllbfOyXVdNms9Z0EAAnMhgMBytLT3A7O8lUrOJKaqy6ZeFqu5otDaLE6JOWIaVVFxKjbLBswz9V6dsJtO3Sm+4qCpw03j+i9V34tYfDKqy47GQmASBBBYjma8VslGFRTVOtlonMpLHqrGUylNutZn3U3aO9ZzvMX4WDgkwdom1UKdWMd47Kz2dhzLWKCdEJg6AQSWs4VjfMhheX/ObVJ0ms4wL9KxEG54dgiPblJO23NS7BFv/m1JLj+/jhcmTwv6KzWmWthU/qtGGdmrspOI3YwLEbZU1xn99ZiaIQCBORJAYDlbPT48GgU+F+J9BrHSKbUHkeU7SMqB876lD7+0qgJpVU/iNbY2QSmB7cMfC7QQAlMmgMBytm58eNQWSGkqQ82pHLzr3PSlxRVEViPR2EUbx1ZHW4Extv6W29tGuFcdj2kKVsFztzwthO8dOzPaDwEIjI8AAsvZZk0envGcEPNSncq15Ny0xsWxCqsxuh0nwvJeJMXVmdFDunZVbB0Pb5Pr0M/KlAQBCECgWZJKuO1CoE4A7lUh3KoglPtZcW2CfrswSHxgbaqdjeJmumjjGOrgwf9dK5VzisVvLB1G+VN8Eay06CNyPqTxOouNs8cw9mkjBOZGAA+Ws8Wreig+FMJtirq9cAziKnocFtnfc6aKcDbF4IqrOjYG1/AOGhTFlt2PdtyTbMGHvLsWc7XWy2VN1UvOIQ3Wc4b+0tIBVqqAAAR6JIDAcoZfNYB5bAG4iIN2A0X7RR5UPNB9WDDQjmOVs1NONwRWFVocAwEI5CKAwHImKyGypSL37HZzTzFXY3oAyOP2Nc0Nfp8yvZOAtMGYIR9TA2gNT7kuhHvk8TprTNdXw65yGgQgMGACCCxn4yjZ6BElG92/6ubuJa5Uzoa8IbavYNxaMJyQ+DmkPQnPd+7SojirT/87g4dWfbpiZ3tA2vQWMWz18dU+QwLr0xJYP8ZYrY2OEyAAAUcCCCxHmKkoE1G6wR8r7+nn6cVIwfSqc5UNT0qA2Y+1o/UmznPNPO4xPMY2HezR577LMOaKbn/BE0N4X99toX4IQGCeBBBYGewevVTb8lmlGCZ5me6Sl+m8NtWu8oK9I4TXKO3726JXa5ttLVC45f5v0oyBLUdqGi4JU80bH7w0hAM1T+fwhgTiNfJJebF+omERnAYBCECgFQEEVit8y08uL8UvJEdsvD1IwTu2EDo3hvDal4Xw9irN9/A+xT5YOgnNgPKpSoC0DFVJ+R4XvYa366VisVKXDwQgAIGuCSCwMhAvPlRNmMQgKfNotdoPTUJpQ2WdUXclWtu4L9V7TPXuq1tvBrSjKtJD2ObscIwN0+LGxaf1+MzZ1rplk7etLjGOhwAEvAkgsLyJqrxislFL22AJpJTDJz3IGtfYJJanrbiyxjapt3EnJ3Ti0LxXMX2BeSB3u+4nkevM2Ou6Y3unCV1PdAUCYyOAwMpgsRw5o0yoqamn6z+3KIar0t5qHkH1qd57QvjMz2hlVgZckyzyasXaadngfdW53lYO7iKoTHxsS9z5iRDecDSEt5j4msLquyiw1m4IPcnBR6cgAIFBEEBgZTBDJoFVK5N6aoOCq+9WcLU96Bt9huaFadSJHk7KMQbWdWOXbOg2dtZOAfbR5nV9avo9AqspOc6DAAS8CCCwvEgWyvGOvan74EvHt/We1K03A8rRFhmF6Ql5g1pPDe8GIWUtLx1TSVCVy52SmO6K/2gHKA2HAASyE0BgZUAcg4f3ek211HnwFcTVtjQRdbtZCM43kVBpD7i6dUz1eCWbPaZAp31e9l/GSfY5pr+njbdNUG212Yjb+6Wgb9vWuWb6biv1QwAC0ySAwMpgVz1gD+kB67bZbNXpjhQv1Xa1X0GkZffAZMDfe5E5xYr2NDwstXuWbHya5Tbz2rpoaoKk6jXT+2ChARCAwGQJILAymdZu8EpYdaRtFvUULK3tP1771l3yXqWHurrTahWYlwcsE9ZRFJtrarVgG+NgHqtWaT8SzJT+Q+N1Q+P1zFFAXtPIKBjvEqNWSX2nwII+QAAC/RBAYGXiHt+gWy8TT9ONh0P47+eG8CMrpovSXndtxZVNNQX9Z0NpJSbxoM1k3rXFesYAlYRVq6nfZQ33WG26FkiHB4jXIVXn5kHusOlUBQEITIgAAiuTMZ0fsCtXEKZ4HwfP1UJcKbDn85eF8PhMWGZTrIcXqyis2k77rgKvOhabeOvHXbj1Zew0VZ4zBq6vvlEvBCAwHgIIrEy28oxpSQHn5b0EPxjC9ftDeHKbfQYLAs22wWE8OI6HpmOg5LFq5ZXcrTuq55v6/oFtxbkjMpeiPMStS0MoBAIQmDUBHqiZzF/M5u5RxbKHdfxbI2FUiNkyVdVqI2iP/k2xjLTFUFUBU7RJ1XPacLPxM0XbNxW2bVhyLgQgAIEyAQRWpjHh/Rad8h3ZVJGMZhs+L1In1PE6RW+VTQct7G4PV9tOxCtYOhPKURdbWNm5Mh6va2FlQNuI86EbxHN6fuh9pX0QgMBwCSCwMtnGW2DFh6IJq2QzW6Voq740S7j7pzTlZAeTfmEdNMfvV42FtIAhVpVtKrDclakFtZf7FwVWb1sUOQ4dioIABEZMAIGVyXg5ciEVhJIFpNe1nQmyeyTIzs3UZYrdhUDRY2RpEZQnbW/KZaUloLad0YEuAKYxpLqPaqXoWV3U2WUdEo9fV98eXsez22X7qAsCEJgPgboP6fmQadlTPUTvEdyzvG706QGtZm3Lf1TYf85anNIsbGu9HqQrt2spbLViSSvv1kbSnTzoW+Id5ekFGy6mZyV4t2SblI09e58K4qp1+pDsjW1YQY4Xm4ZN4TQIQGDmBBBYGQeAx1RFca85L7FmXS4HuZs3JaJwS2CZEe0oiy4KLE9bVoFRiAU7sZvgrlLWkI/JMTU/5P7SNghAYLgEEFgZbWMP1Db5i4pTgnoga1bJ51Msd0tJGTU9dV8rufB34ld8UC9KEVdhvteLaMKq6wDzQv2dxXk54qtVlPfq3VqVczAEIACBAgEEVsbh0Ga5eEHsuAakF8pd6qkqTCNtdjl9ldEMvRa9TCR/PIS/V0LXn+0iRcKcxFUUsyuT8vY6EKgcAhCYHQEEVkaTp2mZOtNBHwjhc4o8flxslqsnqaqHimkWn0GRVust82Jq0+Y75dI6kEtkKSXHEZV/Zpz6nbznKlkseo07izFTfZYJf29MnfI2JQP+VZ/RQykQgMDYCSCwMlvQYp2qxryUp5I8m1Z42FfaZzB631y9Z579GXJZafNka6MC2Y+tSqWRFkJ4i6yCkLZVD7PxRKZ4xTovNE3HUZHxkjJmI2ib8uM8CMyBAAJrIFbOFW9l3UviKubNqrSJM16sZgMjeS2riiZPkVUSVpMOZl9mHRvn9vfyllLNLLn8rJKw2iGkit8raPK1Tw/h7Z71UxYEIDAeAgisAdgqV7xVUVzVzXuU9ijUE+uIPDBnDwDT4JvQVCS3FVl9ZIIfojHaLipZ16eq9rXj4o31Som9y9eVy/cQgMA0CSCwerTrh0K4VfvW3C82wTXeqiiulN/qHuW3OqduV9sE6deta8zHS7w+V96T91sfbOshTQkvtjGq82kismL8j219tKjac6VpnbYP4dgm8Y512l0QV98S5+9ZdW5aIdpm9XCddnEsBCAwXAIIrJ5sU/Q65IgZSTf6rRDuUhqG85p0k2nC9dQ84+aSyIpC7ZiE2tJtkL4Wwsv18y4dd5pNRcrGByWgG9l4fQ/HcUTOl4GCuLpH1+rSF5Xi9Sxx9eey3UvGQY5WQgACuQggsHKR3aXcqlMNTZtWEFdflbh6VItyFnsf5hCATds0pPNy2NFElmJ39qfVf3aBFpLAlrtPUlgR0XT258XssWJ1s6bkHuw5RpKAVtmbKntp1v0U42immrMX0ZM7ZUFgCgQQWB1bsXAzzrJCL4krD1GEB2v14NgtBYPHkDKPiETDaYu9j+JHv580j5X+aWOnsy12PPqTs4xc41TlHlW7bVHI0mtV339d3z3c+iZb3aqA9gfk7CdlQwAC4yKAwOrIXldrGkeBOfex6nItnfd+0OScdukIu3s1pRQMR7UAYHIbJrtDy1xgjnEqAX2HrlObdl3qlUoxX1VXi2ZGQPEQgMAACSCwOjBKis/IeTPWDX9TXdnbNMi6iEFJMO+QGDxgU1MenrAOEHdSRVpZmdOOnXRkQpXk2NxZ4uoGjf1H7iKuFlPnq76fEF66AgEItCCAwGoBr8qpOeJ0ltXr9Raf3sytDsTVd0nrQX5UF8uZiKsqo767Y7xzX2n8a3FvUOjiTs/VIa0e/NcQbrHeaRwcU0zW0kUI3fWemiAAgSETQGBlss5VislQkMwiBUPuJdseU4PkUlo9EOS5OqoYG8RVpmulTbHxxeK4XgZqp8Yo1/vREH5JKU3+eJmIzr3qtw0DzoUABIZJAIGVwS5FL9CXlM35VRmzOf9LCH9xJIQXqxuNgubT9iIRA6ugSuPB9vSzVX14rjJcKC2L9HixKDbBxNoyO7NKsKWhOB0CMyWAwHI2fNc341Rf3ek8PUw2ZHyL2VrEkiiA685nhXCBM45RF4e4Grb5vKbFrZfLVt8WX5R0kXxTU4IPGjYRWgcBCAyJAALLyRolT5B7VvZlzUzTFnVWJRanOuxtXdG6W0qKyJL/EuAmmdWdhhLFVCAg8XO7DjtfP/+sl4unVDhl5SHLPGFdvyi1aT/nQgACwySAwHKwS1eB7OWm1nmDL7TRijkZ9yZkj8El9pfn6rCmBc9mWtDh4shUhNf0oIT0lbLz81Meq5LX6gvyWj02UxcoFgIQmDgBBFYLA+vmfEQAFyuJcgeyLxFXa7Osx+Bs804lOxNjtcbeSlFxeA/iqsVV0c2p8eWiUdxhsYUp7krusMvkDtPalMWH66QbM1ILBCZNAIHV0LzpDboPL0eKDVol6korAjsXfw2R9n6axNUhiatz+rBp750fUQO8vFfXKfmv3lIs+a9lx1/cC/XLNZoytzQNfCAAAQi0IoDAaoCv7/iMZQG51o0l04CbeljYVh981hCQuLpb4upcxNXwh4qn96rQW7xWwzc9LYTAqAggsGqYq+gZijFMnW+TkmJElK/n7ktCuG+c0rJ2MA1Yw5bFQ9M2RoirhgA7PM3Le1V8GZEX663a8uiNHXaDqiAAgRkQQGBVNHJfgezl5qXAdv3dYrDkdLn303UMWEVsgz9M062HFODMtODgLXVvA238txnrEtMvUUbSd6fLRisQZX4+EIAABPwJILDWMLV8UTrkjChijmvKrXXG6KZmLE0BmsvKHjZbekiQZqEh1FXJJRsWx2kZCbT1XhVXCFoz6+aOy9g1ioYABCZIAIG1i1GH4rWKQe0WS8U0oONFuCqWzbEKinIioLjHK/Qy8dKm3qti3KRdRyrn23pZeqBT8ygGAhCAwA4CCKwlg+LPQnjnQ0N4Rfyq9VLwpuOuvBqQt+6mJHee1zQDvl8LKKkOAXvZsZuV8lLVmtIrXUOfUREXE2tXhzzHQgACTQkgsErkitMICnL6PwW/Smt1+nmi2vCp5K2K04DayWYxDeiyqW2nvRlgZckzKfveI/ueM8Am0qQCAdnry/rnRfI61ZqiL6/2VTmHVc7ZKuf18l69DcgQgAAEchJAYG2/kS+Sd+qn8yXbS7xVp9rQNvYk5wAaW9mFaV+LXVvE1vEZNoG63sbSdlC3yet1f+thnZ0Phk2E1kEAAmMggMCSldJKMjNY3bfktkYuBq5Hb5V5qbY9+L3y/rRt69jPT97JpnE8Y+//GNsvm92ldt9XP5UE8aq4SV5Sxmh92gyBcROYvVsdJAcAAAqNSURBVMBKb7tdxmVYnQoksUDbtUHrPBh8LrCCV6Nz76RPD+ZZinmvrOfrYq90nWzpsJS25KheUrblqIsvKUyxz3MY0WsI9EJg1gKr61WCVbxV5VHAtEb766KQagNx1R5nZyXIbhZ7aGlRDkkw2ZY2Sz/rrmNeUjozGRVBAAIFArMUWF1OCdbxVi0RV4u3cvL1NL9m5SV8jrwgH1AJiKvmGHs5c533St9vyL675qjT9fcx3eSeog7crOvowb10hEohAIFZEpidwOpiSlB1HBNYu/Ev+K6KrVo34kiCuY7Q+u/JdbWe0RCPSPFymhp8mK6fm5a8fFRakMI1NETr0iYIzIPArATWuqmENiaXqNoSTMvRU2Ta2GsSk4vuV3mbZGpvZpm6q8+a1cJZOQismhrX3w+qvsV04brFCjr2gzrsMh33h0rL8Ooc7aRMCEAAAqsIzEJg5ZoSXDL9Z5xdEpMSN9Luok385ObYUK4ry4LPZyQEVo39ui9IXEMjMTjNhMBECUxeYHlPCaapizQebPpPD/GTekM+tfGyx1ixN/h1b+ge9UyxjI8pMaWC1y4yJweb+Y7Lwhr3d6jF5xXHfjGvVZ1rInrBNjQGENjjGga0FgKTIDBpgVX3jXeZRaP362x9t23qL97os2z8zJt3u2vruhBulOh9aJ2HcbsaOduLQDFmqrCK0IqvJZY1Bu7QGDiPBSJelqEcCECgLoHJCqwkUpo8ZOOyfhNP20SV/m3xUNnfhknNUHcY7zy+jf3b104JTQgk77ACGW/UdWsCebGrgv7/cnmItUVo9U+Mvwt4MKsz40gIQMCXwCQFVgpurpOVXTd3S4mwI0j9uPYvu2SXHDy+5gghTYfw5t2eLCKrPcMuS0gvFunFRtfvQQmrA03aEMv6mq6jRzY5n3MgAAEItCUwOYFVEFebujnbBsk7PleHcLsCpg6o89b/MgOXIPWmhsF71ZTc8vMQWb48c5UWV+Eu4hibeJ2L7UqeMF5SclmLciEAgSoEJiWwojgxV9Ttl4ZwoQEoTPfZP5f116Yg3IPUq8AvH5NiTtT+g2p/ozf3JvVO/ZxCLF6v4nnqnNv2Ty9HNynv1UPblsNLSluCnA8BCHgQmIzAKga0LxNSMdmnMTuhANjXvzWEt3sA9CxjXeZqz7rmVpbHgoe5MRtjf+UJe6+u9Rdqrv9VTw/hj8bYB9oMAQhMg8AUBZZZRk6pRXDs8VXThEMz3zXab03zI+eoXVua2lhs/8HHl4BNHdm0sA0Ogp992Q6ltK5W4Fo6CY2j39L95W1D6TvtgAAEhkVgMgJrWFjrt6arB0P9lk3rDM9Yn2mRmUZv4vRg1t0PVMdvi9av6OcKCfWXT4McvYAABLwJILC8iTYszx4MbYN7G1Y9y9OYMpye2WXT29SrC3MHt2sqf9NSSKieLHnwpmcZegSBeRJAYA3A7niv+jFCWlRgtSNu+7GBZ61dxDBqzPyG2vwm/bxTAusXPdtPWRCAwLQIILAGYE9WPfVrBLxZ/fL3qj1eR9+Q8HmIV5nlcmIdShIfHq96vpCrHsqFAATGTwCB1bMNydnTswFi9TGdx2JxAd6sYdikTivitN3enNODit+7WTfMB6ldn1Y9T6jTPo6FAATmRwCB1bPN8V71bIBS9cmbZWk9lJPJMvvzGQGB3NeRyv8dYXi9fm6TAH+dVg++ZwRYaCIEINAjAQRWj/B101ZO0bAn51t3j90bbdXyVGzowkipMmptMjzaTo+84SawZLP/kij+0RxdiYtQ7lEdG59QIP2blU8vRz2UCQEITIcAAqtHW+Z+6+6xa5OoOk3fxs4gtAZqVdnpdjXt/FwvKpp+PCKvlW3y/mbdMO8nEffqgaKgWRCAwIAIILB6Msa1IRzT/NM+3bhX7pnYtGk2zUUizab0dp6XNuBGaPkx9Swp5ypclf2fauvFlhleG7+/Rv9/sQTWv3u2n7IgAIFpEkBg9WTXtCm191s3MUT5DFoWWg8O4fIfDOHKfDVSchUC0RN83Dsv1cdCeJLm8D+pNnxV84Gv1s3yTYq9elKVNnEMBCAAAQRWD2Pg+hDevRnCS3KtVivFELH1jrONy0JLxV+vh/vTnKuhuIoEYvzVX8uz9MKKp1Q6LE4Rm3Dbp9//Sid9XL+zv2ElehwEAQggsHoYAzmnNIrdSfXkEnI9oBtUlWWhJc7H5OE4a1CNnHhj5Am+Vdzv5+0Jlm2/o5vjBVau9gl9gPYJ/caGgtufHcLBiSOlexCAgBMBBJYTyDrFxBVJJ/Qw1n0778dEQBf15O3FsEs3xorNsU2kF9cTgrY7e+V4WZE93yND/oJ+/kZesZ9THa/V74/T7y/rrmfUBAEIjJ0AAqtjC+Z4IHTcBapbQSBOzdr+dOm6YuVh5tGSI/4qlnmnvFfnW/Nl188qBut1l4RwXebuUDwEIDAhAgisjo2ZttrQzTu796rjrlFdgUAS0vYnS1oqr5bF8qTcWrByIhCvp/eL7fM8iixfn5qCfLLE1TvkBX68R/mUAQEIzIcAAqtDW+O96hD2QKpKyWQLzbEUGohrB/vIs/Qt3cAe4BV/FcVVkAvyBU8N4X3WRP3tXfrfV1SHZXLnAwEIQKAyAQRWZVTtDySxaHuGYy1BnpAvyov1aLvgUqyW/arfT3rEyGlsaWHqYleA2Wzv4/XConJ+XuxsleC2Kd0PhHC2Vix8Z18Ij3hyCLeMdezRbghAoB8CCKyOuKes4F5v2x01m2oyEJDn5aguPD23T8VqpVqkt4Kl1bDvdv2ojCMqw7KLb7uGbSpSgs3iwCb/8Yi/kvC9QsxeKlg78mip/Ffq78+QPS6fPEw6CAEIuBNAYLkjXV4g3quOQI+wmuR9WiK4qvTGzQtWpbIhHRNX414jQXlpk3bpfMvI/gT9HJWI2pFeQyL24xJfv/vMEP6hSfmcAwEIzJsAAqsD+6d8SXivOoA9gSpsvKRuxAD5U72yf9s/5h4wL0Y3i8WDml5TElc3CeND9HO7yriwPGzk2bpYf7tSqRm+fwJDii5AAAI9EEBgdQAd71UHkKliVgQs/spuXhJAtWPOdK4lC72PlOoN8n5dtAycBNbv6ftDEl+/PiuwdBYCEHAjgMByQ7m8oLSKTBHI//ssBctmro7iITALAnEvT/Pk1RJYuh6PCZDFuH1Y52r2b/lH5X9MgWyveIpWEM4CKJ2EAATcCSCw3JFuLxDvVWbAFD9LAk0C3AtbG71V4uqNswRHpyEAgc4IILAyotYNfUuA9yig5rCyQJ+bsSqKhsCsCESBdVBC6UCVjkePl21ndLGmBT9b5RyOgQAEINCGAAKrDb0159pDwIKSm8SJZGwWRUNg9ATitfUpXVs/vltnrlWYluYQdfj2HFejB0AHIACBwRNAYGUyUVx6v1dvzEf1xrxjCXimaikWArMgEFM0/KSurU+s6rCO+X1998v62ZHjahaQ6CQEINArAQRWJvx4rzKBpdjZE9DU+3t143rhbikadP1dL1BKwB6O6bj9s4cGAAhAoHMCCKwMyHVz31CxZ2iT2A0tU7Js23wgAAEnArq+vqmiHrhKYOn7r+l7y191l445z6laioEABCBQi8D/A5U+Pm6UKkBUAAAAAElFTkSuQmCC', '莫定英', 18),
	('402809816b4db5f3016b4e7b7b070004', 'iVBORw0KGgoAAAANSUhEUgAAAlgAAADICAYAAAA0n5+2AAAgAElEQVR4Xu2de/BuV3nXn5OTc05uJ82tMU0AAxE7NPzBKB28tFhJW5JAjEHAaSvTPwqM47TFSouWDi3SDkwrWBXt2ILWywxWQClCuMh1cMCqiA4jBgcpaQIYwgm5nJz7SX5+n9/Z62Rnn73fvdbaa1/e9/28Q8jJeddel89a+93f/TzPetYe4wMBCEAAAhCAAAQgUJTAnqK1URkEIAABCEAAAhCAgCGwWAQQgAAEIAABCECgMAEEVmGgVAcBCEAAAhCAAAQQWKwBCEAAAhCAAAQgUJgAAqswUKqDAAQgAAEIQAACCCzWAAQgAAEIQAACEChMAIFVGCjVQQACEIAABCAAAQQWawACEIAABCAAAQgUJoDAKgyU6iAAAQhAAAIQgAACizUAAQhAAAIQgAAEChNAYBUGSnUQgAAEIAABCEAAgcUagAAEIAABCEAAAoUJILAKA6U6CEAAAhCAAAQggMBiDUAAAhCAAAQgAIHCBBBYhYFSHQQgAAEIQAACEEBgsQYgAAEIQAACEIBAYQIIrMJAqQ4CEIAABCAAAQggsFgDEIAABCAAAQhAoDABBFZhoFQHAQhAAAIQgAAEEFisAQhAAAIQgAAEIFCYAAKrMFCqgwAEIAABCEAAAggs1gAEIAABCEAAAhAoTACBVRjoUqp7l9mnv9vsB9SfPZrkPTtm+p89rv879aNmFy2ln/QDAhCAAAQgsIkEEFgbMqvvMfv8ZWbP0YSeVx9SJazMRVb97x8/I7QObMjwGQYEIAABCEBgUQQQWIuajrzOfMzssSCggqXqR8z2ddX2H81OSIXt++GGGMtrnasgAAEIQAACEGgSQGCt8ZqQsDqlCdzrQ0gVSx8/4y7ckRDbvZ4PBCAAAQhAAALlCCCwyrGcrKYPmz0g89Tl3qBE0mmJpP2pjUucndTkn58qzFLboTwEIAABCEBgGwkgsNZs1oM7sIT1qbJiPS6Bdv6aYaC7EIAABCAAgUUTQGAtenqe6FywOPnflLI6BRdjqfrWBCXdhAAEIAABCIxOAIE1OuLhDbilyWvJdQeu6oFbxKrUDRcM7yk1QAACEIAABCDgBBBYC14HEj+nPe1CCXdg1zBdvEm9HSc31oIXAl2DAAQgAIG1I4DAWuiUBffdabNHbjZTiqtxPhJYO3IRsg7GwUutEIAABCCwpQR4sC5w4kMg+9ixUcqHdUz5sA6M3c4CEdMlCEAAAhCAwKgEEFij4k2vfCpx5T0jyD19frgCAhCAAAQgEEMAgRVDaaIyIeZqKovSlGJuIoQ0AwEIQAACEFgEAQTWIqZhHmsSAmshk083IAABCEBg4wggsBYwpYqFOq5YqP1TWa7CkF1g6c9+XA6JRhewDugCBCAAAQhsDgEE1sxzqWNvvqNjby6bWlxJ1B2VqLtg6nZnxk3zEIAABCAAgUkIILAmwdzdiOehOmZ2z21m10/ZFY7JmZI2bUEAAhCAwLYRQGDNOOOVyMk6rHlIt6cOph/SV66FAAQgAAEIrCMBBNZMszanBanK3n5C2dsvnGn4NAsBCEAAAhDYaAIIrBmmtxJXHly+d+rm2Tk4NXHagwAEIACBbSSwtQJrriNi5hQ4Cqh/QAH1lxPYvo23OmOGAAQgAIEpCWytwHLIbkl60OwLLzN77hTQ586cPqflbAq+tAGBUgQ+avaozMsX8TJSiij1QGD7CGy1wJrSmvQRs4eVbOrgXD/Yc4u77bu1GPE6E2AjyDrPHn2HwDIIbLXAClasHSXcVDyUvGfjfdx6dNLs0K1mV4/XSnfNc+1YnGOstLlZBPxFaOp4xSlfvjZrthgNBCAQCGy9wJoii3q1a++Udu0dmGPp8bCYgzptliCgtXtSP1LnT235XYI7/YNm977Y7KklOFIHBCAwPYGtF1iOfEwBMmc6Bh/b683e+AKzX576ATX9UqbFTSQw5r25itfUFt87ze7bb3aV+rRHP8q7v8uyrD/OMVabuKoZ07YQQGBVMz3GD+oS3oKX0IdtuZkYZ3kCc61fb3eMl5IPmN19gdm1IqWTqs4IqSCoAj0XVo+bnXih2cXliVIjBCAwFQEEVkVarsIT+sXbV+pHda437/rCmcu9MtXipZ3NJ1AJrNFjJBv3zWn9MJ435LfAQw/ctVm3SLXNlosp/b1bqmTA4gMBCGwSAQRWbTZLiaJS9QxdaHM8nIb2meshUCdQbQ55pzaHvHoqMrFWM6VyOKKXMhdG5zWtUPW+SkTpf7aj//M4TE5PmGoiaQcCMxNAYDUmYKircCnbu4eOY+Z1SfMQ8NjI2QLcHzM7KhfdJT4Nbt3WD6WfunA2Pqo5PTUR9Zj+/BO69r1MIQQgsN0EEFiN+ddb6WH9kl6c4x5QrquH5BO4NOfakssw9g28ZJvUBYHSBOawBId8cS6Y6lap8N+VkHr8tPLa3XImKJ0PBCAAgVYCCKwWLLkCZQlWo7l3LXKfQaAUgdz7MKX9KlZqX5uLrwo2PyZr1MGUOikLAQhAwAkgsFrWQY4Va4qHQd+SJeaqjxDfrxOB0utZ1ikdx2kyMJ8bM1VZph7zwHRFnR9XrNRF68SKvkIAAssjgMDqmJMUwTT3MTTBNelbuwmiXd5NRo/yCPg9eNzsG7nJNiOsU8dDnJX3cO77OI8SV0EAAkslgMDqmBnPoqx8NdfFxFMNfRAMWRwhvcRhs7vuMLtxSF0lrvXEpn/B7LVaWPt9q3tlJa2vM9+SPuqxRCXGQR3zEshJm+ICaYV1qnfdpbxUzUuH1iEAgXUggMBaMUseZOtfrzoHbc6Yp7nfuH2Xl/D47qpzkiW2YW0GDnsZrG7r8DMxfR9jAty7LFS5iTqrI62wAk8/3bQIgY0kgMDqmVb/0T1hdv+LzK5pFo15CIy1auZo212RUlMHmwHBEkluOdjx2JWbzS7rG/M7zN59vZkMbmdiYWKshH118v1mEeiyJoU0KPXRljhSZu6Xlc2aPUYDAQhUhgdArCLQJWT09nxM/q8Dc4iDKcVVePA0HmgupjxP0KDdVTzUuPe6CATLsEzIjzZFvVtC9c/pkoen4x5kLUIAAqUJYMGKINq2m2mulAzernd5LGGnHZSPSjhe2MwBpCZ7Y1giUD6pyFKSsqb2m/LjEggJRpuiXv7ob7dZkkv0pnIPnpRoU+glHwhAAALDCSCwIhjKWnVUouOCIGpcGPhlU590P9ZbdtcDrUqmeEUEoqwiU1risjrIRZMR6HD9TXIG4VwZ4yeDS0MQgMAsBBBYkdjrYsCFzjGze24zuz7y8kHFwsPHXSOrAu5jG3mP2ecVKPWcapff7mUhD9CUh84isGJnbPPKuYu92mnqv0H+j7v9/J8TCujzExEODnVBx1Ib68Ultn3KQQACm0kAgZUwr2FXoT8MprBeKSviIeUz2LUgyS84yH3hVjhN9oGm608xLodjAtMTMEUX5cEWjWojCnbE87nrWXpqvk/lHvSDmA/M1wtahgAENo0AAithRt3yo/TO17rYGdt6Faw7Q6xWIY1CQ1TN/kALyCvBOolYTZhmihYicKfZffvNvrslns9df/pq/g/uwfnngB5AYFMJILAWNrP1t/ycQPaOWJbTS3mg1XFXKTDuU+DytQubBrqTScAThPpxM0uylK4aiufS0vc7nICQOeFcBgEIdBJAYC1kcbzf7CsXm93g3fG8UrHuimrXn2dNP+tmqWJZ3KV44UKGd043iL9a6syk92vOAPX03nIFBCAAgWkIILCm4byylVR3YPOBVgWo7xw1+9rtZs9cwJBWdiHEluVY6JY+tm3oX1cqD61DfzEgzcE2LALGCAEI9BJAYPUiGq9ArDuwy+2ini0mliWFEsHtKbSWU7YZpO4Z1NW7j8v9rH0SfCAAAQhAoE4AgTXDevADkV9g9svetGekbsZH6Uiah5W9+pLmkTT+QPuU2a+9WdfP0O0iTRJUXATjLJVU+d98UwKHdc8yAzQKAQisEwEE1sSz1eUO7DqSxvMCye2izYub8WnLir8ZI2MUEIAABCAAgScIILAmWg31bOkee1QlWvTdVjJWnflUsVTFj6SZaIi9zRDY3ouIAhCAAAQgsCEEEFgjT2TlVtnj7j53BzZ2++2eK/io2f+5w+zGkbsye/VuvVJi0yNTZeiefcB0AAIQgAAEtpYAAmuEqW87269hpVrL4PQhqEIW/BJH/QzpB9dCAAIQgAAEpiCAwCpEuW3rel1UyXq16LxUhTC0VkNg+5h0qRsCEIAABJZIAIE1YFZ8N+BfNHtDc7efV+nxVCfNvkWWcu3jl2tw6FmKA6aJSyEAAQhAAAKTE0BgZSBvy1xdiarFnPOXMaxRLiHn1ShYqRQCEIAABBZOAIEVOUFtaRQqUbXIc/4ihzVqscCMjO2jYqZyCEAAAhBYIAEE1opJ8dghfb23eXDtusVTeYD5HMHl7Bpc4B1PlyAAAQhAYBICCKwa5g+a3XvA7HsE5bw6fY+nOmX2wK1mV08yKwUbmctFN1e7BdFRFQQgAAEIQCCbwNYLrDYrVeX6mzWeygWKRN2Dt5hdmTu7foahlOK+qV10IUZt6nZzOXEdBCAAAQhAoDSB2QTWnWbf/KzZ70x9rt47zN59vdlLmlaqSlS5K20R56xVFqBB8V1VHZMLRW/3hNn92kF5TekFS30QgAAEIACBdSAwm8Dyh3AAJBfcqMJGlpzjGui+ZixVJapO6ay/C5Y2WUPF0VxWJFyDS1tJ9AcCEIAABOYgMJvA+pAsHPvNrpK4ejxYkzzWaWgwtrvFqvP9dsfWzFHl7T1k9j9fZvbcOYDHtjlUqFS5p/yg6Atj2xxabi5RN7TfXA8BCEAAAhAoTWA2geUDkZvwPgWV7waOu7gKYqhPaFUHJbsrb/eMvxoU/7Muf+LjdemfRVqpVk3mkKNl5jpUWaJuR3FXs66p0jcI9UEAAhCAAARyCCziYeguPAVjy6CV/qkLs3D12C7H9F6mX5Erkj5gdrdMVk+bOsB8qEsznRBXQAACEIAABJZLYBECK+DxAPSLZdE6aHb9+WYHZaK63L9TsNZxt1a5e++oBMQdZjfWkboYUZmjL9Q1y0Wd1rNcd9tQ12JaL8+UzhWDOW0t8RpP76EgvuumFrVLZEGfIAABCEDgDIFFCay2SQlCo89tuGkTmnNAcs41Q7khLszcZS0L7AEE1tDVxPUQgAAENofA4gVWQB12HUpoDUpdsC5T91Gzw3vNLk55aFfWq1F3ZDb54RrcteCd1I10fspcrcs6pJ8QgAAEIJBHYG0Elg8vPMj8z9vwMHPxcr/ZZ37c7If6pjfXpdhX76rvt901GNjMwX7IvHEtBCAAAQiMT2CtBFbtgfaY7x70mCyldVC41mZ+UlItVOf+eRzaJVPQyLGwTdGvOdpAaM5BnTYhAAEILJvAWgosRxoe8JscmxXr8pvjAR/bt2Uv/zK9m4N/mZ5TCwQgAAEIjEVgbQVWzZq1G/+iXYSTJtUca0Lq9cbEN33Y7JB2W14xpcsUQfHk2XcXof/NJltTp1jvtAEBCEBgkwisvcDyydAurqPaxXXBplmzYlIuxJQpuWDZMXcuzannoOR8UhcEIAABCIxDYCMEVkATdhpOac1pm5ZSFp6+elJ2r7kwKnFsTolDqMdZyvPVGmNpnK93m93yO83+8ivNfn+zR8noIACBdSSwUQLLJ6BPlEw1SSX60VdHTBxUqMPHfVLuxFuro4lyOPT1J6fOTbgmZh42YZxLGEP94Pb6uVibvuFlCezpAwQgkEZg4wRWJbJOeVxWlTPLzyyc5TNUkKza/r+qbn3n41card1EsrtnMw59AKVYy2aBPWOj1W5PP+9SR2vyGYOAGB9SvVeEtez/VtzlPdo1+4wqBm73XNKh63yMvlMnBCCwnQQ2UmCFqVxCbIzeuE8oPmxfjttylajxsSmy+tGbzS4N43XR5X+uHjQ7CrreGx4+/ufcJT7X+Ya5/Z36umouHtFcXDZ120tuL1ibKpHvvzWPa4EeyeEU44bVWv+2GrnSmeje+KraeWYun3DfVNcf0f1z9j7LrZPrIACB7SKw0QLLp3IJ7ptcS5ZSUTwqVXRRU5w166u7Af0BFs5kfIfOdny62UtzxF39NqgsNCdlodGRe3zqBN5l9umrzZ4/lPG6U32/2W9eZPYzru9d4NfH44evVxbV3b9OtTKlvigFy6/uhbfqXnhdDFuJwQ+pjy+s9937qf/W+9ETn205SSKGGWUgAIHVBDZeYNVE1q5FZ64FkZvt2x8unzR705vN3uh9/4jZw34Q9imzB8Nh2P73dWEVxpj6YGpjE2M5mIvpEtoNO1i3WWCFtR3mw4WJ3HfH2g5fT7Xoar3fpfX+val8Y19qau70IP521P/362XiJfX15f32sAMXYKl9WcI6pQ8QgMD0BLZCYC1IZO3m7JL7Itqd1HQ/hZ2SlSVg526zf/cqs5c3l054cAx5GMQ+pKZftstpcdtj01J37soqe0RvORfGrsshLwl91utQt1aTv3z1nggRXPBzvqgtZ+XTEwhAoI/A1gismsia9XidkBg01dUQHuRBWPX9yA9Np5BrcetbcJv2/TZzqgRHlDgJ8/4+uREPmv3Dw2Z//w6zn1+1Hrpc5LFrqC+GMTVv3hCxF9tnykEAAptDYKsEVk1knZZA2T/nNKa43hpWq8fU95U7I4danjw4WYEn+2OtDHNynLvtoazn7v/U7adYVlPuka5xNEVRWNupcWC1347e+29qprQHAQgsk8DWCazwQ9ncgTfH9PS9EYfdex4krP6dFxv/0YzbSh2bX3/C7L4XmV2beu22lUdgpc14LK9SlkHdO3/yE2Zf9peFUKfiw/63YqyendbzsxtmHtELDrtFU+FRHgJbSGArBZbcFF+Sm+JZS7DQdIksBfc+oqCQS0IfvZwHtt9SbUOPfWNPXdN9cSup9W16+T6RvOnjTx1f7PrycnqrOKxA+e9KbaNZvr7Ldsg973162Oy5f8XsC0P7xPUQgMDmE9hKgeXTGgTM18ze2xYkPuXU+wOgHlPVPO8v9iE+NOA6tp0p2Sy9rbmZ+e42MdpZhxQaYQdsn8gpzbREfSXqWPpapn8QgEBZAlsrsCqRtZvyQC6DxWThbm5jT9l15Q+B3LHEum7KLr/1r21ObqHtI0qqefuApJpTzUIMq9KHiYc2c2KuAhf16R7FJD6lTxhOxZF2IACB9SCw1QIrTFGJYNoS0920QKXsoop5eHX10WNT9N2evp2JJca4aXUM4T6ERWp6hCFtlbq22nXo1trODSYl78W6a9DjGPs2h3SNE+tVqRVAPRDYLgIIrGq+5/4Rbe6uUmbsr1xsdkPMW/N7zD5/udmfiinbXN5zCYRNuc1KBWPH8gjtpaYYiK1/rHIxuwdLsqzXNdCyu3uuZ869NRZL6oUABNaDAAKrNk/NWKipprDtweIPhVjXT644RFwNn+GSoqCvN8FqNcQa09fGWN/HBLd7mZM61PlWM50+lP9pphmp2v6OLFhXpdYa0+/UOikPAQhsBwEE1szz3CWutIPqqHZQXdLXvdwH/Dq6mPpYzPH90I0FMX32NlRur6fp+M9mv/gGs1+PuW4pZWKEfEyZ2PH42q5bnPy/j5n91m1mPx1bh5cr2aeUdikLAQhsBgEE1ozz2PYDnurOqMof1y4ynbUb98m1eMXVvl2lxj6LMAhhp7qubqoq5YKfTSivd/unKnP2oPLcVVSt7WOyVu22lfsC4tdW99bXdW89Lbc/XAcBCGwvAQTWTHPfJa5S3D85QinnmpkQrUWzY+VUawRoz3q805CJiLECxZSJ6UObOy/XxVeqTzH9pgwEILCZBBBYM8zrCnEV/SBtpnOIGUbJHVox7W1LGZ9P+fC+VSLzfXA5BnZKu5FknVwS8/9g9q9kVv1rfZa3ylL0sCxF2quR92l7cYgJrG9rTfm6flPpW17T1++8nnIVBCCwLQQQWBPPdFvsU47wSX0zr8rPfgbjxLgna875njZ79GazS3MbrQWx78Qei5Tb1hTXxVhLS1iKutqJab+NQ+51UzClDQhAYH0IILAmnKu2H+6cH/OUh1IoGxs0PyGOyZsae5doJbIOS2RFH+9SD2D31AsurNYtBUPbRMbGPlXr/5BiprJ2DnbdC/r7b4vllalWqBzL8OQLmQYhAIG1IIDAmmiaSomr2JxX9Riew2Z33WF240RDXWQzqRa/3EFUIusRiazOA4GD6yq04YJK59188wKz64ZkHM/t8xjXVW6/L8vt931d9ae8KKSKuJwXF28jx5o8Bj/qhAAE1p8AAmuCOeyID5FRyXb05q5wj/hP34OjLqzkslr5oI9vdb1L9jErPbrg6mvWGyxU/vf+Z/1zWgLkQIi7Wud4q/pYY3l7Od0Ed2t34TNS56DP0lT14TO6v34otu5Yq1tsfZSDAAS2mwACa+T5L2W58m6uegDUhZWsIfcr4PqakYe2FtXP8dC80+w+nQUTklrW7zEXVX7u5YUB3hz9G3Pigsuz79ilIdarD5n9S/F9RZf7L9daWQnjE6r37PyMyYq6IQCBzSaAwBpxftvcDbFv923dqtwuT9pVVj2odBat7Txo9oWXmT13xCGtVdU6y/HwXuVDSo3DmWqQQ0TGVH1MbadtjXat5VNar7dkrNfqHmrdsJF7f23iXKTOHeUhAIGyBBBYZXmera3tLTr3x98rbV4bHgibEBA90hSERJEnZTFSeNOyPsGNuFTxl0rr981+V8cO/GRMDJmvXa+/z8rVJcy61vzQ+0tHU916u5myNPCBAAQgMJwAAms4w3NqaHvDTvnxr7v7vPIQu6On0hG3yIQG/b8Vv3JwhCGsfZUpvKce7JL7lssixdVZxV5FHQVV788q9+OQ4PRNnI/ceeQ6CECgHAEEVjmWuzVVLhKPszkQqo79Aa8Cd/d7nI6udbff7vxUW/cf17/P80zv/nd6+99XuOsbU91S3T0fNvuOJu2ylGz96zQpq1x3YRxD5qbrPhoirnTP/ZHuq6fkWNPWaW7oKwQgMD0BBFZB5m3xJ7HiqssC0HwgeX1SXw8qduXKgl3fmKrCjrylud5Caga/4W46I5437hOz1tteQGJBrNgwkpVAV3PyPs3H7UtbK7E8KAcBCCybAAKrwPx80Oxez2HUFD4xDxxvvuutvivnldd7zOye28yuL9D9japiiQK0Pr/q344e6Bt53wUR2SVYUtyIbYsyxK3Vv1Nqi4dkLb4iZxF7fYirHHJcAwEIxBDYyB/6mIGXKiO3zwNy+1z+SbM3vdnsjV7vu8w+rbTUz48M+D3trr+2H/pVAs2/Y9fgk2dxiKuo1Hpo1tNigdxYgeVjryxU/0+i57omi2p+Hst1b7sLXfdKyBun28v+h+r6/py5q/ryWV3/gznXcw0EIACBPgIIrD5CK773fEcKtLq6Lo5qu/t6D25e9cbf97bf9/2AYa3lpUNie8YacNtOwU22YAWB1fZi0WfdGmsO2uqtRGC25WvKvtIWBCCwvgQQWAPmrvqhPuGJI5Vz6VHt8LvIq4t1O1TXt6YRaIvn6rAI9Aq5AUNci0uXKDZXBGSPZsHyNRg2Qsh1dvKkguqVduCZU07iGIHoJfsfE4hfsj3qggAEtpcAAitz7usPkhSrVWhulcUlNnYruCdjBV3mUBd92fvNvqK8FTcshUFIbtq1U7CkBSu4zHyX6YpJ8u/cnRYt/IdMeNu67jvWZkh7KdcOdVGmtEVZCEAAAgisjDUQHiLKl3A01WrlzemBc1zbyPa3iYLUh9ESXWMZSLMvWZJFIrjBTq84A9L7e9zsGy82e2rqoCXejmjdXNAUVO6S01p8tOuAad8sIdPqU6Y4PqltF2fsC0Mqj5TyIT5P9+sjL8gMik9pj7IQgAAEEFiJayA8QPwyTwCqf3nQro5Gi/+sepPOecuu3IlPyr0V35v1LbmEB3egFyt0V7mFmzOhM/fu1waKK9ztV/+uOijaXcuLOzPv98xeqUMYfye8PEgUPiRRc+mcFsb6OilpQVzfO4eeQwACUxBAYCVSrh56V+ohl/WAW/Ugjn1IN7u8pADiRJzZxXNZZTe44sK2YPau4jECui7ig5DXejtdT147xjhK1VkX/HOL4Gb7CKxSs0w9EIBAHwEEVh+hgt935bXyJlZ9F9OFuR9kMX0sVUZu1GMy6RyY0yoSxpLKPbiqZPUM6QbOYglCuRJVa7t5YSkWo7a5EeMdsed3r9TNSD0QgEAnAX5oJlwcJQLbu7r7DrN3P93spUsQHWMjrSwku7s3x25rVf2rxFKPBcsf8vKcnflsirCqjeex6nin3eD6OY6habvX1Jn9n1D84zbcI3PeF7QNAQicIYDAmnAlVMLguITBbjqH2gOpM9loSveW5DZL6XdK2VSLUUrdsWVlQTvqwebutkuNv6vPUUgv4e3GJKWN7d/c5erjUrqIyWMDu+4DiavrxPleBNbcK4T2IbAdBBBYE83zqlxNXcIrp2tL2lWX0/9V1yxBQAZr0wkFoOfsygtjCOPcJGEVxhR2yfp/Ty1mVglwBdw/W2bDL07dp9L3AfVBAALrQQCBNdE8dbmTXHh5F9picnK61rZNPqeepV2zhHENFXgNi1X2kTFLm5u2/qQE/pcaT591U8Lvz8vy+J/mFFiPmF31B2Z3yor9vFLjph4IQGCZBBBYE8xLV24rz2ukN+oLS//gx+xUm2DYRZvwMR0x++rUmcnDIIYIhkZqD49P2lt6zovCLlDZlGtQh62/RIetv7fPGigX4S0qc+dc7HVe6SG5TK8UXs/m/6TUGwWQUwUEILAwAgisCSak68267407t2tDLS257Y51XU4wecm+5MyTzqn8ppKj/bFasPduvrRwpNImP2DDGPsET4k50lr3A6D3qa3D4vtdq+pUv/6qXmj+zVzs1ddvqK/fM1f7JXhTBwQgEE8AgRXPKrukPyU4bJEAABJMSURBVKC/pjfsV5m9PFQyZu6qVfFe2YOY6cLKheq77pRzc9pP4JgiFJo5rGSxOGdTg6+Hu81e/Uqzd047omlaCwLfE6KOuYMwdZ3LgvVK9em3JXDO7uAsSUSW6n+rH9Q7VOferuOLEFcliVMXBJZNAIE18vx0WZPGdKG8z+xLB82ete4/5rIC3XfA7OqpxxHybPnSUICcH0Fzad8yqQev9wmLkpsa+vo1x/fBndrHYUjfcqy0uubn1OZbS4q+YEELY3ExXh24vZuiQp9T+sMh/fPvX2j2s0PGzLUQgMB6EUBgjTxfbbv6ch4Oqd0cU8Cl9iW3fI5rLretcF1NHPQm+vTDtpUt9LJgreg64LnZp02Ymy7OEsUfkyi+ycWVcxlDHOfGw+m6N6jfv6I+nZPkNXbd6N69W2WfWrdQVUcXParA9ZUuytg2KAcBCGwGAQTWiPPY5Qb0B4QO5z2iN1oZmsb5zCFOSo4k5Joa4wHd1s8Ut1aY11CPH/qtubwkdvxzx5TF9jOnXJ3jGAJryLqWi/AtEkM/rzUV7W7WOnyNxvG2lvMg/R7+EVk3P5XDiWsgAIHNJ4DAGnGO2x4GU1ivfEip8SkjYsiqesiDNKXBeszUKbMHbzmzy6v1k+IGXNWHqcaWwqFU2TA21ecWrPNKCWQFqP83BU796VgrYYeIfrv69NdXCSy181Ft77up7YBt/d1duvbZpVhRDwQgsNkEEFgjzW9b/JAfFK2dZVeVeuis6roeFIf1QLp4irZKI+xKa1G6nZo7sDMn1UfMHpE/6ax1asgDPvR/0wWWkrD+C63zV5RKRxGErTYMfFBuuL+Uuw7E/Z2av1coBktezDMf1X1Y/7qoGZReuf2Oqb1oy2Ruv7gOAhDYTAIIrJHmtc1SNfWDtQqmnvyokqFIx3ahxbgD625Af9jKHeTB7kVibKayYg6dh9Tr61bTkM19iMBXHR+XNekF3o8h9dTE1Nf1g3dt27h8jvX3d0t83ZA6bspDAAIQaCOAwBppXTRFQnBFlXhQxHZ5akEX269V5UZOX3HKrSre/n8x+9u/ZPb3mn0p5QbsGWORsydL8C5ZR329yfL3kCx/l+au95oI7t1ssGoM6tPD+v5JsY6VmDoti9iLFTunpvhAAAIQKE8AgVWeqbUlk4y1yjTzKIXuDT1YeIRhjlJlLKfUxmsP7HMOaA7zVWM96jE2Y4rIVC4lyzc3b/h/32T25/Qjo9Nh4j6yWn1aVqvne+lccaY6Xq82f7W2u9Pjwe5RlXfpn+erXtx+cdNBKQhAYAABBNYAeF2XNl1AsQHnoZzn0lHd7rLYqWJBTvuROqkiK7bdERBkVZnS3xQ3W1fZphvQH8i5hzinDDjk2coVECltTVW2TTS6wNLGge9o48BVMf0YarUK6ye0pZvIY6guDv+t/mgjoX2/uPfmNYvpL2UgAAEIrCKAwBphfTTzHFWxUCf1Y68j09o/yql0SHvHr+h66Oa4GFMEywgYkqusuJ1jYWqrKDYQvk1cNdyAuy6oFMGWPLDGBdrs8D4Fgd++SQKr6Y7+gHbjXag0BjFjHGK10rX3y+J1VsCtyrqvOf6cfvA8Ae/lQ+eQ6yEAAQj0EUBg9RFK/L5pnYh9cMeIi5gy9e6uk8CK5VQfX2UheUgWkivapqleZ8irFco1rYFNUZw47cnFp8iFltypARc0XyJiXwhyrFbvNnuOFNJ/r7sAtQnhc9qE8IOrhqA+fl7zfr0EdZRFbQAOLoUABCBgCKzCi6ApFPzB0/cWHysuYsuFIa2TwIqx8jWnalW8Vu3B/VgIbHd3q1yA33yxMnE3hOhu8HvfPJVcKjnjLdl+ybraxFTf2tP4P6s+/FnvRyx3XSOP4xPnCGo+T9VTLvSNSX36oubZj166pq8s30MAAhAYSgCBNZRg4/q6lSl2F1+s9eSDZvfKx3hd7AMpVZAVRhFdXW4//SHujbiLryGYXFSdXdt9hzXHzlP0gCIKjhXMH9F08SKr3LBtazWIr7558Y7K8vgVuQDPpk4Ycr6h2r1Li+Kg+vSU4hCoEAIQgECDAAKr4JKoxwW1Bf22NZWaLyhFDOQKl4JIoqryMZ1UDNqtsi5EXVAVamMcrCleJGZTQKpoTenfqrIp8zikTWek6/c0ReiQOpvXtrmuu8YXO+5GnJxv9vi/imH83iH9doGles5XPc8cUg/XQgACEIghgMCKoRRZpi5oKhdQb5LPVBHkIk6Tdr4emLv5nFZ9Uuvuq2+M72MfuF1tN12wLrDkBvxW0w3Ydf1cjKZqN3YzQO7cdu2IbFroVO5fyxL1E6ssUGLia7t+TuBjKecG9o1B9f+B6j+kOrU8+EAAAhAYlwACqyDfIKpcALmLKsaVFyvEQjfb4l2WJh5ikfbF6cTUM9TVNlcs1FQCyxm2WZhi2MaU6RpHnWvNJXhCLwbaXPjER999Tv/1vHrAupJU3aDgrLtj2k8p4xYslf+v6sNPplxHWQhAAAI5BBBYOdRargnCR7uZjsSeAZgilkKT4Wy8GPE25UM8B6M/hBVE9Yh2f12Wc71fM2SMJQTegH5Pls29ilVzN2Gv1TN1PF3iLVgW/d9eZ3O91l2A/r0sW/erf6MGn6sv96qd31M7v5A6TspDAAIQSCWAwEol1lE+uLr8TTwmeDeIA/936oPP29IJtXfdYXbjqu4PER+FsHRWM9Q1GCqOjXVr68hQ69cQRjniekh7Y11bWaoeVFzTlaGNekqM4BJUudfpz29J2XxQus9i/oDaf7PE3ttK1019EIAABJoEEFiF1kR4WAvoeTHWpSCwYl2J9W5WD7UTeqg9yd3SHEpluThnl12hIWdXU9pyJB47Yp60lufOpq7Esg8o2Ojy2LWSDXvEC9uOhPLmgtWqOpFgT0NU7Rw3e81tZv94xK61Vq1+Pao4sFfr9Oh3Td027UEAAttHIOmhtH144kYcdgJ66RSXV66FqRJzveflxZaLG2W5Ut6vYzobTg/Z60vUmmOJKmVBG9J/74O2+EUfJTOkrTGubVoPlaH+FmWov7PZVqxFd4w+Nl5MTsqF/8M64PkzY7dF/RCAAAQQWAXWQBBKqTl6Bgqs3SNeVnW/ucOuwFAHVzGGsMnh6P3ISQ0xGECtgtQNDiXbLlFXnXuwSoZ6dS/cp/V5bYl2StUh3p4f7Rk6gPqPStVJPRCAAAS6CCCwCqyNrkDevqpzhIHXGSNSSrvh+sYS8/1YfUqNw8rlHjPGlDI5lreU+scuW1+HzlSC9WcPmL099UVj7H6G+nNcyVP1jXYgAIHNI4DAKjCnua64GKHU1r0YgZBbdwEcnVWM+YBLqTt3vkqzWeIcpYyxTSD6333b7E0/ZvbGlLrGLqt75mn6sbt7nWPexmZE/RCAQFkCCKyBPGPETlcTuQ/YmDaXZh0Zuz+x9fsONy36A6k7Nwcuk9bLc+d/jL7k1Fm5OE9qs4VOcDprWe11Xee0NfSaT5n9gOKvPimBpTAxPhCAAATGJ4DAGsD4HWbvfrrZS3NdIrkP2BhXW4pFZwCCqEtjBGFURSsKxTCpiYDeDQJD+xNz/RRcYvqRW0b935FQ3f0NyV3LuW2nXidh/WPq6DvV34tTr6U8BCAAgRwCCKwcatU1IfYq5sy7tmZyH0p9OZRSY5IGIOi9VDvL7pfJ4KopXDOVRaUzfUWsCOsdVMEC/8zsp37KTP9av4+LeN8h6GkYlE30rCVriSNRX1+rvr5eAutsvq4l9pM+QQACm0MAgZU5l0HE+OW54iFXYCn/0OFV2eKXZBmJdd1lTsOTLusbt/dFbqJj2qaPFWMg8JBHzKvx0wvE9ODAKke9XGvjN/Rj9+O6V58yakNUDgEIQKAigMDKXApBHOUkCg1NuiDQnz1mpX7AbVSPvP0Hzb7wMrPnNi+o+nZa9c4ab9IneKIGmlBIxwg9rLwVB+uCN/Shrxp38x41+8PbzZ7ZV5bv14+A7onf1b36Z5Si4Vnr13t6DAEIrCMBBFbGrH1Au5GUQv1pfmlu/JVfO0SAVNaYcywHyvL4TW2VvybXqpaBo/WScFzK1P1os5gpa/ohKdgr5MY65Zn21eGw7s+ufxfKJ+TOfNHI5+GV4ks9aQS0LnTb2tVaj89Lu5LSEIAABPIIILAyuNWTKg5xOeXGBAXB0CZecuvMwLDykrlSIXhWfS3qffVdgrmu2NJMqG8+AloDn1Xrj+ieuWW+XtAyBCCwTQQQWBmzXcI96M2GI3ZSrTyrRNQSxMQQy1zGdJxzSZ2PGJ+QyWpfKuMS/aCO5RDQffEx/dj9L7kIf245vaInEIDAJhNAYGXMbimB5U17XUfMvpoS+7NKRFWuw6MKOr4kY2iDL+k6AHhwxYkV1GOvEFeJ8DawuO6L35Y7//OybCq7Ch8IQAAC4xNAYGUwrqVnGJxUMScgvcv91pe+IWOoyZcswYIWOu2WLMVd+a7BRe9wS4bMBckEtBZ+S5bML8qC9U+TL+YCCEAAAhkEEFiJ0OrpGb5m9t5Xmb08sYonFU8VJCG5aUf8lR9mu2cui80SBN6QueDazSWgtfl23Rtf1r3xTzZ3lIwMAhBYEgEEVuJslHY9pcYrRcRfzZal3AWWgv6P3mx2WSJWikNgVAJ6kfkHauAPJbD+0agNUTkEIACBigACK3EphDQAfpniOZR2adgnZtefCxe1std3xnUJMu0s/I5SEVw2l/VqGAWuhsC4BHTfvk0xWF/XPfSb47ZE7RCAAATOEEBgJa6EWvxVkUSeMW41bzPkaOrKjJ5qCUscNsUhsNYEdN/8hgTW/RJYb13rgdB5CEBgbQggsBKmKmz590tKWYreZfbpq82e31VfM0bL//uw2V13mN1Y73pqLFfCsCkKgbUnoBeQtyjI/SEFuf/62g+GAUAAAmtBAIGVME2l469C0y6O2g7LbVql6q7CereXkr09ASVFITApAd07v6Yfu6N6kXnzpA3TGAQgsLUEEFgJU19zD+7UM4UnVNFatM3t1yaaKiF26kfNdBrOEx+sV0NngOs3nYDukb+rMZ6WwPrVTR8r44MABJZBAIGVMA9BYPlOuZKJPNvip5qiqyvGaimJPRMwUhQCkxPQ/fQGNXq+BNavTN44DUIAAltJAIEVOe0SMof3ml3sxUvFX4WmQ26tUG+X4Dpmds9tZtdjvYqcNIpBoCIggfWL+uMlusd+CSgQgAAEpiCAwIqkPFb8lTf/frOvSLnd4AJLgfTHFIx7oC7iulyAuWcZRg6ZYhDYGAK6h16nwVyh++rvbMygGAgEILBoAgisyOkpeTxOW5PhyBxNyPnaTn42BYQsZ0dkObuwzWpG7FXk5FFs6wnoXnmt7qtrFDv5C1sPAwAQgMAkBBBYkZiDwCrtHgzNdwXQd4momPxZkUOjGAQ2noDul78py/DTlKbhb238YBkgBCCwCAIIrIhpCNnWvehYAqst7qoZm1XvalfC0YjhUAQCW0dA99LP6MfuT+j+fc3WDZ4BQwACsxBAYEVgHys9Q1MwNQVccBvKrbG/XnaV8IoYDkUgsHUEdC/9DQ36+ySwfnrrBs+AIQCBWQggsCKwB4GlZKDn5KCKuLy3SHADajL2nDJ78BazK7vElVdWfTfboc69A6IABBZGQBtCbtL99cf1svLPF9Y1ugMBCGwoAQRWz8SGWKemdanUeqgf9hzcfpqU8xSQ+3jbYdLkvSpFnnogAAEIQAAC4xFAYPULrMfcsjSGwHqf2ZcOmj0rxHXVXJGdB0nXBdl4y4KaIQABCEAAAhAYQgCB1UNvzPQMlVhSFgaTweqJz6pAelIzDFnuXAsBCEAAAhCYhgACK1JghdioMaZF8SFHNRH7/Aie880ORgisVvfhGH2jTghAAAIQgAAE0gkgsCIF1ljpGZrNVwc6n9SBzhe0dc2/P232yM1ml6VPN1dAAAIQgAAEIDAFAQRWhMCS/25HAefuyhv94/mw1Ii3J2PWkz8cjTM6fhqAAAQgAAEIFCGAwFqewDrtuwjbLGZtyUiLrAIqgQAEIAABCECgKAEEVpzA6tzVV3Q2qsrcDfg1s/e+yuzl9folsDwY3vNfnWPdGqMf1AkBCEAAAhCAQB4BBFYPt09I7JwwO3Sr2dV5iNOvajsGp9rNuEeWLeYsHSlXQAACEIAABCYlwMO6B7dbjWQxmpSTp29Qt/Z6o26yCo0jria9N2gMAhCAAAQgkE1gUuGQ3cstvFAWK9dWu/pKk3TyJrMDW4iBIUMAAhCAAATWksD/B5ASnrkqDyOhAAAAAElFTkSuQmCC', '曾保萍', 17),
	('402809816b4db5f3016b4e7b8dfd0005', 'iVBORw0KGgoAAAANSUhEUgAAAlgAAADICAYAAAA0n5+2AAAgAElEQVR4Xu2dW6xtV1nHx7m1PaUtpS0hclEkyCXyQGJjisELBWnLpYEXH3wh8Ql9tPpiIgQFHowJPqgkEl9IjJdEURB6KtAaEkgQ0RACAS+ApJUg9JT2XPfe55zt/1tnjt2x555rzcsac4wx5/ytpNCeM+e4/L4x1/yv7/vGN445PhCAAAQgAAEIQAACUQkci9oajUEAAhCAAAQgAAEIOAQWiwACEIAABCAAAQhEJoDAigyU5iAAAQhAAAIQgAACizUAAQhAAAIQgAAEIhNAYEUGSnMQgAAEIAABCEAAgcUagAAEIAABCEAAApEJILAiA6U5CEAAAhCAAAQggMBiDUAAAhCAAAQgAIHIBBBYkYHSHAQgAAEIQAACEEBgsQYgAAEIQAACEIBAZAIIrMhAaQ4CEIAABCAAAQggsFgDEIAABCAAAQhAIDIBBFZkoDQHAQhAAAIQgAAEEFisAQhAAAIQgAAEIBCZAAIrMlCagwAEIAABCEAAAggs1gAEIAABCEAAAhCITACBFRkozUEAAhCAAAQgAAEEFmsAAhCAAAQgAAEIRCaAwIoMlOYgAAEIQAACEIAAAos1AAEIQAACEIAABCITQGBFBkpzEIAABCAAAQhAAIHFGoAABCAAAQhAAAKRCSCwIgOlOQhAAAIQgAAEIIDAYg1AAAIQgAAEIACByAQQWJGB0hwEIAABCEAAAhBAYLEGIAABCEAAAhCAQGQCCKzIQGkOAhCAAAQgAAEIILBYAxCAAAQgAAEIQCAyAQRWZKA0BwEIQAACEIAABBBYrAEIQAACEIAABCAQmQACKzJQmoMABCAAAQhAAAIILNYABCAAAQhAAAIQiEwAgRUZKM1BAAIQgAAEIAABBBZrAAIQgAAEIAABCEQmgMCKDJTmIAABCEAAAhCAAAKLNQABCEAAAhCAAAQiE0BgRQZKcxCAAAQgAAEIQACBxRqAAAQgAAEIQAACkQkgsCIDpTkIQAACEIAABCCAwGINrAh83Ln3Pejce8EBAQhAAAIQgMD2BBBY2zOcfAtnnDt70rnn2UTe5BxrYvIWZQIQgAAEIJCbAC/T3BbI3P+nnbuoRXBa/+y/0bnjmYdD9xCAAAQgAIFZEEBgzcKMwybxT87tSFHdgLgaxo+7IAABCEAAAusIILAWujY+49yupn4KcbXQBcC0IQABCEBgVAIIrFHxltm4xNWeRqa0K7evnCvCgmWaiVFBAAIQgMCECSCwJmy8IUNXztUVGf0E4moIPe6BAAQgAAEIdCMwC4FVeWRMNNhn/+B/NjDQxK/Je3OqG6Z5XCVOVzQTxNU8zMksIAABCECgYAKTFFiVULDQ1sbxW36R1NamaxYVIhM3E5+LmnPBzx5DgwAEIACBGRMoWmBVidjmcbFxNo3VBNS1X76eT9Tr8xfOfewFzr1jKYLjs+JkYpM6V72WCRdDAAIQgAAEBhHILrCUE3RVgzhmAwm9TQ3eJxNT5oHZlaA6PWi2tZuW4tHRPK+ZQBU8Y3djDHa0AQEIQAACEIDAegLJBVaQL1Xve5U7ZTqrElJXJAZuGst4qgF1STHGm6Q8dt88Y9EhAbsr0JZrtujQYCWmrywt726s54d2IQABCEBgM4HRBVYlZMxrckRQSUhdlYjKkmhuL9wl1IBayjw3LfNHnDunOPMthEf5OoQABCAAgVQERhFYFvaTd8hCUmH7K8+UBJXf7Zdqjkf6qbwZsz93z4cGly4sqjD08aVzyPbA0TEEIACBBRKILrD0Ur8qjserHKr9c8499s7VGcJlfLzoUKXNHz7g3PPLGFX8UXg7qOXFh8UQmvHXFy1CAAIQgEDiEOHHnXvfg869t0TwQbK3hSZ77zwscU5NYzrj3FlN7nn6u0XnXXk2Znf7JVHCYdZW6HXOa28qzwjjhAAEIDA2gegerLEHPLR9Hxas8r5mK66Mz1JCoF3XQim7RZUL9rTi47exm7Or5bgOAhCAwHQJzF5gKcl+R/lgN5iJtGPwCe0YfPF0zdU+csJhRxlVAuuq4tRZhTW2aV+/XAEBCEBgLgRmLbD8C62+W7ASXfayPZi//xerFSEhtjfF0g3+nMGq+Gr2zQQlPCSeSQkJ7qV40kqwC2OAAAQgMHcCsxRYfteYGc/EhhUyrQzZON8qId/b+tDOR72Y7UieSXx4gTd6r1ZFVnMLLHYyTuIRYpAQgAAEohGYlcB6WMndigXebuUh6pXgAxFloaKNtbeUK/OM1U3yHq4pFCPlKJzmZ6IU0Wn2sRGWkGgf7duDhiAAAQhAYC2B2QgsHw4M3FD7eqNtXXfLCxdzhpXqzQpKMuxqjByFEyx3E1gS3HvaubfKw8v1qcYx692rudjSLwQgAIESCcxCYFWHQq+Ogxkjf6oSWVbMq7hwYeVtuzUUgOJxRf99QiwuKZfs5hIXXooxlRKWI7k9hbXpAwIQgEBZBGYhsMZGWkqYqWme9dBg4Mkr1uM2tr18+6XYrZRxpOJOPxCAAAQgcPR8QJg0ECj1BRl6RlRc9D+0LfKnbPjsIrxuxBLCchqDDg1wJ3W8wafvc04ORT4QgAAEILAEAniwOli5RIEV7JS8WiX1r8KXuXfLdcCZ5JJSwnK2dpZwqHgSo9IJBCAAgQkRQGB1MFYphSr9UFXH65LU1E3XnVWrj9lx8SHB0JQliGJfg2sKu1A7PAZcAgEIQAACPQggsDrAspe14jxP6nDouzpcPvol3itinivrbAnH//SBKgH6uAToi3LvHsR71cdqXAsBCEBgXgQQWC32LGUnmh9mUDbC1NU+dZWOGrCE8KBfN/JePa7Eq5fM62uD2UAAAhCAQBsBBFYLoZK8ELVaX1faCqa2GX+uf19CeLCEMczVvswLAhCAwBQIILA2WEmhpssKNd2oUNOuClVmK+BZE1bXJKw4Z3CN3fzh3ioE9tT9zt2R4yH0hV/ZcJCDPn1CAAIQKIMAAmuDHXKHmsIzFathksje7nHMfvYg3qsyvtwYBQQgAIGcBBBYmwWWHbNyTd6rpB6joDK9jc52Cq7shEek/VHJLW5yi/J2QlwBAQhAAAIpCCCw1lDO8aIMQ4GWwK4w1wUpu+eYwFKhysdVqJJk6Q1PRQkbEnILvBRfGvQBAQhAAALtBBBY6wWWeY5GD8lZrSTleR33JResT8W4drTz7LSvAp7Di9a+dMq7Ire4ySHKy7MCI4IABCAAASOAwGpYB2O/KJWI/YRE1Y95/uatkqjar4cicwuGKT0iQVHP70mcvjDH2KujeZKHlHPMlT4hAAEIQGAzAQRWjY/EzwWJn5vH8BrZ7jIBPxZ6q5RXtTripv4ZW+TN7cGw+mA2p1x1wbDX3FYU84EABCCwHQEEVo2fL+QZK6Hc8oKkoA6JKnVpNaxuWGc6740ZQ+Rtt1zKvFui+JwY31JxPZV6lOr/fer/PdgrNXn6gwAEIFAuAQRWYBuf86Q/2tskgOyW6tpDlq0OXTamnuvq/9eFANctC0KD/R6Y3N6j3P33o8XVEIAABCCQggAC67DA6pzYXomgtTYyUaXGLEm+V4kHXtb9l33O3KeHnfuSXGZ3473qbzfugAAEIDBnAgisyrqxQ4NDFo2EgiozrATZVQmzk0PaWNo9uQVp7v6XZm/mCwEIQGAqBBBYspR/ScoLsaedfGtzo8Y2KqHB/oRzMjvj3Lelgl+K96q/3bgDAhCAwNwJLF5g+YRyGTrrGX94Qvo/arkLi5ZsMxubPdzBjlX790WVkMi9PvqvaO6AAATmRGDxAiunB8QvJB8a1AvwqjxohAY7PmE5bafcqx8o9+qu0kSLF30VQssptM/qOV/a+ipZAHdc4lwGAQhMmMCiBZZPVI9VkmHoOsgpFIaOOfd93juh4lfnVVj01tTjKe3lXRdWVl8t8M4u8hxLnqvUTwX9QQACIYHFCqxSXpCljGNqj0XOl+cjzj2lnQi3i1n2zQhNwspsGfz56Mc9lbp2cu4uLZUJ44IABNIRWKTACl4+VvAzeWFKb16NY0//biHB7C/qdEtu+55yi9IC+tfZ34dOADgkovyOWF2TNa9we0tv14IJLH3B/beq+798u5a4GwIQgEB/AosTWMGOwewJvzm9MP2XSjl35OT2p6ra/ooMVdvXnAhgwvzQD4RKVOxLge0qdHpTOVZLOxL/4yV3+D/trOkNAhAoicCiBJa+dFe//EtITM7tBSlpEfYZS25uKfu3zQ96QG29+ufUktbNK9W4EcJ7rh5w7h65Rr/Yh+vcrk1pp7mxYz4QgEAcAosRWD4pWtiy56Toy39X4zhVgtCLs4zStPJJ575+o3Ovzslt7LwenWt4WecaWi22Y3YagJFVIv++dpduPBHACwpde1meq9NpLFJuL8bDvtxyHf5dLhlGBgEIpCKwCIEVhFdsN5XeX3k/PoxT4pe/9/LZy11ekO/c79zL8tJ6tvfc1fbH9IrUktVt0p1/CARh7ysSYtlyCktZJzaOnGHkkjgwFghAIB+B2Qus0nZTlfrLWp6TncpzcrAaLzn32bc706T5P97rp5Fk25gQ+6XdlFcll9VliaSbuxIvKaew65hTXFfZis0jKWDTBwQg0Ehg1gIrEFdF7Kbyibc5Q1xNq8Bzqg6otkuOlZYcnNvrF8t7JVG1K86WQ7V69oy5wnq24aJ3gVnEVfO3urg8pL/5w1uce+s9zn2K734IQAACOQjMVmCV+PKJ7QHZdsH4cKC1Y6JP/+zKi2U7z4oQpH5+QVHRC8ov0nsz/Wcb2+neHY3YQnfh87YV4xLXd3qrNPfIETmlWIJxQGDZBGYpsII6QNnCSfVlFcsDEmO5Bgn/K23l89Jye4nWzW0bcRODl/q/onZO9PHqifGeHi5LTA+fsX01dE55bc/dZlwVD2tiT2PKdjj5NnMY896SnrUx50nbEIBA2QRmJbC8cKjCLr1yWcY0kx9XzrPgdHbeWblQrPr4wZZ/vewf18v+x23uPjdMie1P6M9eMiaPPm2X8LI0wW5jbtuUUIWAj4iqmBsrvLhSvZHv3ufcT/RhuZRrqx9YRWxoWQpz5gkBCBwlMBuBVVoye4g6pwem5q065LHyYwwEYPbiq/UlmpOdH4uNYV3eXHXen+1MjRb+a/qiUj876mDlrerjSVvil14Ja2aJ3JkzBCBwmMDkBZZPHK+mVVzIxHuG2rwfMRdmPZFabVs9JQuXHgkn6drLWgQqL9W9LEDMsW5qqwTvlc9TC0VNKlEVCLxViNI8synXUSo7x+6nEljFpAfEnh/tQQAC0yAwSYH118597E7n3mYvncpz0LlmUGqzbPJ+xBxL5eGoJ1K3cik170plIy5Zwn3uHZc+PGjh3WC9edNtlajexf6VmLN13mrLLu3N/RrxekJfai/Eyzd3SzM/CJRPYHICqyHkNfpLbqgZx/bArNmdtn/RuUcf7FC/yufzlPgyyl1UNPAeraqpB59k6y3wziKuOj6E7CDsCIrLIACB0QlMTmAZkalsUR/De1XtaKvn/Ow/qto/H3TuQ11XjGeo2NNZJbXLIVjOJyjLYAcWW/gy20ec7FijkzET1btMpurXPJKIqy7AqmtyhOR7DI9LIQCBBRGYpMAy+3Td2ZXLlrG8V5XYMDvVbTX4xRt4AYusdL30JOXKM2n5coNtnGvd5+536WsnN3/6hwAEniUwWYFlnhwN/nipSb9DvuiVd3RerqnTmtcxxaWOCCqZrTFRve+CHjK2vn0MvT6WMB3af+77giOLEFc9jfEvqqTxjBzcenC+pu+F1/S8ncshAAEIRCUwWYFlFCqhUJwXpi0PxBLSNfyTJqTMAHUxZbvF9Gf2z06fc+m6rIzSBUzJ4q8L322ukbi6LIFd5I7ObeaV6t6mHZ+p+qYfCEAAAnUCcxBYxf3SD/NnBHzFuBJNh3hXf+Ztck35UBe2rfK9aYn7ceXembdujKWLvzG/Ph6R7bVV8GZKMQynXHrawPCZcScEIDBFAlMXWFZhu7iDiSvv2qr6d/ipvFJ7Sty28/6Sf0otyWAg5NW7pMU4alkG83Co1sJFVUC/NTn8DR1KXP1I4uq5iKvrkMzDK0/eqcqz2/kHVOX9TLbLs6Q1xFggAIHyCExaYPmQSollBkozdeneobFLRvh6UiWulZKFb8p1bPlnEporYRV4fDsJLHmvvq77Xv2fysP6dZUpSTlu+oIABCDQRGDSAqvyFFmdIn61bljfH1e62s2ro/TK3JXmc2cUIrWDkG8b41EtVWCOLSzHYBm7TRO/8lgdD3IRdSSm61WiolT7xmZFexCAwHQIILCmY6vBIy2laOe6CaRIbE/RR18DeVGgegxf/AXn7ul7/9Sv98La5lF5rGzDigmr3p8S7dt7EtwAAQjMigACa1bmPDqZkop2NqFO5XmwF7Add6NdmSdLMLkXFyWNKQUXhQE/I2/Vvdc11epjIcDVUUDb9F/Zt7jDyreZE/dCAALTJoDAmrb9Wkdf8i/7YLflqKU21I+FnKwaexHr3Y+nEhdWlX/2n4YwYGtYv+Lk2rxa8tBelDo7XYp9Z29MJggBCHQiUMQLp9NI11xUsoDYZl4x7k3lHRo61lTJ3aVxWNKa9R5UCwGu3FXyIrYJJr+eutqt63VD1yn3QQACEBhCAIE1hNpE7il523rKl2JJgmYpSe1hfpXpKsUAv/sG517a59Hpyqok+/aZH9dCAALzJoDAmql9UwqYIQhTvhSrvkYNQ3ZhULpNusyh7Ro/x+q6TiUW1rXZU2Blt28bG/4eAhBYFgEE1gztfca5p5TJfTsV21fHKe3KxKdy5+cEwmNPY7GDnGf1iSmsDEyQn2c5WGu/p0rLr5uVUZkMBCCwFQEE1lb4yry55LIMeiFeETXbNWYHVw/akt+HegleI5+HVKrg7cMzvFZsP6//fp3+CXcERkna93Zrq25fgn2H8uM+CEBg3gQQWDOzb/DLP4mA6YuvHhqUt+2sHROj8gkmuqJ/UoYimwY/xwOcvWAM5tu6I7CvYX14sE2U5rZv33lxPQQgsBwCCKyZ2dpeOG2/+nNN2b801b/tKAvX3la5Ouvm48VN20t6TB4l26PPvCWqdmUwqyF24K3Sv5uIHyXc2Sf/Sva9IoE+uje0Dy+uhQAEIIDAmtEa8OE3vXAu64VzOufU/sG5L+t4ntdqgdm5cqao6mvNCn/un3fusXc6S7OJ/8kdKu0qErrOXILxf3XtnXasjOKsdqzQHV3vHXpdLbfKmonuraqPLfSQbcq/8tflzq8bypb7IACBeRNAYM3IvjnDJVWysYX5mtbUymOV0pOkl++OBmLelSyhUi9MvqsjcH5NR+F0WWZVeHfF0IvS6giZLs+pCVarZL51pXoT6uowPBtwX41+75ece1GXeWx7jRfGpsslntbmdJF/tS1p7ocABMYk0OWLe8z+t247p6jYevARG0j5spEn5ZLeeiZebP00eqauXvew3G5TzGGjnN4rb4suoavAQ3QkbGrsTDSZ10j/c+k+5aqFS8bsIPinTAyFdhgiZCVIL6qdm3w7lbAzb9XWgq3vMg/yr74twfiydffnWFd958L1EIDAcglMXmBVL1KLMUXZvTTFpWDHkMiQJ4a8WLvOtwrHHBJU1UvYmlibixM7TNZlvEGif/KSCF12DGp80p+H1quJqyj5TDXB1iqQGkKAo+TDdbGbXdM1PJjyB0XXsXMdBCAAgZDA5AWWfdHaJN64YIE1xi957e57Rq6LW0LPSCWo/OG8rU+SfwkqX+hH8mY9r/WGSBeY6LamUq+JQBwcESkNO+9MVHU+NqYPmkpwr7xaTflJTSFAAdt983UPVtaP9zy2/VgYY81nnTidQwACsyOAwJq4SWP+kg9fzAGWQbk9VU7WybYXZWz8msOe7XZTv3sKL42yw61pzE3iyv5MKsdyz8Kdd61epVhM1okQjefeRxW5lajaH6s8xtA5dPF4xlzzQ8fJfRCAAATaCMxCYK37pd42+an/ffBSH5zI3SACDMu+Xr4X5NG4dSgje1Gaxyu1FylHv6G4sp2RtnPS1qSxMwa5hMzUvDybPIDhOpzavIY+Q9wHAQhMmwACa8L2G/qiqYuq2CLAvyhThwa916wKd92YwrShKChBVIVznlp+YpeNCXivUqxq+oAABGIQQGDFoJihjS4vo9qv/iOJ1eZtGSNENFT4bYsxpffqC8594aJKMHhRVY3d8qq+pbynl287lxj3T0lgdd2oUa2t0WtxxeBPGxCAwLIJTF5gLbHYoLbn71RlEjaGBpt2iMWqlbTuscnlYfA781IUnWxKWC9xF+uUBFaK3CvxeLtC1p9Y9lc+s4cABFIRmLzA8mGhFC/WVEZp62eT92pNCYBRdqs1jTOn90rjSVJiwIvIlKHItjWxwRbFe3s8z7acPVtbQzZNBCVGOu+AHcKbeyAAAQiEBCYvsKqilzctRWDpJbMrA9q5awc1ntbsVotSV6nP45LRe2VlGRpLEvQZ/9yuNUFSuggMDsO2oqpX11WiH7K21N4LtFvye34XZ5uAm5v9mQ8EIJCXwOQFluGzF4kSjL6jStc/mRfn+L37Gk9WJVy9HRy+GztRve9MqsOATw3xMPTtK7z+U859Q7UYXpm6323GnOJen9NU+g8PnzdnImjdWB9z7sN6vt/dx8ahV6x6VuxHydfUx2tS8KcPCEAAArMQWFXILLnHJvXy8eHQWr9FhIBSJpiH889VVDS17fv2N8Tj07ePba7vk8fWZ0NHrd3Vs5FrbW7Dh3shAIHpE5iFwJr7zqKml9HnnHvo95z7UAlLMNfL3AvOLmf+lcAp5RhKTnAPNl+scqrsmKd13qtg7T+jaw6dxRjyVCjwqwqHeu/UQS6eOPyf+ni+rv2K7n9tShvQFwQgsGwCcxJYSRKcUy2XhqNqVocB6392lKeS/UgTz6Hr9voxuOVKqB9jLrHbLPFHh8+XtLn6cF+bB7KLjcNwoL7QHrnXuQc8T7xXsVcW7UEAAl0JzEVgzeY8wgZv1UGYw95LpZUD6PIC7LoY+1wXlGWwM/dMfPIJCFQJ7jslnC9ow1q3U7BaP7bL1fIJD33aPKNhm03V8vX3T6vB27RAPinR9TYWCAQgAIGUBGYjsARt0rvIgrBJ9QPfHeSUVS8hV2LCsu1q1LiSnfkXeiZKFJwpH951fZVWG87nUNXttUlAbToGyovrav5rf3TkEv8lrAHGAAEI5CcwC4E1lR1TdXM3lVeoe6j8S0hbBp++37nb8y+Z/CNo82zkH2HeEZQiLEJvbFO5iE3jbPq7mnd3ozdXou4ZuTXtLM1/0zP1M3ktQu8QgMASCcxCYJnhqpDIEwqJvHgKhqyFN6411f/RNdJV7kSf7elTmPu2YyxFQGw7jzHuL0F8Sgjt6IvFezUbhdCmH0X1Oei/nxSrO9o8ViFPcq/GWF20CQEI9CEwJ4FlxSYtX+lILkcfICmu9SG/NuGEkDhqjRIERIo1MqSPQJCvLdg5pN0+99R+OPyzfjgo/enoZ11yexgaVO7Ue/SMfMBqZFmdN/3/5/V8/3zbeLz3Svd8SEfj/Gbb9fw9BCAAgTEIzEZgjQEndpt6eewJ+EoAyjX1jEJ+a7edl5x3FZtL1/YeEbMTCvu0CdOu7c3tupyCvJZD2Ji07nl/ybnfVvb5H9Tt+EHnXvezOkRb1/lNC/776bKE1emu9sJ71ZUU10EAAmMSQGCNSTdoO3gBte4E9OJKIuwpiTAfGkk00nK76VNwstxZjDOyXJ49H+qrZtW6tu26dWP1694TGiKkzYunLzXbWfpHeK/GWWu0CgEIdCOAwOrGaaurhoirv1Ro488LKSS61eQj3SyGe2rKvH8HZzBGanryzXjP6BBBMnTyf+/c7yiD/P3VOX+dhJX1pWNvPq1jb95UH2tdXOmL6VclkPQY9Pvk9OL1GylXQwACcyeAwBrRwgppPa2Q1m3WRZdq4/4lo9Ocv/kW51414tAm1zRhn/Um6yoqtB4vmHdHG0E6h9uaeq2FA3sJ3ibvlfdMVnlWVo7EPFC9P4TVeyPjBghAYEQCCKwR4fb5wvcCQuLqrMpQ3zXisCbXtE/e1i6G8xIHtvWeT0VgU2jQPFtSKrYLtek53xdPK0TaWWzVhFXvMzA1nm9pIHYg+0GOVq1Nq/1mhzL3/vh2NKf3aE6/37sBboAABCAQmQACKzJQ31xXcaUjcZ5U3GuVZ1ViIdGR8PRqtquHplejM7hYR8/sSEDdUA+31U8DqM77M1Fzg+45p3ueo+kfa6pN1YSlJoI6hwPrba3LobPxarehnL3DP6yR4ey4EwIQGIcAAmsErl3Fla6Tw+r6L3bEVbMhvFg479yX3+Hc3SOYa7JN1ksd1IWQcp3O31eFqG2SYnlJD7w/x3LjTr9/1iHJ2mRhnlT/HdHbYxWC1dhWtawk9qKXkMiV4D/ZhcPAIQCBJAQQWJExdxVXgZdhsEcg8tCLbA7PRLNZvKiQYPGlP/yz3LievJi3PCclj6/NcbIiofrLU772VNMZf0MWylg7QB917hc1RulBNj8MsQv3QAAC4xFAYEVk618iH3DuHu2W+uK6pvvsKow4vMk1VdqZeqUA9OunSgpfPcObdhCK40VdZLlWa8V8rdyCNTk4H6rOSeO9pD8zz1m0Nn0fYwm3UmzNOCAAgekSQGBFsp0XA/o1fUFJtrc0NetzZqq/w3PVwh7v1VFADflVu8pfunEdyu87986vOvd36zxXYXt2jdbvFbUX9fDusURQIDQvySt3c6RHmWYgAAEIRCGAwIqC8fpZiJs8BKHXYVOIJtJwJt+MeCmFyB0nN+1ZU3ombR6r0PjrQtb1AqFavN+UsHp17IUT9NOrnMOmcWhOF/T3K0GlL7Czep7ujD1u2oMABCCwLQEE1rYEdf+mUJYJK4NsOS0pC0FGmFbWJtoEa9bBJe483AyxScTXh9UkrvRnO7ru4CBmqbWSqUEAAAgESURBVNh/VCL8g2NNKbYd5Q17t56jD/fhMNbcaBcCEIDAJgIIrAjrw3sWtE3qI/pZ/TrFa15hicLXf2CvPvuqfP3QH1OZvRNtLyiqXXCLrnsV7gxsS1AP4dbFlXICf6Dw350+eV1s9xTKXhta7GSolovG2N03VrgxxnxpAwIQgEBIAIEVYT3oReKPcam3ttXW9ghDm2QTY7yYpwaiLqxMGHUNl3oR8lLn3vVy5z4atiUO0RPN17EdwXu1Kw72w+WjYvGuqdmU8UIAAssigMCKaG8lsV+WV8DXGYrY8rKashfzUsOplrMk7+dxf8afDy/3FVfyVl1WO+ahat1lOMbqGkMkV20OPkpnjHnSJgQgAIF1BBBYrI2iCCy5NEO9fIf/bxNLXY608Z4rGdQ2XGQRVraYZMNddW6epo3FTPssPJ871lVo9mmbayEAAQiMQQCBNQZV2hxMwO86W9KLNNzR5z13Xlx1rXweiCvPPlsZEPNA9skX67JYYocbu/TJNRCAAAS2IYDA2oYe90Yn4L0fSxFYda+VAQ3E1bUuZ/QF16+quovd2krt0Q1WazCoq/WwxvGWGP1JPK5yr5ayJmIwow0IQCA/AQRWfhswggUSqNWhOgilNQmuTXiC63clQEbdFdjFTLE9TWrvT9Tvb0hgfV5i8/VdxsA1EIAABEoggMAqwQqMYVEEmkTUI849dcK52ysQnXb6Be1EK+K5jSF8uZKYnqb6gdbbjI97IQABCKQkgMBKSZu+Fk1AAuSKAEhHrT4HXqvwuJqu4iQIC9rRNpZQnv0T23tlE6rmeUlcnpN9ggwAAhCAQA8CCKwesLgUAkMJrAv99Q0JVqLDdgnap5Onq+uYTQBKyJzsen143RjeK2u/St6/oHEtuuDsEJtwDwQgkJcAAisvf3qfOQEJj11NceVhqu8IrDw+9uedktnl6bqoB/a0taUs9k/d69xbt8Vn3jO1Zcc4+e+CQaJtDO+VF5Ma2Fd03uBrt50r90MAAhBISQCBlZI2fS2KwAav1UHlf8UMn77/2dyrtXx8eDFG+YNgXKv+rE3V2trvsmOxaYC+va7hza6LQOLvgsZ2c+x2u/bPdRCAAAS2IYDA2oYe90JgDYHIIUHpn5WHaVBtK50wcFFeKjthIHzefbX8QSHBcNpVGC96hXUx/L76uUuDfrc8WB9hsUEAAhCYEgEE1pSsxViLJyAxc6kSMzbWQ7v7wkrrXWtVDcnRso41jnMahyWG10XVnjxV0co5jOW9sjnIg/VbGvzv6l91hro7oX9/WqHM/9G//7sU56N3OPe3d0s8Fr8oGCAEILBIAgisRZqdSY9BwCd618N4tZBc55IKQY7WVYmiTp4mG4P6D3OqrKr6k/IAPX+kOVvC/eiHmquMxaskGN+uvl6v+fy0/v+F+ue0Or+s//4z/XNGczyjP/MbAMaYLm1CAAIQ6EwAgdUZFRdCYD2BJk9TrZhoZxESlm246tz5+1p20Klvy+my8g/+ebbwn5VvuGFMm43pveoy7r/R/O5y7iHN1eb7gO6524SWvFtnpEYffoNzj3dph2sgAAEIjEEAgTUGVdpcDIHPOfcNbRN8pU043CU4JBxobfQJCdaT1bvuRoxhnKCmV7QDnbcd12PK15LSfEBK836x0N4B91/6gvuEPFvv37Zt7ocABCDQlwACqy8xrodARaCpQGgoeiovUqcioLpPaVNOTqeVUFtbtiHssxrGvhKU3vJz18NjST59RGCSAa3pRON8g7xZ597s3L/mHAd9QwACyySAwFqm3Zn1lgSC8N9qZ1/Nm9Rrt19bJfeq/tXBLkDL8TJvmfrtJN62nOqR222u9sUhz1C2Q6Vjz4n2IAABCMQmgMCKTZT2Zk+gynmypHNLIDeP00HuU9fdgR7SJm9Qg7eqcx7X7I3ABCEAAQgUTgCBVbiBGF55BIL8I1+k00J6nXb5hbMJ8rTCcwn/Sg/lr+i6pAnr5VFmRBCAAASmTQCBNW37MfpMBOwIHFVhP69MapVj6v/xJRiUI3RZOUKnm3Kr+nrD+o+COyAAAQhAYCwCCKyxyNIuBBoIKJN9R4lLq/IJdgRMmLuVO7cKg0EAAhCAQDwCCKx4LGkJAhsJmNdLF5yqhNShCut4q1g8EIAABOZFAIE1L3sym0IJPOzcD7Xl785geLYTcPABy4VOk2FBAAIQgEBFAIHFUoBAIgKWZ6VkeKu4zgcCEIAABGZOAIE1cwMzPQhAAAIQgAAE0hNAYKVnTo8QgAAEIAABCMycAAJr5gZmehCAAAQgAAEIpCeAwErPnB4hAAEIQAACEJg5AQTWzA3M9CAAAQhAAAIQSE8AgZWeOT1CAAIQgAAEIDBzAgismRuY6UEAAhCAAAQgkJ4AAis9c3qEAAQgAAEIQGDmBBBYMzcw04MABCAAAQhAID0BBFZ65vQIAQhAAAIQgMDMCSCwZm5gpgcBCEAAAhCAQHoCCKz0zOkRAhCAAAQgAIGZE0BgzdzATA8CEIAABCAAgfQEEFjpmdMjBCAAAQhAAAIzJ4DAmrmBmR4EIAABCEAAAukJILDSM6dHCEAAAhCAAARmTgCBNXMDMz0IQAACEIAABNITQGClZ06PEIAABCAAAQjMnAACa+YGZnoQgAAEIAABCKQngMBKz5weIQABCEAAAhCYOQEE1swNzPQgAAEIQAACEEhPAIGVnjk9QgACEIAABCAwcwIIrJkbmOlBAAIQgAAEIJCewP8D7yw9biAQ2ksAAAAASUVORK5CYII=', '阵俊玲', 20),
	('402809816b4db5f3016b4e7b9c2b0006', 'iVBORw0KGgoAAAANSUhEUgAAAlgAAADICAYAAAA0n5+2AAAgAElEQVR4Xu2de8xmR13HZ9nd7q2FFosUTLoVEYTEP1QuRkFKQUqLgBpAguEWQzARiVHk4jVRIVj4R6KmJhguidzUWKGUpdpSkItEwX9UNJhSLkpToN12u/vu7rsXv/P2zMvZs+d5zplzZs6ZmfN5ku2z3XfOzO/3+c3zzPf9zW2H4QUBCEAAAhCAAAQgEJTAjqC1URkEIAABCEAAAhCAgEFg0QkgAAEIQAACEIBAYAIIrMBAqQ4CEIAABCAAAQggsOgDEIAABCAAAQhAIDABBFZgoFQHAQhAAAIQgAAEEFj0AQhAAAIQgAAEIBCYAAIrMFCqgwAEIAABCEAAAggs+gAEIAABCEAAAhAITACBFRgo1UEAAhCAAAQgAAEEFn0AAhCAAAQgAAEIBCaAwAoMlOogAAEIQAACEIAAAos+AAEIQAACEIAABAITQGAFBkp1EIAABCAAAQhAAIFFH4AABCAAAQhAAAKBCSCwAgOlOghAAAIQgAAEIIDAog9AAAIQgAAEIACBwAQQWIGBUh0EIAABCEAAAhBAYNEHIAABCEAAAhCAQGACCKzAQKkOAhCAAAQgAAEIILDoAxCAAAQgAAEIQCAwAQRWYKBUBwEIQAACEIAABBBY9AEIQAACEIAABCAQmAACKzBQqoMABCAAAQhAAAIILPoABCAAAQhAAAIQCEwAgRUYKNVBAAIQgAAEIAABBBZ9AAIQgAAEIAABCAQmgMAKDJTqIAABCEAAAhCAAAKLPgABCEAAAhCAAAQCE0BgBQZKdRCAAAQgAAEIQACBRR+AAAQgAAEIQAACgQkgsAIDpToIQAACEIAABCCAwKIPQAACEIAABCAAgcAEEFiBgVIdBCAAAQhAAAIQQGDRByAAAQhAAAIQgEBgAgiswECpDgIQgAAEIAABCCCw6AMQgAAEIAABCEAgMAEEVmCgVAcBCEAAAhCAAAQQWPSB5Ah83JijDzJmrzqn6587zhpz6qeN2Z2csRgEAQhAAAIQaCGAwKJbzELgZmOOqfPtqYuoNYZIXxnzTGOku3hBAAIQgAAE0ieAwEo/RtlaOERESUmdJlOVbcgxHAIQgAAEKgIILLrCaAL/IFHkkYk6KxF1BhE1GjsVQAACEIBAwgQQWAkHJ0XTlJU6oXk6uxZqVd+xAspO6SGiUgxg4jb9o/qN7T8S4DsTNxXzIAABCKwlgMCig6wloOzUKXUSu/apra+cPWPM8WcZsx+MEAhBQALLZTgRWCGAUgcEIDAbAQTWbOjTa7iWnbLGNfvGVmaKzEJ6cSvJIgRWSdHEFwgsmwACa6HxV2bqpIK/q3K/NTtVrZVyZRZKKj2361lF7aws6jOMwEqvv2ERBCAwjEBRX87DEJT/lAbkTQXaTbkgpjIKuc4EO6L52f3VJoK2rKJd61aMCEZgZdQ5MRUCEFhLAIFVWAdxYsoGVhkoxFSG8dVU7XGJqgtWTNMWJaia4UFgZdhhMRkCEGglgMDKuGN0LEC3nrkFw8VkODIO11rTa1O29c+k3URwQpsI9pXq9xIE1poM8tYBurWX/bwa1jkupbfjZ+kEEFiZRLinmOKQzkziac2snR92jqg6Zcy9zzbmkoxcCWZqzhmsFfFssqmLqtbv39LW1QXrHFQEgcwIILASDlj1hX3O9TAK2NZvuZx4nnDg1phmz3nSj89bS6VB9XL9+zfy9Cqc1VZg2e6dy7VIqzKPlojddas/9hiTA12E7A5eu+mE7FUXKX4OgXwIILASj1V18KK96NiuyeGVOYFKYG0Nvgym5wczF4HVFMrVjlvO7sr884n5EAhJAIEVkiZ1QQACowg44bJumqxPmVFGrHi4tpbKfW+ePa1Ly6825sIY7VEnBCCQNwEEVt7xw3oIFEWgj3iaOstFtqqoLoYzEJiMAAJrMtQ0BAEIdBGoNnPs7MhgRV+n1Zatku3fqNbKdbnBzyEAAQiUdQo08YQABPImoGzRHfLgYJfAksKy6xLtpeNBX2SrguKkMggsmgAZrEWHfx7n7SCWyy6xeQgtu9XqqIZWAdUnw+VLz9VZe+6sjsq4VUdlqJvyggAEIDCMAAJrGDeeGkEg57OORrjNoz0JrOsffdZo9Wmm7bR8dgL2IUcZCECgLwEEVl9SlDN24NMhTid1rs+eoThCDZBD2+e59AmsW8Q+doF7yzlk2Zy5lX7ksBACEKgTQGDRH3oTCJF5GjtA9jaWgtkSCN1HWg7stb8o2ANA92cLCcMhAIHkCSCwkg9ROgaOHfg0LbOhY+n3Vvfr7U3HMyxJiUCILGfL1VLcy5lSkLEFAgsggMBaQJBDuThWYIUYOEP5Qj3pEhjaTyTgj1kBL8+2v9dYV5VunLEMAqUTQGCVHuGA/g0d+JwJYwVaQFeoKmECvjsFWVeVcDAxDQILJoDAWnDwfV0fI7DcOph15xv52kP5MgncYMybdffMbz3NmJ/QQVefa/NyxboquwGDqecyuwVeQSA7Agis7EI2n8FjRFKVvbIHC9Hn5gthNi1XGypO6zDRXXWj69kqdSS7WP1Ms0w2TmIoBCBQNAEGu6LDG9Y5CayT6jC7fUXSIWPu1Sj5YK2HOW/ADGshtYUg0MgOfVnxfkyIen3qqE8n32TMBy4w5kV6fvuSZQ6q9aFJWQhAYA4CCKw5qE/QZvWbvs0Yad1vuFeVWdhU1kBjXr/XmKlF24IVdnrbqc5a769D+q69w86cNubo1cZc1M/6tEuFinNqC8SdwKqJKhsIewPAzrQjgnUQgAAEHiAwZJCCXQYEYi0oH1Lvumdq2+l9++OWWBrwqvf57LfuD4lHnVmKC8Sb66vIfA7o5TwCAQjMTgCBNXsI4hgwduBdZZVvvauyVy0Du21yWzTpL/bvZ44Z89XnG/PokJQ+bswRpUEONH7ByPJEb994WI5td+9pLdPmmBP6Q8Sn0Sds/Hf4TkeHsIM6IAABCIQggMAKQTHBOm6ROLFmPSP8FKGtt/fAVxcA1Rouu2h5ey3NYWO+8AJjnjgnwnrGJLdzk/oKrI8Zc7d25F1cF5Wp+NoUVnZae8yGijn7Em1DAAIQcAQQWIX2hbHrntZksHoLrJpw2cpGuDpTGdibPtYG+myyWV0CK8UpQMtdWcSjyiLuq4vt+npB/YJwp/rJw8lgFfoFhVsQWAABBFahQY4lsCSaNtVpdnUNfNUAWr/rLYv735x/tlt0+ZhC12kTWG3XxMjWU/Kn98aEWL41pyfXie1qQ8UpbahQ8o0XBCAAgbwIILDyildva2MJLGuAHfhW3SfYdgBk6J2MvSGMKFgN7vaMpaR3rTmBJaFyygrfVDOFQxaud2XnRoSXRyEAAQhEJ4DAio54ngZiC6xm5qFlgbJ1vPdarXkorW61GtyTzmLpfKi7lJJ6WMOLpKY3m/1C/eY+iVa7FqzzhcDqREQBCEAgYQIIrISDM8a02AJLttkjDppZk+3BPZcM0CrGKS+ybltXtalF7NcYc+mYPhPy2baF6771x+zDvrZQHgIQgIAvAQSWL7EA5e06Hw2Ih689P/sQoPYHqog5ODUH+FXZrBzWMK0RWFY87kzFh7ap10rg2vVJSWSt7C5RnWq7S3YFOXE9Zh8O9kGjIghAAAIrCCCwZugaU2R3YgxOTWG1ah1W7lM7qewmtAvCJVgeVBcslZjdvp9vir7U9yPiplVD7RJNOYvYlwnlIACB5RJAYM0Q+ykESCiBVe2qswu9t7MSFbLW9VVul1gqmR+f8KZwHlbLWWH2xNWVi+2rvnRavM+5FNnH71Blre0+Vyh1tavre05IYNq7L4Ne99TVLj+HAAQgEIIAAisERc86Qomfdc2ObaNl19f2IL8us5DD4vA2bvZg1ipTNPl0mw4B/Y7m+S6piVhrYi87qgyW192Qnt2V4hCAAAQgMIAAAmsAtLGPTDH10fe8qqYvDWHljmOwB0Juv1bZ/xFj7lDBgzndHdfIWk165lLbYvUT2hn4HGMu69vHqiMzvqZrbg72fYZyEIAABCAQnwACKz7j81o4ZMw9ms+5+IvG/NnrjXlNLBOqwXdDg2/9wM/W5prCasOY25+74g7AVQJrbNYsFodV9c6x1mrVYvUhU2uaQtvQ3NneHKdjp4417UEAAhCYmgACa2riVXtTLE7u00ZTWOly5a88z5gfWIdl1TqrKdaWhQrXVOKq4ms/Z/XPmj3iwk65jlo3lfN6t1BxpB4IQAACqRJAYM0UmSnEyLo2WoTVHRJWj+qDo236MafsVW232+mxIqfJa4WgssVap1v78F5VZoqp5jH28SwEIACBJRNAYM0U/SkESduC878x5os6RvtHKrfPairwDk0F9hJWDlW1083u7truP1MIxrGhqnalbd3Hd9iYf3uBMT86tk73vGNdqy+4oGraOkUfCsWnxHr0OfiAPgAvstnJUEdTlMgJnyCwVAIIrBkjH1uUNAfgusDQVOBXlbG6Yoj7zbU/LqOlc7F6rfca0ubYZ+oZuxhrlixr+X9S6932jrW17/MIrL6kwpVbk6FM+lqlcASoCQIQ6EsAgdWXVIRysQfI+hSSW69j3RgrMNwifVdPbD/Gop9qvdVYO32fT527rz8plu+Y8r1ZmwykqbcyWDdouvnnUvQBmyAAgXkIILDm4b7daswsljJNxzQA7LPTFwq0Payx19lKfZBYu8cKtT7tjCkj/4/I6QttHSlM4YSOtTu7K/U4jInh1M9Wv4jYz0rzu1FdyBwT663+ZF9O4NoriySu7JVFvCAAAQhsE0BgzdwZYmchqp2E7l69YCdi+xwBMQfiWtZqdMYulP0uFqEG49CCLZSfOdYjlqdld/3zsXanZ01crTxlP0cO2AwBCIQjgMAKx3JwTTEHyhh1p37+Um3BebCM3eDgfjfbsTWAh8w2xYjtWD9zfN63v9TW8yXTv3Lkjs0QKJ0AAiuBCMfMYsWoO9Xzlxqnsid1fUwMMRSjzgQ+DpOZUM9yqtGj9em/VUbU1jIiriaLFA1BIE8CCKxE4hZrsIxxVlIM0TY2DCkvZI8RA8urmnJkimpA5/HNWtkmFMcv6gvTHnGCuBrAnEcgsDQCCKxEIh5TtFQDcbBDNWPa6huO+tETKSxkb7M/lngOHVdf9jmWr2et1F++rfVwD+vrhxNlIad5+7ZNOQhAID8CCKyEYhZzIA75W3cqAivFhezN7uSyV7oT58YrjdGZruFe1UYDe/bWnnC1llnTPxnzQl2k/aHKO+8MFOKqzH6BVxCISQCBFZOuZ92xhEvoemMJQR9cQ6Z4fOoPVTYWK2XujmvL2x6yKd2Raqy1+rKYPab7qe+WQFz50KIsBCDgCCCwEusLMQbktrsDx7jdZaM7fyvm4G8zQzo5/fjVxhwY40vMZ92CaG0fPBbazljrumLymLpu9cN3SYS+YmjWyj7nxJn62ueVKfzxqX2gPQhAIF8CCKzEYhc62+TcC7kguqsuBv8HqMfMfMTqJ4l9HAabU89aSRzdKnH0DN/KXB1aqxVs/aKvDZSHAATyJYDASjB21cB8RhmgnaHM68o6+bTTtbiawX9rx9mmPly7qvsJg6+RgnF7jxX3fxb3J4/JWtUzV6lunPD5vFIWAhCYhwACax7ua1uNMXiGrNMKLE17HdW01/a1IXWHQoq5BMPTy6SQvNsahPH5VBpZq+uUtXpDr2A1CtXq8V4MP6Q9noEABMokgMBKNK5d03CJmm0zN6ftvYf6zT+pgz6n5hU7fgis70ZULO7Q/x0cm7WqZ670d8TV1B8a2oNAYQQQWIkGNHYGJJbbQwZ+66umQ4PdkxjLt771ThG7rmnavrbmXq6etdIiqx/UF9r/DPWJzNVQcjwHAQi0EUBgJdwvYmdBQrs+RFjUFhKfCnUJcmi/fOsbIjJ92viMMe/dMOalDzbm959kzB/4PFtKWTG+W75cEiJrZevgfsFSegZ+QCAdAgisdGJxniVDBMuc7gwVFrn5uY6xW9yuMl9XVu7yGPFI9S7IGL621VnPWoU4CgRxNVXkaAcCyyKAwEo83rlkscaKpKHiLLXwjeXQx58p2uhjx9RlJIRO6gtrd6isFZmrqSNIexBYFgEEVuLxzmEwdQPfmC3tOfjZp6tMIYhLYdWHZ71MJcJNiKwV4sqXPuUhAAFfAggsX2IzlJ9i0B7jVqiBL/cs1lTCJ3dOQ/pabVrw0xJYTx1SR/0ZN82qf2O34FiYPA8BCLQSQGBl0DGmGriHoHDrV3Qu1v06F+uiIXW4Z9ygl+vJ2VMJn6naGRPL0M9WnwGbvRq92xRxFTo61AcBCLQRQGBl0i9CZYlCuxt6sE/Vzy5ubtDeZcwnrjTmqq7yY36eekZzjG+xn61tQiBzFRs29UNg4QQQWJl0gEPG3KfB22aIkhkYUs6s+Ya1Gnh3Vtkzt5C6dzW36CwvPbsj1PqgdQ1bgaUreE7opPK9vQ2k4Pb1RSl9hggLBCBQLgEEVkaxTWk7+c3GbGiuxg7wyQi+rlDeYMyXDhjzaHV6d8fjuv5/VmdNfe25xlzRVa9Y3C8WB8Ys8u9qw/1cbR1XW3umEHJ9bXLlqs0Ou0JM4/m23VX+k8b8/KYxf5tTf+3yiZ9DAAJpE0BgpR2f86xzWSMN5rMezJnLVJ4VVbow8bEC2dbXz4qj/XNK2aCtC5lvNOZ/pRof0Si/VkROmb1yIjthgbU7Rdty6a+ZfR1hLgQgsIYAAivD7jH31Fzqg9UKUbUlpHRa/AV9Q+6mDa3YWiUaXEZpqoX5c8d+HTt3XEdqAiv1/tq3P1IOAhDIiwACK694bVs716DhBnitAdpQ1md/KvhCiSpff6aOAwLLL0KO138b86RfMeZf/J6mNAQgAIHhBBBYw9nN/eSPafD4Vxkx2RooNz01xVqjPnBXTef5Zqr6tNVWpnbA6mllxrQHIf4rcYF1yq5vSyWDVTs766hs0kwxLwhAAALTEUBgTcc6eEtTnueT0vb22sDpmHpP/4UIxtTZqxA2x6wjpfVhtbWKZyR+3aaGmO5TNwQgAIFzCCCwMu8QdiCZYtdW6POufLHXdlDOKqpc405wzr3ZwJdjzPKpZNdS2m0bkzd1QwACaRNAYKUdnySsmytTs0JU2YzEJNNx6+DPxSSJDrHCiBQE1pRZ3ZRjgW0QgMD8BBBY88cgaQvcoHm3Fgi/SAuFYxtbDZD2OpTtvpnKmq+679ZO/b8Ve713JcZmN3f9cwss7ei8SR3nGnGYbF3i3MxpHwIQSJcAAivd2MxuWW0dS9RF3O6AyrqoYpCcPfzeBswtsMgqeoeMByAAgYgEEFgR4eZc9VRTLY0F62QeMu40c67TQ1xl3HEwHQKFEkBgFRrYMW5pquWEplrs1Fc0wVMXVilOAY7ht9Rn5xBYtV8ETCrHQyw1/vgNAQicSwCBRY84h0B9YXmMAauxcD2agCOs0xOYWmDVRDr9aPpw0yIEINBBAIFFF9kmEHPAUlbsmLJi+6rGGBAL7HdTCiw3JUj2s8COhEsQKIQAAquQQI51I6a4akwHbrLzbmy0zn1e4nVDH+QL9GfHVKfYt3lgRU9swVPPgMrf33mGMW8OS5PaIAABCIQhgMAKwzHrWlw2QE6c1rRgsDOmWGcVtlvUjrCwFff97FrRc1Z3Rx6+2pjvCWvRubXFFlgxfwmIyYW6IQCBZRLo+yW9TDqFe/14Y174DmM+ZN0MeXlz7HVWKV3JErqLfNyYo5pK3WuzUR0iSrpJykmiWBnB3XU7qlPm3fUwbZ9x92zQQ1srgRX8SI9bjblb/fOSmr/BfgkIHT/qgwAEIOAIILAW2hdqdwsG231lp6qsOKiQRltnlfuW/E8Yc71OKf0lezFyxWrd59BloI4rA3VgTHethOk64bbVlp1mfJYxe3zbqgTWqabg862nWf4WY47Lpj0xNl342iY77FTsSd/nKA8BCCyPAAJreTE3Me9qs4Ossg0nhwzQfUMRK1PSt/0h5W4z5i0SVW9ckZWKklHqY6dE8XF9CezuyJj1Ess2LqrnmNZFjRKCTbvrGcvPGPOsDWPeJLH19D7+hSoj39TsA788yEcrQo/IhoeEqp96IACB8gggsMqL6VqPcl/HYu23nVaDuL1OJ+mXMlWvO23MdQ1RtZUhSn2hf8t6r06RZQWWgvLJq4y5MmRgGofR9qn6qMTPhX0K9i0jG07Lt7frl4eDeuYX3HMpZNX6+kA5CEBgWgIIrGl5z9baTcbcpZNDH2YNiL3TK6aTUx4FMMQPZalefJsx78tRVK3yt8+UrMTkqyUmr48hOJzAsv32uDEvea4xH9S04Xv1/y+wU4f6EmuK7U4x6BtbK7D0zO/Kv7fYZ9X++9X2i6vP079LMP+wb52UhwAEyiaAwCo7vlvexT48dCqEbqCNMYiP9aG6T7G+2DyLTFUfv/twl///py+TR0wZm3o2Vn6cCbkDtsmlKbDcz2viD5HVpzNRBgILIoDAKjzYuU8J1sOTavaq9HO+3HU068STE5hTCayp+7UVWMpYXadM1ZuaXxnuFxj9HJFV+Pcp7kHAhwACy4fWTGW1df+ItpvZNSU2K3Letvw2sw4Zc5/2sl9UTWHY7fhux9pMXoxrtk8WZVwL/k83hFXw4wn8LYr3hBW3miM7qp2MrWub+oiwUNZNLa6s3WrzqD57r9LnyE7/nvdyIktzlfdoDdpDQ/lKPRCAQL4EEFgZxK5xrlTd4q3dZ8oanLMGpZQpQeeo1o99S+vHLk1l7Vhj0XXw9T4pdslq5+ZKoT7V2WRziKs+AqsqozXwZof+8yrton1ninHEJghAYDoCCKzpWI9qSdvpT0hFSWd0vqzosnEtZuDvs8i6k0rAAlUsdjeFbcAmkquqa3p2CoFVX+w+dUa2K4PlApZaX02uI2EQBBZEAIGVebDd1Ezlxpa4qqYRizjtWgPWpnzaVZJPOXa5rinarp+P9XlOcdU3g4XIGhtlnodAWQQQWIXE0/3mXFLmqhrY3DToyr5q15tpgdn+2nb9rQxeDudN9e1+VkgrazObaO4SUF0/7+tnW7mauJptnVvfDFZDZBWTRR4TP56FwFIJILAKivxc61NiIXTTTkph3X2NLir+iDG37zPmCpul62jTTZO6YlmLrZjipW/sapnSX9PU6J80n4tlY61P36t2L+5rb+hyAwTWCdlwwVS7KkP7S30QgMB4Al0D1fgWqGFSAjHuGJzUgVpjbt1P9U/bfbW6qsQemGqFlF14fc5lx66KG435uu42+b6GIMsuq9C1/mmK+HStLYohsFybWnv4de3Mu3wKP1e14SuwbD2V/SclsrzvdZzTV9qGAATCEEBgheGYVC32fjkNSntyXLekIynut9N9DVFk+do7Dk9od5aSWP4via1vWLFlxVkO1+w4D6dYPN5F022wqKZcW8VsaIFVm/L+ggTKE7psjP1z2XOn/P9Tifk/6ttWaCZ926UcBCCQBgEEVhpxCG5FV8YheIMjKrQiQoLQLs4/rz+GmmJxolNmbqrOPrsxR3gU7tEU4thHKPQp05eK81md4X0Sw7/Y97mY5WTTHbLnabLnqz7tkMXyoUVZCJRFAIFVVjy3vXEna0u0bKZ2sXCVlbF9r9n/zp4y5l6JrX1VBs4u7G7NmPiGLaQA8G17aHnF7nm68+7vZ85E7rDsus4gCzWN6cSVspiveLox7xnKLvRzdopwQ3d56h7EYz51pyCQfeylLAQgEI4AAiscy+RqSu3LvTbt41jZab9NTfuds0YlhhiybXeJhNQCGIODr499bQgpsBSnWySslWhM46WLrC/UKfZ3yqDWU+zXWSmB/Hfy52dV5pCe114NXhCAwFIIILAKjrTb+VWtXdISpHlfVSak11U/NssV6jDJviJhXjrntx5KtIzxq68Nfcuts0V1KElk9oaaFh7jd/3ZTxrz/drJeovsetSQOlP7RWeIDzwDAQj4E0Bg+TPL6gn75Z7bwu6QgJ24mnmazdsltxt0TrHhI0wDCaytq2bm9LktUNp48WRNWb5Ddj3ZO5B6QFmsL6n//ZDq+E1Ne759SB08AwEI5EcAgZVfzLwsdlksu7bp2TOeI+RldKDCtTsZczyaYXax4SOaQkzB+rQXqIv0qkZ2/YwK/rIEln0f9ErVt0HO8BAEINCLAAKrF6a8Cy3xy712Hlh24sr2trlj5pO9cvaOzRLO7fOqT7n60iv1RflTElivHPpN4MS+GN2nqe+HDK2H5yAAgXwIILDyidVgS1M4S2mw8QMe/Jwxf3XUmJfo0SzFlcs6zjlV5it2qgzWqB2rtU0QG/LdnoWWxEt2vV6GXCqb7Pvgl69oHdwQD0IAAkkQQGAlEYb4RvgOmPEtitdC7ouK5x6Ihwhyy1wXJf7hlcb83pjIOt9TEsfi8TbZc5cyT/Z91Cv3vjnKeR6GwMIIILAWEvC5B+2pMJcwgM0thn3blwC5U18kDw+VcauJLHtWw+zfUbLn3TLiNh0y+u6x/VisTqgu7igcC5LnIZABgdm/vDJgVISJHzPmOzqx86FaOX186HUzqYNwA7O21N+jA4cemrq9bfYNyR6F9LN2tEfvfhJjx6Ni+R/y6/Edvtm7KM972TsqdVDtaXvGmr7g7leB/fq3z+rvJ/V+0v67/u2EyhzX/x/X7r5jet/Q+1Gdd7Whckf0fr8+L0d0quhhzVW+TX+//inGfHAMa/l0vZ5/tf5kOXU9xneehcASCSCwFhR138xETmicuFp3X14O/sydgRvSfkxRWMV1Veiy/P5KISuXw2cBGyGQO4Esv6Byhz6X/aVOE9bElT2cVEuB8n1Vi8XPhDpk1YeE7mvcUFZnr+9uwFL7lWMn/76ijNZVV+tdbC75qDFX6+qBx+rnj9MX6OX6t0v19wv19336s1v/b/ugEmJGOM+d4pS4sv/GCwIQWAABBNYCguxcdPcT/rUxb/wLY/64BNdr4moWURKSYcxMUB87h85c62MAAAbASURBVGSvbL0LEFj3Sy1dpkNC7XQjLwhAAAK9CCCwemEqp1BJ04QliatKqGytKZpjCsmJO61POtm8G7Kr95cssHSK+wGJq7sUkwNdHPg5BCAAgToBBNbC+kMpg2GK2/nHdqU5pwfHCO9S+lRb/HTR8xWaHrxNAuuKsfHleQhAYFkEEFjLirdJ4RDLschzvgJnle9zipSxbY8RZ2P7Quzn5dsTlVb8c62Je2LstqgfAhAoiwACq6x49vJmzkxJLwPXFCpRXFl35xIpTnD7Lmyvh2gu28f2pT7P32rMtZo2fY0yWNf2KU8ZCEAAAo4AAmuBfWHoYua5UcluzdZs7cIq6hwhJ3Lk16c1kD91Ss4hxFGIOqb02act+fZyic+rlMF6uc9zlIUABCCAwFpgH5h7t9oQ5CWuuXIc5hK8Y6cGG/YXJXqdb7cY8zoJrMskfF83pN/yDAQgsFwCCKyFxj6nacKSxZXtfnPEwh3ZIfEw+niLwjNY9jiT70hgXbfQrwrchgAEBhJAYA0El/tjuQyKCxBXWuJjdsxxNINlG+LgyzkE4lSfP/n2Ln1Jfkr3EL5rqjZpBwIQKIMAAquMOHp7EWp6yLthjwdKF1cue6X3rKfXShZYyvTdqC/J6yVEb/TouhSFAAQgMP9N9cRgHgKpr8Nagrgq4ciMuaY4p/rUqB9+XrsqXnuV3qdqk3YgAIEyCJDBKiOO3l5ocN9U8HfNMTXVZawWFp/R2qAdIdYHdbU158/nWtwe2ufCM1i363PyTH1Obg/NjfogAIGyCSCwyo7vSu9+1Zg3PN+Yt37TmA+/1Bj9NY2XEx0SV5vaGn9BGlbFsaISJqVcUJ29H21RVoyO7DXmkU/Re5xeQK0QgECpBBBYpUa2h1/VAH9KQmZ3j+LRi+SwLiwUhJJ8LUUoNmP7EWP27zfm21rgrjdeEIAABPwIILD8eBVVOrWpHZe9EuSz2lp3QpcO7ysKeM2ZXHZx9uGfmlDvY3OfMpqqPqhM6qc0PXiwT3nKQAACEKgTQGAtuD+kOMjXFrfXI3NWA91ZpREO/aQxz8k9ZKlvMPDlW6rAutmYJ+zUDkJlsJ7gy4TyEIAABBBYC+4DKQqsejgqIWL76Hn9NMXF+X27UimL252/lT/HFZOiMo7KYF0jYf9a+XVN39hSDgIQgIAjgMBacF9IXWA1Q3PImMPKKFykTmsP5rR3Emb3Ulbk/TL8xWMuV07N6SqD9S2t5fve1GwbY48E/sv0/DPll33nBQEIQMCLAALLC1dZhUtaaJ1TZEKdoJ6Kz1Zg6YvkC6VNpcmv3xDjR0rM23deEIAABLwIILC8cJVVGIFVVjzn8sYKLGXl3qLDOH97LhtitCu/3qpM42FlsN4ao37qhAAEyiaAwCo7vmu9K22x9YJDOZvrEiCP01ql/8x5TdwqeBJYf6mffVa+2XdeEIAABLwIILC8cJVVOOXT3MsiXa43EiHvkXcvK1RgfVjHhbxTx4V8uNwI4hkEIBCLAAIrFtkM6v2oMd/cY8xlJQ6OGeAvwkQJrP+SI48tsQ/Jt8/Jt1+Xb/adFwQgAAEvAggsL1zlFbbrZ/Rb+vGSD/UsL2rpeKT+c4+subhEgWUp32TMnmt16G06xLEEAhDIhQACK5dIRbLTCqyjxnxZlxE+JlITVFswAU0zn9SXyO5SBVbBocM1CEAgMgEEVmTAKVd/g6Z3Lix0eidl7tgGAQhAAALlE0BglR/jlR7q4M77dungTrIPC+4EuA4BCEAAAlEIILCiYM2jUp0qvqHzi/YisPKIF1ZCAAIQgEA+BBBY+cQquKWsnwmOlAohAAEIQAACWwQQWAvuCJyDteDg4zoEIAABCEQlgMCKijftyiWwTqkD7GSKMO04YR0EIAABCORHAIGVX8yCWYzACoaSiiAAAQhAAALnEEBgLbhDcBfhgoOP6xCAAAQgEJUAAisq3rQrR2ClHR+sgwAEIACBfAkgsPKN3WjLEVijEVIBBCAAAQhAoJUAAmvBHUPX5OgaQrODRe4L7gS4DgEIQAACUQggsKJgzaNSBFYeccJKCEAAAhDIjwACK7+YBbMYgRUMJRVBAAIQgAAEziGAwKJDQAACEIAABCAAgcAEEFiBgVIdBCAAAQhAAAIQQGDRByAAAQhAAAIQgEBgAgiswECpDgIQgAAEIAABCCCw6AMQgAAEIAABCEAgMAEEVmCgVAcBCEAAAhCAAAQQWPQBCEAAAhCAAAQgEJgAAiswUKqDAAQgAAEIQAACCCz6AAQgAAEIQAACEAhMAIEVGCjVQQACEIAABCAAgf8Hd8XAX749H7wAAAAASUVORK5CYII=', '霍秀萍', 19),
	('402809816b4db5f3016b4e7baf6c0007', 'iVBORw0KGgoAAAANSUhEUgAAAlgAAADICAYAAAA0n5+2AAAgAElEQVR4Xu2dz49lx1XHT3fPL9vjcTAyIc4iiCxARAKxwcJYjmNDHCcRQolAQmGTDezzB2AvWLOPhFhYQoIFloMc7ISQ2FGExAIJIiVkgwRCin9IkewZz9gz70fzPbermjc9/brve6/q3qpbn6d02jNzX92qzznv1fdWnTpnz3hBAAIQgAAEIAABCCQlsJe0NRqDAAQgAAEIQAACEDAEFk4AAQhAAAIQgAAEEhNAYCUGSnMQgAAEIAABCEAAgYUPQAACEIAABCAAgcQEEFiJgdIcBCAAAQhAAAIQQGDhAxCAAAQgAAEIQCAxAQRWYqA0BwEIQAACEIAABBBY+AAEIAABCEAAAhBITACBlRgozUEAAhCAAAQgAAEEFj4AAQhAAAIQgAAEEhNAYCUGSnMQgAAEIAABCEAAgYUPQAACEIAABCAAgcQEEFiJgdIcBCAAAQhAAAIQQGDhAxCAAAQgAAEIQCAxAQRWYqA0BwEIQAACEIAABBBY+AAEIAABCEAAAhBITACBlRgozUEAAhCAAAQgAAEEFj4AAQhAAAIQgAAEEhNAYCUGSnMQgAAEIAABCEAAgYUPQAACEIAABCAAgcQEEFiJgdIcBCAAAQhAAAIQQGDhAxCAAAQgAAEIQCAxAQRWYqA0BwEIQAACEIAABBBY+AAEIAABCEAAAhBITACBlRgozUEAAhCAAAQgAAEEFj4AAQhAAAIQgAAEEhNAYCUGSnMQgAAEIAABCEAAgYUPQAACEIAABCAAgcQEEFiJgdIcBCAAAQhAAAIQQGDhAxCAAAQgAAEIQCAxAQRWYqA0BwEIQAACEIAABBBY+AAEIAABCEAAAhBITACBlRgozUEAAhCAAAQgAAEEFj4AAQhAAAIQgAAEEhNAYCUGSnMQgAAEIAABCEAAgYUPQAACEIAABCAAgcQEEFiJgdIcBCAAAQhAAAIQQGDhAxCAAAQgAAEIQCAxAQRWYqA0BwEIQAACEIAABBBY+AAEIAABCEAAAhBITACBdQrQfzab6a/3nzE7SMyb5iAAAQhAAAIQaIAAAusUI/+T2aHAHP6uRFYDPsAQIZCUwHfNlkuzPX1++H5JSpbGIACBmgjwBXiKtZgganJh+loage/o4eRQP7/HA0pppqE/EIDAgAQQWKdvES41QfAEPqAjcqtpEJC4Wuizsy9xxXfLNEzKKCAAgS0J8CV4usCaa4vjgEliS6/ibc0S8O11CSz7LAKrWR9g4BCAwBEBBNYpnqBJ4l2BeYgYEj4mENiMgG8P6uFkKYHFAZHN0HE1BCAwMQIIrDUGDYHuc4msixOzOcOBQBYCElfSVmytZ4FLoxCAQHUEEFhnC6ylBBZP4tW5NR0egwCnb8egzj0hAIFSCSCw1ljGtzo8VYNyYZGqoVTvpV9FEfDPzAUFuT9lpl+8IAABCLRNAIF1hsDiqHnbHw5G35/At7U9qCcRTt72R8aVEIDAxAkgsNYLrC5VAycJJ/4JYHhJCLA9mAQjjUAAAhMigMBaY0xNGEvB4Yl8Qs7OUPIQ+FezG9fNrs7Nbj9ndiXPXWgVAhCAQF0EEFhr7PWaYkkUSLJPqoa6HJreDk9AtTtJzDs8du4IAQgUTgCBtcZAr5vN9UR+gMAq3IPp3ugEJLC60jjU7hzdFHQAAhAoiAACa40xNGnMNWnsLLBe1UqYtk1I9VCQ09OV9QTk9x8qmdWlvnUEv2U2k3Nf+C+zH/+Z2adgCwEIQAACRwQQWGs8QRPHXKeidiqX48fWvfmZ/ieRdQmng0DpBGKy0NhPfUEslapk7QOCbw/694iu4bukdOPSPwhAYFACfCmuwa2JRjuE261gxZgUV1f3mV1/QmV3BrUqN4PAjgRi0eb4BaGHDd8GdLF1V46r8BDB9uCOvHk7BCAwPQIIrDU2VZD7XDNJ7y1C3yrxFS8/eRiaZNKZ3uelyREpx9VCvt0l3A3O7fUGfQt9332eOMUm3YJBQwAC5xBAYK0BpEnFBdOFsyaP72ri0USz7xC7vcCjF8KKj91kCfgWoueHc5/3H98fJFfcZM3NwCAAgR0IILDWwJN4mmnyuEdgaaXqAwWkXI6TjAsrrXQdfoaSOju4IW+tjcDLZj97wOznvJzUar3Or5v96JNmv+IPHr6X6ALMPys+viDKKD9Vm7HpLwQgsBUBBNYabPF0VFzB8pgUXdptk4TVqsO+J622sgxvgkDhBJSM944/XwThtBdXcf336qquizAXWqGoJ8l7C7cr3YMABNIQQGCt4aj0Cncuml30/D4xrsonCs0oc04EpnE+WqmHwBtK36DTsJeCcOq+N6KgiitTElDLp8z+Qn9+Yd3IvKSO/m2mhxNO1dZjfnoKAQhsQQCBdQKahNX8sh629cTdPZHHoF6SKPb3rpBL6aIfwzzrJc7LpyVi+7fMlUMReP0o0e5+3Apfva8/aHj6BtnurhOFffrmSUn13pnei8DqA4xrIACBagkgsGS6k0fSu8Q+R0/aFHsOri1GN8VFmugolMa3e0KQc/ffq9tD/pYTgf/HH5D499HxOIFWznfHag6sGMDuppXdD59NlCzX0zqQF64cm9MTCEAgH4EmBZa2KXxxxU//HW91hAll+dkwkcQtwikLgB+YvXfL7AFfrVPgfncyzLWRi6UQL7N6OvLoH/UTBGj8cxdf44JUQWqHaue2mCn++fyXT7a+BUss2/mscl0RDnMcrBza8BWmhWyYZWXRtwg9xYMEW5b2c3GiXQhAAAKbEmhCYPnJP32bX3YhEQEFEbE2pmpKAssF5cqpro7BScOvBCb7BNsJKxc//ktiq7do2sQBEVib0Ep7rT4TSxfVsVWJ42WqVaqzeuo2170QWGnNSWsQgECBBCYpsEJixBB7G/b6juC7ePBj4ufWBqxRYEkNvaAJ7M+jflrdjosrT56Ru0tRn3GVoo+fh3QXV35o9ubXzB7t8x6u2Y3AK2a3VFngij9oBN84vKat38fMHtyt5X7vVvLeOwraujjlVeF+JLgKAhBogUD1AstL2mgQXVD66mBiKgUXVCpE+5NNC9HWIrC+r0lTgqmbNOMqlIsod179/eFHla/oN8x+oTRn1qra0rdomWzzW0aB5QvPut49YejH/UMPGXEXOH8Hwh2w+WCouREEIFAAgWoElscL3Ta76pNyTFx4MrDa5w+lUZh94SgYe6eXCyx/2i4xS3UQf36C6y5NeUWaSnUPqzid5VtFYTVx8Il+J8eo6M0uaAQ3+sjoKUY8/moscVeR2egqBCAwEQKDCyxPTqjtqQPFYRyX2/BOxD/Hp+zV7a34dyvMuzghrdrMFJS+s5g6zZYuYrzO2hBxKZv4Uiiue3TE8UhQ3vq8hOcmbYx9bYi9osRKZkO4oPE4On1GihCx3h/3WVKeZDY8zUMAAkUQGFxg/URbVv9r9vDxY3VYhvEv3ng6LQZYKzDdJ4ilxNctrSR9pAhiI3fCj9LXPEHFbaL3dPDgy2b3j4yT2w9EwOMDtVX5vG53q+8p04G6xm0gAAEIZCEwuMDKMgoarYLA3ysb+ENHK46sYlRhsXSdVID7Qnva+7XH3EkkerFr34f/8EkeENI5CC1BYIIEEFgTNGqpQ2JrsFTL5O+XCxM/iFFiTOMmo1fesG4cK+/hYWETgFwLgYYIILAaMvaYQ41ZwmtfwRiTYc33DrGDkxEjXg7KF7JOnF6ezPhq9jX6DoFSCCCwSrHERPvhaSQUiK/0S92hhONM+RMdLsM6hYCLaz/5W/vq1TrjKu/ezA/uRLEVDuB4/KinSlnqEMrGNRtxJAhAoH4CCKz6bVjsCDygXZ3rfGyqk2ux8Avq2NRWr85Cqy1EncmxPT8V7detfsHygFGQU9IVCAxAAIE1AOQWbxGCgT0VxyhJLVtkXuKY2Ro2+wdtJ+pkx0Wly/+3x81+q0Q70ScIQCA9AQRWeqZNt6gJdaatkW5LRL/nysFEUd9GPcJL80hY3KcvGU8tcm55qkYxMWwIQGCiBBBYEzXsGMOKJ6xYtRqDfnn31CpmF4fEwYbybEOPIACB/AQQWPkZT/4OLyt57AMheayXQnm6kMzhkwdf8AAltueKOfJVq7kEFquYBduKrkEAAnkIILDycG2m1ZjfKAz4PTLuN2P6MwfqZXH8Ag434A8QgECrBBBYrVp+x3H/h9k775g9Epo51ERaRL27HYfF2xMQ+JZO0mnpav+HZm9+zezRBE3SBAQgAIHqCCCwMpksTjJTjD+JJwQd3dtm179ipgo4vE4jIFbx2L4XXW4i0Dtk7Ed085GAAASaJoDAymT+mANqSlskL2rV6uNater2fqgn2MtzlIRyqQ+Zp6s4gqYfPwRQc8HuswY+Rb/vZWguggAEIHCCAAIrk0t4DIqCfA+fncjWmVbkllp+2XOBoLTs159g1Wpjz9HKzsLFlmc1j292saUlrplWt7wIdvUvVq+qNyEDgAAEEhFAYCUCudrMS2Y3rpldvTIRIeKrEi4MWLVK5ywSrF15laMFraOVLf/xU5j6i9kzFQquqRR0TmdlWoIABFomgMDKYP0Yo1R7/JWE1R05SHfEXqssc63Gcdw+g7/8odnrf2r2ZNxKjPWFOkWr/4XUF0XHb31T/qElOO/jQn5P7b0MfkKTEIBAXQQQWBns5dsktSfbjCVOHE/tQjGDibM36cHxvpXoP6sfUvcr33pWbF9RgiukZSCwPbtncAMIQKAWAgisDJZygaUVn6VWfIqaBPsOdeWU4GSDsfuyKOW6N7SaONfK0Mn4LW0ljp4eI2bwR4iX4i30AwIQKIEAAiuxFSSuNA/aQY2TzTfMbt9vdsmRUEcwsWMkbs4LCP+82vwdM4X6jfti9Wpc/twdAhAokwACK7Fd/Gleq1d7taVn8FOCWgrpTgnqRBt+kdgvptrcVOINp2ofxgUBCIxHgIk0MfvanuYlqF7QqtvzwRHYEkzsD1NuTuLqQ8WDXZbvLLViW+V2+JTtw9ggAIFxCSCwEvP3+CtNOssasnZ7ILvH9HgQj6cGUJHmbnuQFwT6EHBf9+tq3A7vMz6ugQAEILALAQTWLvROea+vYPnRegms0YOP1w1N2cXn6ly34uB9pY5gYidooDlthS/0ILGvnztTSZLagNkYIgQgMCABBFZi2KVncI8xM7WnkUhsNprbkID7+ZRL/myIg8shAAEI3EMAgZXYKXzi0dLQobbbilrBiqVuwnBJBpnY7i01FzP7szXYktUZKwQgsCkBBNamxM65vrQg9xjEHtTeYQl5kxIjp7mBCVBvcGDg3A4CEKiSAAIrsdlC4G8Rp/FWCzSrjMkHT5opzdW4r1cUs6PETV1c/Yks5V2KCH+FEjHdf/tqoNJeeKmeQ9V3fPtxs0fHHUHbd48Z/lm9SusHiotceJoUcS1q5TvtKGkNAm0RQGAltncJAktC5XX149Nu3FDHbtAv7dd0IlH3PvAo+pOlXlZxR0HlnfNge/83/79Yg89r8wUhdiy6osN6vT6//KrZW4iuxE68pjmJ41sSx/fJRsvSSvUMQyDfXSSwPKbNasufl48ILUOgfgIIrMQ2HFtgxdQLPiwZ95aeiB9IPMTj5r6n04h+kiyWb3FnioWKo1AKtfM6MXRD/fmS2YO79EdB+nOtZu1H8bay6uXpMRY60UZB6l0An/HesP2NCEjMN64K+udHW/h8JyfmS3MQGIsAH+bE5McSWF83+9EnzX4tiJwsqRdCeoe4vXe0vBRWklxY+SqURNTtLw+4FeklY+47yt+1WhS5iC3axK41anNhC2tfdaBmnyNfWjJbSLR2pbW8QV9tJkYyGVoagsDoBBBYiU0wlsAKx+btjtnNz5tp52z310lB5S1GQaXJYKmTkhd2v0vaFmIaCl/ZYrslHdux/DrdCMpr6VWtuOoDtO/CyleBVVvy33/TTP/jBQEITIEAAiuxFceYiKK42iXwOBSp3g/xT51fxG0+/89SBdVp5vsXs5/eNPtYGEMVWfUTu2HS5ry+plYoPQCb74tEZGOqixh76PGG8E0El2YgUAgBvjATG2JogbWpuPK4KX2pd0Hv/tQcY5giBv+zn9y7rUn1uQJXqDYxV1zN8qFyOmsTcndfO7RPb9/TOt4ZC8K7X3oVBdJe1GE3egmBTQkgsDYlds71Q05GMThWQRw3FRdz17agF+JVVy+FoPNjO6+sSvlyRFfW532zd//ATDsU03vpRONc2zAHPlbiWza3bxSprK5szu7kO1bTpughZhG32IPAWkhsFbflvvuoaQEC7RJAYCW2/VACSxPfTOLoggSUn57z2oIXgjFXg727bT6P8fCn5bfM3v+K2UOJh1x8c+RuKt5Ek+7gS2Y3dHT2akw/slr7M9Z0RMBO2gUYXKMEEFiJDT+UwIoxHN79ldxR3R9DqZ7uZBIvsxBfdsAkhjcMTWAl1squK9nvyRO22rJfzrRVr/QifBcPbRzuB4HMBPhQJwY8lMDybvv2jXJCkfuphw3dLilPWPa4JZc0TOB1rSpLOB14sKN+H2oL/9Rkv0N+XzRsDoYOgVEIILBGwc5NhyYQ4lzIQD40+MbuJz/zyk5RTJ15uMIfkPx0JulEGnMShtsMAQRWM6Zue6BDrxTE2nIeI6ftH7ZrJ+5+KydWu8Mjsvt1CaePnDVs90kOX0zcMRhe0wQQWE2bv53BD71aEAPrV+Pj9GFbKg4MsTURt1P1hB//stmvajjxYEnvdCBD++NEkDMMCFRFAIFVlbno7LYEPNjYJ8IxtmN0PH8hVeU1G48jmT09xuppsm3HxfuGJeBpP9yWnhh0tTD5prYk99WwduNuEBiDAAJrDOrcc3ACYwqs1cGulh+Kfx+2lLwq91uPmz06OJyBb/hNxX2reOTBpqJk4G52t4sVDla0ceyGVzc4VC6rjVckY0H2McT+GAy5JwRaJYDAymh53wZQ83eU4PJKxtvQdA8C8bh8SakatLI10+zsE/RpiWAPFS29fHaCySclMpe+AlSiwNBndiHuezLKXkjS23mXrzjqx8su7ZwMNFRf6L2d2MO9uQQCECiQAAIro1FCYLWrLOrhZeTcp+kSBdbJfquP72oSvxaOoB2XMQoJKruEsTryv9SR/50n+T7Mcl0jYfmBxnJlbIHl1Q7E+1LY6jv+LvT/kMg6VIWEpQqnJ2XtiUXV9v7YY89lW9qFAAT+nwACK7M3xEK5xNxkBn1O82E1cU+riVX5vESX0nfZBV/m8iP9cZixhqRvL4YtxhvnnVob1wJ33z2coFvKHhtvsW05jq/qnn8VYqfuWTF08apty/kTElxbtt/rbaxe9cLERRCYBIGqJptaia+cKCOweSQjug18cq1NYJ2G61WtvGhZ5ZKvdMWC3fGDHFZjij+tmDtthoTMXEz8YEF3wi+uAjpPF6SObkBx15kx1iJU2Zz3HzPTL14QgMCUCSCwBrKuvvAX4Qvf2B4YCPrKbVqoR+g+5vpBcWb/KV/71PCU+98xV6B3tHPsSVzh0wGCW2OKmld0gOGy2Ue9P7LPqVnd+9PjSghAoAYCCKwBreQxH9rm0fesIbIG5O63akFgDYx0p9t5xnMtIyWPRfJYO33GFjoccHGnDiZ+c4zHLOmQReIh0hwEIHCCAAJrBJfwOIzbCvT9otn9I9y+yVtK3PopMFYPCrH+i2bvKB/FIwow+x8Fkv9SId3K0o2YIkSf+bf1mf/FLDehUQhAoDgCCKziTEKHchBwUat2F9qeTXoqLEdfW2mzhfqQL5nduGZ21bcGFfPF1mArzs04ISACCCzcYPIEYiZ1tmfKMnUL27ZsDZblc/QGAkMSQGANSZt7jUIgFuJFYI2C/8ybhpXFSZ6ujbnXFAz27U+bKSyMFwQg0BIBBFZL1h5grC5mPBO2Ml4X41vUfRvA8FvewhNvKih9X8mwFp+Z0PatfO6mkNyvsR3qs8DW4Jb+wdsgUDOBYibBmiHS9yMCMZhXgcvzLxRyiusfzf5bmSM/oWP6H/x25YcKQnLOScTyeLkcuUxXesZFuSdRnVL6krAyx2lhvhwh0DABBFZi4/sk2OJWlCe/lJDxFBRFCYCpTN5Tm7AlsLpkn3F1Z0riMeb4UlmjmzoheTXxVwzNQQAClRBAYCU0VJwEBfWWRJYWTdp5lRjM+4ZEnya5TvTVnNxxauLKPxUnS+Xkyos19Ccwxl1Rf3Ro8twPAuURQGAlskmJAiPR0M5tptRVIl8lcQeveetpiuJKcVdzCZCDkyu9ucvnnOvIO14QyvMcUHd0R5C8HQITIYDA2tGQHuOjU0Kf8CjWKdS52xRHTIGgSaWoHFOxyHbN27VTFFfuX+tOddactkGrpa8p9vBZSuFs+g3C9RCYLgEE1g629bgjiauu9E3NE/m2CCQA3pUDPVRaEsXYr5pXEqYqroLAOvTTdVpZvOt0nez1HYmvZ5TxfKFDElUlhHV7tfqQte33B++DwNQJILC2tLAmgpkmhG4SaFFc+bhLFQGl9quvq3n//YM5Vb/y8emDc2pahlDSqKqxT91eff2W6yAAgbsJILC28AjF9iz0tOoPrFUHT28x9OO3xJQMpcU3actyqZxKew+avf+YmX7V83rZ7Gfq8MN+vG6q4koCaq7x3RN/Fa3kW87+2SrNr9Z5UdzW1IrcHZ2I7FazeUEAAhBwAgisDf3gG2a3VaFZGQnu3eLYsKlqL9ckudAkua+JcPm0JsuSBlLrcX8Ji5lAXnBxVYu42MbufeKswnZbUek+ThtrTJIqmy1ls6I+B9vYhvdAAAJpCSCwNuQZsoJPehI8D0mpp71q3apRvxf6IDaxIupbgKfFX636XA2ljRTUPlNQ+wWC2s/7tuDfIdAuAQTWBravdQLfYIjnXloqg1qFb1zRKe2gwLmOsOUF7j86GLJ46pwgdr9OJZcWnys02L3WldItzcbbIACBLQggsHpC82P/XmNPJ5xmXzzaImzuFZMoaov0zcfNHi0FAOKqFEuc3Y+4UtcnvqxkAVPqQ0YdXkAvIdAOAQRWD1srHcNcp54OtIdTfFxIj+FsdcmLZu983OwRT31QUlb0WhO8xnIqLflUn/irrZxzwDfF/GrXdYjiS5UdohgQE7eCAAREAIHVww1KjTnq0fVkl5R4fL7WdAwx870fElBy2maCo8NK4z35r5I5aeaGdHr4tr4wLxF3lRk0zUNgIgQQWOcYstbtp5T+GU8NylnuSBAUcRS94pUrPyho2mqeK5mmwpHaebnNtM0+f7bScfNd0I6vMlIIpCCAwDqDom9pCNDee41vB5R2bD6cRKvqJKfnTtNS1b4Ehh8XrKoYeBBGSwmjrVfbXKTr9GA1+a1Ofi1MYXszxYRBGxCAQH8CCKw1rOJR8dJq7PU3bZorNz0y77mBZrr1LpPxWT2vMcB4xZeq2x7zbTEJQl9p2/Olt21jxkotCN7nU+LJUb04ta4l31UfYFwDAQh0BBBYpzhCPO2k1YZDCYW76qW15DeaWG5rYrmkn96rFzmf9GvbFlzJb2VzTdJKOVD1lmDM3u9fGt0+5wYFvmuOvwqxftWJ45a+qxgrBEokgMA6YZXXQkZtn0NOFqMt0YA5+7RNzEmOwPMfmL33gdm1murzRaFZc8Hpdb71PYlFPXwcuMhym/R5EAnbjNU9sGy6gpvz80jbEIBAXQQQWCv20oTxgiaC57UXcKgSMM2uXDmSmEbggQ1zXqU+cfl9raIpY/alWkrIrBYB95U/1afbOm6p9K+Sr5r97Z+Y/ZFs032P+Om6mzoI8ftmV0723f3ilmx52r+VOk6vi+hxc1p9LDbhaans6BcEIMAW4V0+UNsWVE4H3nZbxN/ntdlSCAutJnb5x3z21unF4h8GYo4kX/0sKVdYTj+JbeuzE+L3j/5mdeVOcVxzPa2sLfA8RP+2vYevYMn3mn7Y2pYd74NA6wSKn7SGNJCLgykX2u3LMogkk0jayD/+0uynv272MU1Ib+iNT/W932nX+ak7r89XQ84h9XWmGVhasAPWVG6rk7aT79xxFnFVK65saTVvj8/WLp8I3gsBCNRGYKMJtLbB0d/NCcStQU2IG+crivmy+pRCOatnfhLRj/TXEL8UY3RaqSW4iUf5CqRvsXmqk/g+5/Q3Zn/312Z/vElbXAsBCECgNgIIrNoslrG/L5nduGZ2dVthkyIgONY7LF2wvKFVK6WjuBCCvJNsiWY07ahNh9Qah87KV7LiKUSPdfR9RcU43XnulLitUTvNzSEAAQjsSACBtSPAKb191xxTux7FV83HhfIYdNuCJce9aEtwqW0wFwpF97MU3wzxfDNtEXZF0rVCeUfCysVpl1srCi7/7UwluDyPGnFPpRiQfkAAAlsRQGBthW16b4pbg7vEycSVil0CvL0fu7w/p2UkDGZBGHgQN0kne8CWPV0vnRvgHgLhfVu4W+HadZu5R9e4BAIQgEBWAgisrHjraHzltN5OAdrhFOZCk2MX8D2ll8amDAR2fy3pIkphn2LbuJSx0A8IQAACmxBAYG1Ca6LXhozje7usHL1s9rOrZg9PeeXBOWmFb7J5rXK49zbJanP0gzYhAAEIDE0AgTU08Ynez9MqKGhmf8oCa6KmyzqsXePysnaOxiEAAQhkJIDAygi3paZ9K0jj3ashIWhLdhl7rKFEzkJB65PbNh6bLfeHAATKJoDAKts+1fQudYmcagZOR9cSUCqLD5XK4jKrmjgJBCDQIgEEVotWzzBmP0GoLULSFmRgW2uTMacZAqtWC9JvCEBgFwIIrF3o8d5jAp5eIZSJYSsIv+gIuE/olx+e4HsGn4AABJojwBdfcyZnwBAYhgDbxsNw5i4QgECZBBBYZdqFXkGgegLhBCEJWau3JAOAAAS2IYDA2oYa74EABM4l4ALrQbP3HzPTL14QgAAE2iKAwGrL3owWAoMQUHWAhYLxyIs2CG1uAgEIlEgAgVWiVegTBConwMSG6uEAAAJ7SURBVAnCyg1I9yEAgZ0JILB2RkgDEIDASQJBYHnRZmXv4AUBCECgPQIIrPZszoghAAEIQAACEMhMAIGVGTDNQwACEIAABCDQHgEEVns2Z8QQgAAEIAABCGQmgMDKDJjmIQABCEAAAhBojwACqz2bM2IIQAACEIAABDITQGBlBkzzEIAABCAAAQi0RwCB1Z7NGTEEIAABCEAAApkJILAyA6Z5CEAAAhCAAATaI4DAas/mjBgCEIAABCAAgcwEEFiZAdM8BCAAAQhAAALtEUBgtWdzRgwBCEAAAhCAQGYCCKzMgGkeAhCAAAQgAIH2CCCw2rM5I4YABCAAAQhAIDMBBFZmwDQPAQhAAAIQgEB7BBBY7dmcEUMAAhCAAAQgkJkAAiszYJqHAAQgAAEIQKA9Agis9mzOiCEAAQhAAAIQyEwAgZUZMM1DAAIQgAAEINAeAQRWezZnxBCAAAQgAAEIZCaAwMoMmOYhAAEIQAACEGiPAAKrPZszYghAAAIQgAAEMhNAYGUGTPMQgAAEIAABCLRHAIHVns0ZMQQgAAEIQAACmQkgsDIDpnkIQAACEIAABNojgMBqz+aMGAIQgAAEIACBzAQQWJkB0zwEIAABCEAAAu0RQGC1Z3NGDAEIQAACEIBAZgIIrMyAaR4CEIAABCAAgfYIILDaszkjhgAEIAABCEAgMwEEVmbANA8BCEAAAhCAQHsEEFjt2ZwRQwACEIAABCCQmQACKzNgmocABCAAAQhAoD0CCKz2bM6IIQABCEAAAhDITACBlRkwzUMAAhCAAAQg0B4BBFZ7NmfEEIAABCAAAQhkJoDAygyY5iEAAQhAAAIQaI/A/wF3DWkyx73VbQAAAABJRU5ErkJggg==', '杨海云', 22),
	('402809816b4db5f3016b4e7bbe140008', 'iVBORw0KGgoAAAANSUhEUgAAAlgAAADICAYAAAA0n5+2AAAgAElEQVR4Xu2dXawu13nX1977fNg+jm0c6iZBAppUXDiClg8pyKSxHSCJ47SNWioEBbe9IUKVuOASEeqgIrhC4gKkINFKQagXoCqN4jgU8nFSt1yAmhaRqkikQFviJK7TntPzsT/e9938nzlr7Yzf837MxzMza2Z+r3S8fc6eWbPW71kz83+f51nPOgh8IAABCEAAAhCAAARcCRy4tkZjEIAABCAAAQhAAAIBgcUkgAAEIAABCEAAAs4EEFjOQGkOAhCAAAQgAAEIILCYAxCAAAQgAAEIQMCZAALLGSjNQQACEIAABCAAAQQWcwACEIAABCAAAQg4E0BgOQOlOQhAAAIQgAAEIIDAYg5AAAIQgAAEIAABZwIILGegNAcBCEAAAhCAAAQQWMwBCEAAAhCAAAQg4EwAgeUMlOYgAAEIQAACEIAAAos5AAEIQAACEIAABJwJILCcgdIcBCAAAQhAAAIQQGAxByAAAQhAAAIQgIAzAQSWM1CagwAEIAABCEAAAggs5gAEIAABCEAAAhBwJoDAcgZKcxCAAAQgAAEIQACBxRyAAAQgAAEIQAACzgQQWM5AaQ4CEIAABCAAAQggsJgDEIAABCAAAQhAwJkAAssZKM1BAAIQgAAEIAABBBZzAAIQgAAEIAABCDgTQGA5A6U5CEAAAhCAAAQggMBiDkAAAhCAAAQgAAFnAggsZ6A0BwEIQAACEIAABBBYzAEIQAACEIAABCDgTACB5QyU5iAAAQhAAAIQgAACizkAAQhAAAIQgAAEnAkgsJyB0hwEIAABCEAAAhBAYDEHIAABCEAAAhCAgDMBBJYzUJqDAAQgAAEIQAACCCzmAAQgAAEIQAACEHAmgMByBkpzEIAABCAAAQhAAIHFHIAABCAAAQhAAALOBBBYzkBpDgIQgAAEIAABCCCwGsyBXwxhuQzh7LkQHmhwOqdAAAIQgAAEIDBxAgisBgb+fAirVQgX7M5jG4chnNv/68+5BNjyAyFcadA8p0AAAhCAAAQgMHICCKwWBrwewvFxCJclrA4iyOKHiax1sPZvZQEmgbZ6v85tcXlOhQAEIAABCEAgUwIIrA4N86UQ7twJ4epRDQEWBdq5CbD3IcA6tA5NQwACEIAABLojgMDqju3ell8J4catEK7Js3WoP+b5KjxhuzxgyUNmAux/h/A/PxLCO/deiAMgAAEIQAACEOiVAAKrV9z1LvYrIXztRghPyAN2nwCzlpIYM3GWhJf+LeWBrf5qCJfqXZGjIQABCEAAAhDwIIDA8qA4UBvydL34hRD+4eKe56vwflnyvf2M4utcIivpr4F6yWUhAAEIQAAC8yOAwJqozVVKYmXJ9xJc58rlQmRN1M4MCwIQgAAE8iSAwMrTLi69+k8SWebZMsfWXwlBkUY+EIAABCAAAQj0QQCB1QflAa/xn4uoYTiQwMLWA9qBS0MAAhCAwLwI8NKduL2tKKqKnh4oFwtbT9zWDA8CEIAABPIhwEs3H1t00pPPxarzCKxO8NIoBCAAAQhAYCMBBNbEJwYhwokbmOFBAAIQgECWBBBYWZqFTkEAAhCAAAQgMGYCCKwxW4++QwACEIAABCCQJQEEVpZmoVMQgAAEIAABCIyZAAJrzNaj7xCAAAQgAAEIZEkAgZWlWegUBCAAAQhAAAJjJoDAGrP1ZtB3q+OlPRfDX2a7nxlYmyFCAAIQmA4BBNZ0bDnJkWi7n3ObpFSin6R5Bx+U6sSdSLxfHbwjdAACEJgcAQTW5Ew6rQGpjte5ebD0h02rp2XawUdjc0sPwHO8o4Obgg5AYJIEEFiTNOs0BnU9hNtnITwUR3MuL9bhNEbGKHIgYN5R6we7HORgDfoAgekRQGBNz6aTGZHCN2d6A14yB5Z+jn4/xV9UPpkU4oH+nNsO3BKPp8+F8MBkDDaygcT8vgN5sHgOjsx2dBcCYyDAg2UMVpppHxXC0T7VhddqEgJLHpOFBnMocXVQvvHMjWKhKjx0/U70/yiNeyQBT35fv9y5GgTmQgCBNRdLj3Ccto+iea40Se3n4RRDOSYizatloktjXGmMeufz6YuAhQnFfykvlnlK3T4Sb3ffH8KDbg3SEAQgMDoCCKzRmWw+HU4bVesFuJAAmbSnIYUP8ab0O7+7SHSPK1/xSPZrSq4GgewIILCyMwkdSgSSwJJ34brysZ6euvgYS9L13wrhF14I4XnZ6dDit/YQWajcwRg9NmmOec6t5HmdoseVpxMEIFCdAAKrOiuO7JlA2RNg/y8v1kIv8cs9d6O3yynpukjqt5DVs84hqzaDkLhdpbyxmC9WLL9LDw/7aUn79jPlk+nvZ+8bQX0pG5uFoT0FlryRlmt35NlmG/txLgQgMAwBBNYw3LlqBQIWvrF3tiV/m8BSctLqvRPPUbJxatCnOYgT88ToAWG5YfYpVj5KOKzkUXxJ//6D6yaUWFmaWEnaawwCw1aqWvjZ29sU5+5KDMipq3CvcwgEpkgAgTVFq05kTOsCy8obTL0opI35qyH8xkdCeOdQZpToWEgoHZmwasp8TBX4YzHbGxJZj3kxH9P4vcZMOxCAwBsJILCYEVkSUJjlRC/3K98I4eaPhvBoF8nIuQ3cVp7J3fHAUJ6fj4fwlXeE8KRxaVvh/JUQbtwN4ZExlJ+IQn4p7m4rCTV/bXXo4VC2zG1u0x8IzJEAAmuOVh/BmNeTj+URKMJVU35hKQdrocJfR97hqirmTonZlrSuPiwUomyd6yabLWWzoo5ZzjW+Yn7fufL73HYKkFheSiwjsKpMPo6BwEQJILAmatixDyuuqDuX2CheeiawzLEyhPjoi6WN0QbbZxi0VMzVALvv92jV0i1BPmdhHGthuYafNe6lxo3A6uvm4ToQyJAAAitDo8y9S5Z4LAaXyluYzGHpe0zkP1civ5snZddcSnlCXXuYLAQngy61LZBbCM7zHuliJWFaeTnlLwSeNqAtCEyRAAJrilYd+Zg2hQMt5GI5LVN9YZknycJpfeyLF1f7HVoS+4nyvj707Q21O5k5XXiIPDvaRZFXBJanhWgLAuMkgMAap90m3etNL2QJkMKrlXOoqY1R+qr+Xcq1cg2J7Rp7CkPmarsuio3GcC8bSbe5KTgXAiMngMAauQGn1n297FQU/P4ijbbC7e1a4TZFD1YfK85Kq/oM8OoDPddnyrkuVBcLKOaQMzi1Zw/jgYA3AQSWN1Haa0XAQitqYOM3f3tJK0x4phylK60uktnJXXuvSptmh6G8SF3kOXmZsQuBNYecQS/+tAOBqRJAYE3VsiMdVxRRGyu2T7Gau8a00E14dBrC7Q+G8LC32VL4S+0OWioh5zBhF/lS5SK53jalPQhAYBwEEFjjsNMsepnqJm3zsnRRr2hosHq5F1vQeIc+X5Kn7wHlrMVq7Et5/QZdwadxnqgvV4byoO2ys3c4Twsyfks1sL7rTSHcelcI+sEHAhCYIwEE1hytnumY45YlW8XGem2sTIdRuVvXtXJQmfuHyok6U06UW9hziET2KoM2+94K4VsfDuHNVY7v6xjvhPQuQo59seA6EICAHwEElh9LWmpJwF7AqiK+UkXtjRvkdp2r1LL7tU5P3jrb68+z7lWqbdV2q5tag6l4cAz/Du5NW++ud4gwflG4KJJbEQ+HQQACEyOAwJqYQcc6nCpL5aeSOJxWDXqKIBNssv2h3dDHPdS2ajLPogdypXDoRgHdpE2Pc7wT8E1gKey70nZDWY3TgxVtQAAC1QkgsKqz6uXIT4dwR8kyli9zqP8U9lHuSvGz2NQt/rG/6+l9bjUN7J/sge4ZZuplsKWLVClG6Z0r0/cY7Xop2dtTXNl2NDZHbKubtLXQEGPbd81cPTtVxP2+saXffzaEU923l3PMNas6Bo6DAAR8CCCwfDi2aiVu8mvehwt7mJAqG8f+bh/7t/Lv1o4bdKVYGwhRYK1UyXzrt34TJxrvaKu5J3FlJvTa/Djt9ScuWYurKC6L7wdeY28z38rnRs+ay0KDqXhZvdjSDgTmTACBNZD19U13eVl6yTwPSTxF7XRTXojH6nbrZbWnb85FiMjTO1K3H02Or1poU6uzFvLiHXmvuGvS57rnpMRnT4ERSwFYbHCpvLVBVwlW4eHpKapyvarHGEeve4byDFWpcxwEpk8AgdWjjUuruy5CffZg9/xGL4/GUqGiQwsXKQekl02D2yJMXph9YRXxuy0x+tDYBFbK8fHyMiUOxv3VEF57IYQn2tqgj/O9c528+uwhsKwsxtV795vt8WiC7WDffPbqP+1AAAJ5EkBgdWgXPbjvqPkH7GFblCeP3iXzYuwKhbXtUq4vsm3jiknBlQShHZtrEvem8SWvjaO4KpLZzes5RqFpjDT3sxL+VXLD9CXA9sK0Ly4Hdh+nnzaekge6mALxoer6xantM4HzIQCB/gkgsJyZ62H7oh7G/yglpscHsJUfWCoJXVHBfj4pfJT7t2iF/c6UdFV5E+f4MlxKXGQfEkthQS9vYtpGKPdk9h1CukjGz00YxtIWSxUiO9U3oqtxccnGfMhSzmNRINYWl8hz9VvPhvCnqizU6Ofu5yoQgEAOBBBYTlZQHtHKPFUpCd3qG6npU31bV0Ht/j/KyTqVmjNBt5LIyna5eN2ijPYSE9jsl8AnL6KXuEphVHOYeIaU+5yZOXlW44KDwqm8vqAkMrF5Zq621d0Q/seHQvjeXay+oPxAfYk6yv0LTZ/25loQmDsBBFaLGaAXRrGqLTVh+VT6+1IP2d48Vbu6P4bK53F/wcrFNseQROyd0J68kWOvreRd0LPOrWsLKUwvrccm7YtQDPct9WWosVfUcyVinXFxLAQgkC8BBFZN29jqP7mDiud0KafKygs0fjjX7ELlw+M+d9ku3//1EL75eyF8hwZ0UtXTl7vASjlXHmJIYv0rsuGT5kk5ybR4aOXJqAOHqMRvnmXdrMlLVZSJ0Mbav6eNtb/T+i7P4Kls1bpuld1rtgsBxUXrzAiOhcC0CSCwKthXD0+r52mJxeVwQtahNxuWx+qoCngaH9LEo5HrUn+DkLwYyoZe6gXeSnBrnDbnjsaYzL5tQvSZo5TCkbEvW8OqygFcSoC1qq2WU+iz8c3IiRCAgDsBBNYWpDH52nKXLhjpf3YWwnS3TssGc3/wN/FGpURvebyymrspjOexmbF3WYeW08jt9Cb2rnvxFJ6NeVV789U8dgcYwjNXlwvHQwAC/RPI6iXV//DfeMXPhHBLK4IeSkuwY5KrlVTIall5VU65V5W2F655e56r4e3JzYOVQkxenqaS52WvOKg6D3I5rko5hDZ9bbLRddt7JNWdU7/vKPfyWpv+cy4EIDAtAggs2dO+xaY8jSJJ494ef7+tMM+fHLO5o8cgy1CmreLS5Dus64nKyStn4SXLx/OqcWV5PHH+Zbchssd9YPPR8pRUdd51VattdG1zyfqo/5y9NwRVXKj2aSv62p5frZccBQEIjJHAbAVWadl7spt5U07lTRmkrIL35MlJiGwaW/I21F3Wnl6mdc/z5uu9UjDxkLA/G/Om3bs4m4DUA2cpAdQqP618DYncfye19jdtNaDare1pbhPeG0utOe+5T3sQgEA1ArMSWOnlnOre2ENZK4pWeqG5PfCrYe/+qNy/WccE/No5bVrFuZCxBq035F1ANCXHy+1y8vREBP6mGR5tbrXhFIn3+dSto7Z+1aZ11dIXGNVjmbTNfKxEKxCYJ4HJCizLjZGQKoSTrf5LBUBT8cAut6oZeipZ+M3qc+VWMTtxSSvkmnih9EI8lS1bL6tvaqOUs2MLHjwKuKacMqsi/h5H4dF0fF2eZ2JGXuL/6xV6T7sAtNnsOuYBntTxXF8P4VjjuGp178aan9mlnWkbAhC4R2AyAstevBrPfQU+S7WqstsDratJ2Cbs0VWfyu22SVT/lRC+pu1M3tpEnLUdW+q3hbk86p6l9vSyPtMLvnLeUNtxDHG+6lEt5DF29TyqzXOLCTadC6q+fixxdrXu+YQGh5hBXBMC4yMwGYFl6C1cYB4qPTQXU39hbZtqCqGdyW136YYKU/6wVkTmOCXbhi/tfKmRu/L49Da+9FK1uaUk7daV+lMOoATCQrlDrdvL0c7lPnWRE9j2i0RapFBHYLUNSeZuJ/oHAQj4EZiUwPLDMt6WongJuYYHJQBPJQBbhfhsjCqlsVDV7F6ESWn5v0v+UPJcSVy5JnxbmRF9wbj8fIahRo96U+t3Zdu6WnVFX9oay6NK/3ifMPQcAhCoSgCBVZXUCI4bw7frui+1TdhjRfDaCfJNTJg8V8dOW9WUcrhsz0rXxRUebJswqnJOtJlrzpKHwLKad1W+jEi8LuU1dSvJUYUZx0AAAuMmgMAat/0uev8jIXzx74TwtK2MzDnx1l6KTZfUp8G2fbFWNXncy9EOv6GX8GNVz9t2XBJAXjlcGzw6FiKvJBjajqXu+dGz6lrfq22o2USfSjzsLe+gXK8zzdlLJLXXtTrHQ2DeBBBYE7H/GBJvP67Ni9+hzYs16VqF2mJZg043sU481efr/z6EZ9pOkxQWtLIgWkXnWmgz9S15MHMUAsbzpkKYPxTCm9qyLAntVoKySg6XrRiUzaysRKfzzYsJ7UAAAvkQQGDlY4vGPbGyDDr5sK1wadyBiifKE7BSH1t7WOLqsc62kvEWqzbuuFOAqwdngwfLCnlaNfiDnJLnbQWh+nVUJRRXcSoVh31J29NI/DxoC1uaCKAosLaW2/jX8gq/XV5hr22Q6oyNYyEAgfETQGCN34YhFnDMOjRomL1Ce116sJKnycvbUtpb0KVu1q7pmkJelldkx9VZHdflbdCmLEeVfqX24zZDlRc/2HzclVvnLbSrjIVjIACB6RBAYI3cljknNm/xsLSuIWVjrpqcXMe88rQs5fmxRGYXT1MK2Xm1t28sJgissvhdeYwUg7xm3iyJrNrbx+y7Tt3fd2Wvcj90jRPNiSvpgRa9WoXStL0i47GW/7ewSvJpk+bbClc/rPyqtMG7jntDUWJvr1tddhwPAQiMlwACa7y2M4/QQt0/0n9su59O8nq88HgKwVRDytNDY+Gmk3vhpnOVf2gtStJ4+xJXut5C17oo5ClGC4mGI/1xGU+beWDCT8VUz1WbrjXXKv14OYTf1Iq/79bYi+tZWNp+lkWX/YN+nwTYxU9bgJG20sp5sUgVDhwDAQgMSwCBNSz/VlfvYul7qw7tONkrPGiX6EJgedYP6zMsmJBvqjOVCmmaaJQnphdxsz4F1Afzph1pB/Wb7w7h0a7mV512P6XEdXmtrpr4zMHDV6fvHAsBCIyHAAJrPLZ6Q089BUHXCJpUzN7VJ+96X57etZLnqldRs01sl/KTlhJZrnW3qswbK3VhHiFPb2OV6+47xlPw77sWv4cABOZJAIE1QrvbS9PCHg+G8OpTIbwt9yF4v8xMsFmulFd+jFeNppKY6VVcmf13lRxIoq/v7YUUqjtWTtjVnFY0pnvFbK6Q8GmOVe9zv5/pHwQgUI0AAqsap2yOSt4b721WuhqgcptOtJT+isIxp8ptsnpCrT96OSqlJ1zy8IqkEhdt2yqVYuhdXBlQEwzKxVsqF2+jlyp5PK3IqXcF+W0GNcGZa+HT1pOQBiAAAQjsIYDAGtEUSXuhDZlTUxdXF3vQ/XoI33wthO9oK4qi56fwBrZpKwmJoaroa16c2h6E+8ZQyg3rJfcolg/pZUujuvOS4yEAAQh0TQCB5UTYqpR/JIR3OjV3XzPykJzIWFe8Vrl11c/1di10ZSvp5L1yXeUYX94nWuml/Onmn7bhy1TaQT3oRbRsGmmdnLRSKYrwuyH86k+E8Oeb09t+Zh+lGbroN21CAAIQ8CKAwGpI0gSPFMPlVNRxHWRaEm4vXlMW7225imuMRQ+7WO2XzBWLai7FtXHi9he0wk0l8C9KG9SdCim8OPTWNLHwaqiTk5bmk8a/er+z+E2eMuVfnT2tLwV1uXI8BCAAgSkQQGBVtKISdhd6k9t2NBfM0hYdsaaO5QUdSUwdJNFl6+JLBQztxEbV1tOmw3VeoBWH1elhHVdcLzxjYtLYM9Zm9WAqVDmk56osNpt4NlNo08bgVcah1OYgqxY7ndA0DgEIQKAGAQTWHlilatxJWZ3rW/953W/9KQnaLlen+GMXOUw15kfjQy0UpcnlttJvvSMx9Ni6iGaTEOFnNDZ5Z0w/uwmTxqB1YhSyZxJJtb1FVqDUCpLGIlltN+Eu8tn0h7yrNgblXAhAYBIEEFhbzFgWRG09JeVLpNwU+ze9pJfP7AhxJQ+LjGTbe+jw8Xxi2YDO6h81EUab6KXSCvsSxNO5qXCmiascilQmsdfWu5ns1XRcQ5aoGM9dQU8hAIE5EUBgrVnbQj/yUFkosNjDzCt0sj6p0gtpW9gwiSt5F9wTxLue4J8M4fU3hfC4lQRokyO1q58WNjUTeWxnYmKtildR1zzTcZbz1dm8qGubNmHO9WuVSk1Uyuf6NyH82neF8GdKeYgu9qjLgOMhAAEI5EgAgRWtImF1qhdF8hL14p1I+8dZF8oelBQWNHFVNxSZwyTro/6RZ+i0yio8ea7OlOxViKscPFfJzl6evNTeZ3UfaJDFfaAvGkvNv/sWEZgXTyHFo/TwICSYw11HHyAAgdwIILBkkVQZ3VwifVe7/gWtRrwWc2dMZJU8W6PNY4klFDr1ZtQN7e278XaFNCWETzQ3rjRdpLDv2m1+32EZjGIvZPPiWrHQTRsZqoDs6oMtFhm0GTfnQgACEMidwOwFVtzDzeJNvVW43jQp0rL5+LuVxFbj1XFdTbqXJDS0VPLWh0N487ZrVPEGefSvizpLaS4o7HhxX8hbc1eGeMDEd9s8J49xl9tQ/tUtfSG4pv5+VB3+ae/2rQyFxl0k89v4rZCqfhxrbuo7AR8IQAACENhFYNYCK3ktvhrCb3RZJLTKFCwn1d+VkPn+lgU0q1yz6jFr4u9e8tOW3LC4JUvnOUpeW9ysMyjXG3slhBvHITxix1RNgq/K1OO4PkKxHv2kDQhAAAJzJDBLgSVx8KJeTj9lX83L3oqhJkB5CxMLx5hRcnmhl/pWePj+eQhf+94Q3qL8nIN1j44lgav/l1Ra/ea7Q3i0S56y30LtNy4Suqtvqe5YOiY3z1Xql9nG7KAq+bO8j7ucX7QNAQhAoC2B2T2Yf1khDnmIik2HcxAxScCUVyyaF8XCMW2rv7edHMnDJyVzpk2E31BjaVM4zYSJebf64KrrfFHXe1oC+WOaxC+2HWv5/E9or8O3aq9D+zcNOttq5N4J7p4MaQsCEIDA3AnMTmB1XZ+pzoRKeUTrVbhTHtNQW43oxW1V6S+ZWNIEubMp58b2XnxHCE+m3KSUdK5TessfM4Eh8beQ+HOtEaZwrQncIhSabhB5io61ou7BOvbt+thYXmIpD1bj7YK67mNX7WtnhdPnGhRW7ao/tAsBCEBgncCsBFYSATeVHPxDIahU03CfJKK2rUyLuUy9J1aXhNLecgQaw5n6by93W3F22LfXLTJqtV3O+gxYryul8h3FfoXxRjl/KISvPxXC24abOfeunERwH97Coce6fn3Nu6/LHt+pbwFnfYosLfL4usLfT1h/LJSf9hu1uWF/7CbYlpuYG0P6AwEIdE9gbgKryM8euo5RKfS2kvdl62rBuKFxb6HCfcVPN03Hcv5Y31y9y0Ek0StBtZC36g1esZTzZQz6FpKbuGt148r2vZyjwDIeMUTdaSmQxD1tWp7+bkLKniP6ZlH8rz1U4p6jh9HrOfgzpvtXB1eAAAT2EZiNwPKseL0P6rbfq4ijbRhdCCrlDl0X/Gd2tZVWyumE5bMdh4FS4U7zqPUtlJryjELVpb9qqyieae/LXdXhJWyWOq4oC6WDexO/64z6KofR1DZdn2d7XZoduhSY5ZW9Ni+q3Bc5PGe6Zk/7EIBANQKzEFgW5rENbYesOL0vJLjNXF3Ue9r2spbnZlSV4z1X0dUtL2FbKmlOFUJriAKknuKy2qMiv6O6SvJvujG7Efp0CN/SCpo/kuvK0/ysSI8gMF0CsxBYaYPeLr/t7poi6Vtt0xdxXJ3XSfJ46puUwkqrFrMrbrrHw7eyXJi2L7M2+W4WVpVdi/vIFitU8XJ4PE7qCkKPa+bWhoXuNpULadrP5BWz86vsTbnpOj8Xwt/W8tNPvBbCC38jhH/btC+cBwEIjJ/ALASWHpxnEhCXhhBYKd9KCblLJeQ2Wu3VlRcr9U3TeNAq9k1vI49io6lY58+E8Fm9HGWiZp9SLlqR6CzR16lYjd6bUdqtGeH7z0pV9tuutpW9/rR4/ne7guXXtdlA3ESaHqqHbUW/FyPagQAEhiMwC4GVNrDtU2DpQbsQ3GL1mcd1vVfMxRd0uKOq8T+QUdX4OrdCW+EsUVRsBeMpiEp1zawSamNRvYvDz4fwhyov/7DHvKrDu6tjteXPUiLJPJGbtjzcedm2odIUDrTkdK0QfPX7Wq4QnXtuXFdzhHYhMEYCsxBY9k1XT+4H+vpW2TYkuGkieSbPpkrlffHo6sZoU2xUdZSO5U60grPu2/roJfsHmm+Pxi2FzKN1qlpVRXFbj08fCd4e/azaRpv52EZgJQ9u09D9pvFZm2Z3qutXtT7HQWC6BGYhsJSrcapcjctdCwpbYaa4ULFUWzkc7gnj0evUOBdLL+YTGfyKl1cth9vCmMj7sXi6ZrHR5MHr0gtkxTAl4i7HOkm24vAf6/9fbMsthTW7ns9t+1nlfN0rPy6B9bP6udR4aofQm5RrSF4mu09va79JbV7+WJW+VjnGu3RIlWtyDAQgkCeBWQgsQx+/rTYWJ/vM18W34fVrpoTqJvsnpnwla7NLUbGPk/fvjbvarOWFskrtNvH7EihWQ0udLHKyPEo7eHozve1Rt71UY6rpnKzLIi1o6KocSRTuNzWeTrK3F4YAABFWSURBVPfirMuZ4yEAgf4JzEpgGV7vl2o550Zeq/sKVHqbtElIJPWx6coo7zF4the3i1kpJFMpqTx5fxSvO32PY9iuyphSaK9tSKqr8gRVxuB9TNvVkFUFWlooYg88ebPvqJDsNe+xpFpy3s8Y737SHgQg0A+B2Qgs77BKSrA2M5U3au7abCkxW/v83HrXnu1+dOyZ+pbCLpNccWYv6BO9M5+vEF6yZGpt3lxsM9hXOYX1+WCLH1JB06Z9sDGPrWbZpvtCgqRYcdfUe2VtVkkqL4UEa3k6697Lbcp91L0Wx0MAAvkTmI3AsoRoPQCfbhsasG/CMuvFPmQK133MI6+mzlSJeR5WDf5jOu/FTeeWPGudvlTq9LuLY42F8mhOf7CCNyoXz4+JfZtDTYWFjUNC8a48cNoa0e9jgsfqiskbWHs1X5NetPVe2TX3leqw35uIsyLDXdd5m4rwbWJLzoEABO4nMBuBFR/GRWHKuiIrlnkwT1DidX4rhN9Xcuybh5hUn9IKuAclKKwz6wVC07d165cl2lcNnQ0xDo9r2ktNBYxe/ft7ltfHXC33EHHTMTQVF9fllVRNNbeabq8oyftuCI/YXIr76BU/7a9NyiZU5aEvAMe6zlX9OdN1pBebffZ5wZqE1Jv0RKHKM91vbnZp0gfOgQAE8iIwK4Fl6G2TXImSAysoaKG9r4bwmx8J4Z3rZlE46ZZEzENWKTq9eHITLCnnI/U9GXOKuVabbhuzkVYQXtuX81I3EbqPW7SpwPIMdZeLo+rbw/KZGGbtg1dbL16yUVq5u8kb2MdK0dQPr/H0Mfe4BgQg0A+B2Qksw1rea2ztW/u3XVQ6Li2v1/+eKhynOoR5fuwloxdkYcs2VajzHN32XmncRYX+XQIrbadiZQDkzatdBqALJmnFaZMQoYnqGMZrfO+uzf/7qs5/MoTXlQH++D7h2oZNU4G5fs1tIcLkyZXBX5FwVP3Qbj9xscV5X+HVbkdD6xCAgAeBxg9pj4vn0Ia9TB5WHRxLirG3r8Iv5uG6rZeLW22cHMY5xT6khPFtQsXqn8mul3Py6KXVbPKO3nx3g6X8bfPIqm46btc51X3wQVWM9547nqvtNnn00mKGvvbX7GorK2/utAcBCPRLYPYCq1/cXM2TQJX8G8vWblI3zLOfqa0URtLfG9djiwscGu2XlxZoKOy919Ni12lSwLUKN2vbQvRKOm+dTL9J3KznXdkxGvPr8i5pH2b/j+d4/HtHixCAwFAEEFhDkee6rQmkUNfQ+Tf7BvLxEL7y9hCetJtNXqGVvEKVanZtajduxVJ78ULyXC10/Q9UuH4UDe4r71J5k2/Ig/ejDTx460zWK7lvyrvqMtG9j3y1ffOL30MAAnkSQGDlaRd6VYHAthpI6d/ltThWQUlF44b7pLpl1oMmOVfrPW9SoiF5zuos0ogCayEvkxxZfh/v1ZxRUBUewRQuVG9vlEP8umax8boH/0320L8NVlfNzzK0BAEIeBNAYHkTpb3eCGzyHqS6R0oEbxyG8xpAKSTo8gJ+SSmCqkBfqxRAEh0Sm0t5rion+cdQ5In34o6yIPLgbO3JK3dmBWQlII+s3pX6fJ+H0IRdXQb7+sfKwX2E+D0E5k0AgTVv+4969Ov5N58I4Ztvu5dn4yJomsLRy/wPlFxU7EXnKfSqVC0v9zmtoGyy8XhMcv+0wpnf35TD+nmpP16rE9XewkSVeab2hQGjR+5MHrnGNbfK40nCtW5NPS+WtAMBCORPAIGVv43o4RYCMdx0URDTO/zUBHwSEXZjfS2E114I4Ykm7Ww6x17qavegStK+7XtoFcybbC798yH84SNaPegdUtsngupyshw8je+gKIuvP7v623b15Zq4kjOsqA7faLFB3XFyPAQgME4CCKxx2o1ei0BZYJl3xwrIVhEfXcBLgiYui+vkxVtVJGjnAauL1njPxbhzwWVPgVV1U+Y6tikXSpVbaufm3V7iLpUGQVzVsRTHQmCeBBBY87T7JEYdizsupSRMTFh1/qVCQJXzjDwgqObS/1EW+J/oUlilflYRCan2l85pHCbdV1+sLre06bj3BtVpxWCVscbVhq1Kduh6v6+Q72NWYmJOBX3r2pvjIQCBewQQWMyEURJIe9mZqLI8nCovWe+BlpLYTeG55fds62cVgbVetqDJmM0bZ6LVy4NlQsi2pfLc21BC8r9KsP2FfaHBNP62+V9fDOHvqQjxv6h6vSbcOQcCEJgWAQTWtOw5m9GUw0N9h2uswKkJENtmyYp2qhRE64KZVQwXBdZSwmejl86rJlPdZPpdfU/J4F6J7eladdttWz0+isRsNguvMl84BgIQGJYAAmtY/ly9IQETG5bALe/VgZenZV9XJKhe1Iv2p+ym8fbI7Lu2/d7GrD0CX30qBC2WfOMnbXqskgW1yjFsuq5XvlRXocEqrNaPsfId+rfaXrlUx8zEtLdIbDIOzoEABMZDAIE1HlvRUxG4ruKhCtVcjRPXQk+dCiy1/zm9nJ/VpYtLFsleKg/gXYBzn3Eles4kJrfWwJIQMA3gkhu0vjpzX9+2/b5qUn7T9uucpzHdkN0eqSPGUwh4CDFdZ2wcCwEI5EkAgZWnXeiVCMTVcAemHFIMzgSV/V3eqyL3qouX38sScYrBWb2kg+itMnuYx8y2juk1iT5NhF0emJTsXUc87Jpg1p5E7Oq5Clvq7BBXK7NVLl6fOgJLCxcWWrhgRUuLeSZ1PYjNeQhAAALjJoDAGrf9Jt17vegV8bpXldtElU1WCa1ifzwrJaBfXPZ6gau9hVUDTwLOrmm5XcfyHD0vj9nQoLdVDbdaUFYb6ySEux8K4aG2/fykNkV+OITHtUruJ9Xuv2rSXk6hwdR/K/6q8Ty6T4Sm3C5WCjaxPOdAAAJlAggs5sMoCeza6LnqgBR2My+YeakKr1gSVdq88Oub8pyqttvFcZsE1n8J4c5t7bXomeQfmdTOVSqPucpqxy4Y7WpT43pdSViPbxPkr4RwSyL1ms2DOns21hnHvwzhr/1kCP+hzjkcCwEIjJcAAmu8tpt1z5usmIthNhNTRejPPlYF3MKMfa0EbGq0TavgvEOD1re2++vVXd3XlEfd8ySwXpOt/+gmD1ZaNdk0kV1jflUerydMrEehXkyvFF5Oc01h11OFXQf3htZlx/EQgEAzAgisZtw4a2ACKeSzLUfGQn7Ko7kI+a1NdNv410TVfZsCDzysrZdfF1gmFvUytw2OjzUOOd18Pm3qaEn0LtQny4tbyVOUFVt5PL9hIqgssNJqyeS1Ks8H/dsTWpn5ZZ3zFtshIIWoo266CFmX/v3i30yzm3C3MKN+3lSc+7elqn5OYdd/5mMlWoEABMZAAIE1BivRx40ESqu8Cm+BhcrMO1U+2P7N1ufrc/a+EXsP1pPcuwrDtVn557X6sIvpbmUsrHaZstWXmg+F8LbrRBF0sZhh/YGYBFT6GeeYeT7PJeBNQL0o4fTTXfSZNiEAgXETQGCN2370XgTMc2Lvyhj6O7eX6NNKgJ8SnLLA6jIMFwtqnskDZasoK38sZGshMq9FB1Uv/AWF5xR6sw21bauk4lMOAce/F/+efm/eJftEUV6IpfL/Ww6W8tv+7PeF8FGJp79etS8cBwEIQKBMAIHFfIDACAgkgSXvy7GEwgO6cVcKd7mG4RRGO1PbW2ttbcOUEuM9ipyma8jj9P80uLdILB+Yek6iqbQY4b4wXfqdeaWisLKf5mU6tIUMyctZdR/BGC5dqB8vPKMQ3wimCV2EAAQyIoDAysgYdAUC2wgkgZV+v6/cQBOSTT1jdcOKOv7MwnRyMR6YN8k8X+ZdKounKJAu4r0xYbzwNJ3eO/S2zn9BHFRZ4tsficRfUlt/Sf9y8Wyzg1MosI6H7XoI79PKwpdMdKqN2zpXFSz4QAACEKhGAIFVjRNHQWBQApbUrxf9o4VLRlXJ9bJ/zLtDTRLc4zlBXqGdz5KUlF8+aD2vyf4u0XT2Wgg/8yMh/N0q49NihtvyMD1oiegm1lL7litlob+UbN9UPFofJNp+Vu3/mDWvPv6O2vzjVfrGMRCAwLwJILDmbX9GPyICqjC+tJCZkvU72VzaPFF1akClRQZCeEeeJG2TeP/H9vKLIbp7e/nIYaX+1w5tfklCSqHCB+OChYsyCOmKcSXguVTnR98Vwj9Z70nb8hPWnsbyaxrL99jFlff1UZVcILl9RPcPXYVA3wQQWH0T53oQyJBA3B7oatUQ2qeUC6ay8VclbMxLtFXwSdi8ruE+XhZC9v8x5Fes/Ez/vyk5fdMDKq3kU/jujqrsVwrbxeT9nX2taha1ZWlhVo7icxq7tCUfCEAAAvcTQGAxKyAAAfPOFBG2faG+hMpCg+Y1kjeq8jNE1/hdKZO3WjivlHNVLpFQtGkf60x0cxX5VurXI23MZAJL1/wdbbPkEt5Te7+s/jylwd9R3zZ679r0l3MhAIHxE6j8cBz/UBkBBCCwjUCd/Ku6Ymxo6hJDn1YfnvdeGCAOn5f6e0Z/XpUn648NPU6uDwEI5EUAgZWXPegNBAYhEPOvzvfld31R4TF5ocy55F4moquBSzwu9KA78hZY1l9xe1IC68tq/0ztVwpXdjVO2oUABPIigMDKyx70BgK9E1Cdg9elDB6/FcK3PhzCm3d1oKsK8l0Ouo8+S2h9Sw/TN2kcP6CQoVLa+EAAAnMngMCa+wxg/LMnoKKeK7mkDvZ5eDxW4g0B27xzGt+Xnw3hz3V5fQm5/6VQ4Xd3eQ3ahgAExkMAgTUeW9FTCHRCoIpwSoVOlXy+VBhR1SLG8bF+6yF3WDV5fxyjopcQgMAYCCCwxmAl+giBDglUKWGQ80bOu9DEsdXeW7FD3DQNAQjMhAACayaGZpgQ2EbARIgeBAt5eTZukB1/v7dae26EVYH9lkozXNsX+syt3/QHAhCYBgEE1jTsyCgg0IjAL2n1mwp2bt3g2UoyWAHQKyHcfU8Iqi06jo/6/KCE4R0rSiqB1Unl+3GQoJcQgMBQBBBYQ5HnuhDIgIBCf0WB0U0V3FN5A/1+dCIlbkBtZdZ5xmUwz+gCBOZIgIfPHK3OmCEQCSQP1SYhEkXKKMWVlX+vuu0PkwECEIBAFwQQWF1QpU0IjITAtgKjTbbCyWHIJhjlktvokcuhf/QBAhCYDwEE1nxszUghcB8BE1KqubBUjaiL0gtWtsHyrsbmAbKSDOr3of78U5WS+AeYGwIQgMCQBBBYQ9Ln2hAYkMD1EI617c3Vco0oy8nSQ+FAXqCFRMrGVYUDdnnnpbVq8EQq8WVt6KyC9HwgAAEIDEsAgTUsf64OgcEIrHuqPi8PkITVoUTX+QdYeTeYXbgwBCAwDQIIrGnYkVFAoDaB8h59n1W5Bnl/LllZA3m0KGtQmyYnQAACEHgjAQQWMwICMyUQBdZSwzdBZc+C0a0YnKnpGDYEIDACAgisERiJLkLAm8DLIZwqweqyeawsoR1x5U2Y9iAAgbkTQGDNfQYw/lkS+IyS2FWd/cgGr5yrhXKuRpXQPkujMWgIQGBUBBBYozIXnYWAHwGtuls8HMJ/eyqEv+jXKi1BAAIQgIARQGAxDyAAAQhAAAIQgIAzAQSWM1CagwAEIAABCEAAAggs5gAEIAABCEAAAhBwJoDAcgZKcxCAAAQgAAEIQACBxRyAAAQgAAEIQAACzgQQWM5AaQ4CEIAABCAAAQggsJgDEIAABCAAAQhAwJkAAssZKM1BAAIQgAAEIAABBBZzAAIQgAAEIAABCDgTQGA5A6U5CEAAAhCAAAQggMBiDkAAAhCAAAQgAAFnAggsZ6A0BwEIQAACEIAABBBYzAEIQAACEIAABCDgTACB5QyU5iAAAQhAAAIQgAACizkAAQhAAAIQgAAEnAkgsJyB0hwEIAABCEAAAhD4/1ydBJtn3inCAAAAAElFTkSuQmCC', '刘绍英', 21),
	('402809816b4db5f3016b4e7c7b910009', 'iVBORw0KGgoAAAANSUhEUgAAAlgAAADICAYAAAA0n5+2AAAgAElEQVR4Xu2dTahmyVnH6/bH9EzPpKfjBBdjHJFAdCMuJDgbERkzGUOiYhAXgpuIiAth0LVZiCujIuhSEd2IoKCCyUzSLlTEEXGjKyOagSQq0en56J7u+9XX//N21e3T730/zkdVnao6v5d00ul7TtVTv6fOef/3qaeeOnB8IAABCEAAAhCAAASiEjiI2hqNQQACEIAABCAAAQg4BBaTAAIQgAAEIAABCEQmgMCKDJTmIAABCEAAAhCAAAKLOQABCEAAAhCAAAQiE0BgRQZKcxCAAAQgAAEIQACBxRyAAAQgAAEIQAACkQkgsCIDpTkIQAACEIAABCCAwGIOQAACEIAABCAAgcgEEFiRgdIcBCAAAQhAAAIQQGAxByAAAQhAAAIQgEBkAgisyEBpDgIQgAAEIAABCCCwmAMQgAAEIAABCEAgMgEEVmSgNAcBCEAAAhCAAAQQWMwBCEAAAhCAAAQgEJkAAisyUJqDAAQgAAEIQAACCCzmAAQgAAEIQAACEIhMAIEVGSjNQQACEIAABCAAAQQWcwACEIAABCAAAQhEJoDAigyU5iAAAQhAAAIQgAACizkAAQhAAAIQgAAEIhNAYEUGSnMQgAAEIAABCEAAgcUcgAAEIAABCEAAApEJILAiA6U5CEAAAhCAAAQggMBiDkAAAtkJfMm5E718Lv2w/mTvnA4hAAEIZCCAwMoAmS4gAIGLBL7s3NmZcw8+7txl+EAAAhBojQACqzWPMh4IVELABJZMPSOKVYnDMBMCEBhEAIE1CBcXQwACsQhIYD1QWwcSWLyHYkGlHQhAoBgCvNiKcQWGQGBZBP7Sud9+yrlfVBjrvpYJ9Vc+EIAABNohgMBqx5eMBALVEWCZsDqXYTAEINCTAAKrJygugwAE4hNgmTA+U1qEAATKIIDAKsMPWAGBRRKQwDrWwK+Qh7VI9zNoCDRNAIHVtHsZHATKJ0C5hvJ9hIUQgMBwAgis4cy4AwKLIfC6c4f2krCioEpGP7C/2/8GAP4v294jVoZh7VJ3duLc3VecuxF+cEu7Ce1CyjUsZloxUAgsggACaxFuZpAQGE7AJ6APv3HtDr1krKDo6l3T+ft5/Sv1c6ofWVV33keTadMABCBQCgFeaKV4AjsgUBgBn4B+LOFzLaZpm3YO2r+pKNbRy5H7imk3bUEAAhAYQgCBNYQW10IAApMJeIH1QMLt/IgcyjVMxkoDEIBAYQQQWIU5BHMg0DqBTUntlGto3euMDwLLI4DAWp7PGTEEZiOwTUjp35X77i6ThzWba+gYAhCITACBFRkozUEAAtsJ7FoK9JGtUx2bcwWGEIAABGongMCq3YPYD4FKCOxbBiQPqxJHYiYEINCLAAKrFyYuggAEphLYJ6D2CbCp/XM/BCAAgZwEEFg5adMXBBZKoI940jVHwnOVPKyFThKGDYHGCCCwGnMow4FAaQRec+626jHclF2PlWbYZCfH5pTmPeyBAATGEkBgjSXHfRCAQC8CoSJ8n8jUvmXEXh1yEQQgAIECCCCwCnACJkCgVQLhGBxVab+nKu3X942zz1Livjb4OQQgAIESCCCwSvACNkCgUQJDI1I6XPruJQkxnV34+yrX8NlGsTAsCEBgAQQQWAtwMkOEwBwExkajNh2lM4f99AkBCEBgCgEE1hR63AsBCGwlMDZh/ZaS4a3Rl5xTMIsPBCAAgToJILDq9BtWQ6BoAmOjVzaoLzl3qhfTpT5J8UVDwDgIQGDRBBBYi3Y/g4dAGgJTl/nsfoWxjpQYfy2NhbQKAQhAIC0BBFZavrQOgcURmBK9CrCGJscvDjIDhgAEiieAwCreRRgIgboIxBBHMURaXdSwFgIQaI0AAqs1jzIeCMxIIFb+VKx2ZkRB1xCAwMIJILAWPgEYPgRiEogRvVpbJjxRsvvVmDbSFgQgAIEcBBBYOSjTBwQWQsCXZjhVkdArU4ccU6xNtYX7IQABCAwlgMAaSozrIQCBjQRi503Fbg+3QQACEMhJAIGVkzZ9QaBhArEjTmrvRLguUw+r4UnD0CDQMAEEVsPOZWgQyElgau2rTbb6JccjLTlSDyunM+kLAhCYTACBNRkhDUAAAkYglcBS02eKYnFsDtMMAhCoigACqyp3YSwEyiWQSGA9sJcU5xKW63csgwAENhNAYDEzIACBKARi52CZUdTDiuIaGoEABGYggMCaATpdQqBFArec0/GBOkDQubd+xLkPxRijRNvfqJ0f0Ivq3xTF+q4YbdIGBCAAgRwEEFg5KNMHBBZAQNGmY71QQv2raHlTKZYeF+AOhggBCMxMAIE1swPoHgKtEQjLen5ck4WWRcbO1BiJ7q3NFMYDgbYJILDa9u/o0SlqcKwvtUvaHn95dCPcuGgCoVBoEFqaTw/GVHin4OiipxGDh0C1BBBY1bouvuH6IjtVq+fb4TU5LHDADq74qCe1aIJDjrHjaKo4o29NaIWxn2kMZz/k3Ge1pvgHu4CEeUnB0UnThpshAIHMBBBYmYGX1N3rzh1KTdmXdHcemKg6tQN2iRyU5K1HttgSXK2RRc0p5cCv8rQee/eYmLeJtynKpfGe6OdUdC9zOmIVBCCwhQACa2FTw6IBcvqBvsjWRdUDiarzA3olvu5KfF33kZLJB/cuDDPD7UlA8+yO5tlTXnD1eR+ZEBu11NjTJC6DAAQgEIVAnxdalI5oZB4C/rd/W/Y797VFC7Sf/mxXFMQnFh+wLDOP35bcq0TX/Q2RVZu/Z6v/0h8S3pc8Qxg7BOoggMCqw0+9rXxNkSdlpYeIQPc++83fznR7cl9jfunwCV13YkuF+67n5xBITcCXalh14+cxZxOmhk77EIDAJAIIrEn4yrjZb4s3X+5c9utrLdGrvqS4LjWB9Z2IRK5SE6d9CEAgFgEEViySGdvZtuxnSyda+vvvl517fqw5avtQk+IJtXVSyy61sWPlvnIJrNfS8r88TK6pVe6IsQwCEGiNAAKrYI92hJRZuclX5zv+Yg0jHHfC4bqxiNLOEAKd5Wm77VxQWSTLHgDm5RCaXAsBCMxJAIE1J331/fPOvfoZ535djrjkE3gv+KSzhd2S09/9hHMfTGF2OOqEHJcUdGlzH4GwHGjzXQXZjhSJPc8XpGTIPnr8HAIQKI0AAiujRyRgjgT8Sh8hpS+Yt19x7rmM5jlLJLYvN6IEOanT11qeldVgu1AWJCwZsquV+QIBCNRCAIGV0FN23Iyat6NmthVVtJ19/6Xf1D+c0IxeTXtbryhCZpEDdmhtoVZzkc9eEyHjRV1h5WtbbT2WKcxPBFZGB9EVBCAwiQACaxK+x2/Wl8CJ/uWxmlP+itWxICVX3yZ6dXEihKrj6xFHOflrii5+e8Sps6im1iJWVuB273mXX3TuTxXW+gkE1qKmCoOFQNUEEFgT3LelPIK1WFW16XAUiaJX9xS9uj4BSdW37vKn+VTLtveV//Z01YOc0fj1nYFDSy74WljHus9qtPGBAAQgUDQBBFZP94QjPQRs/ZiZlaDSHyvKWeWL339xLW4LvIqy3lHoxATl+nMQfXdmz2nW7GWdqNXoeWbzdN9SYrMAGRgEIFAdAQTWmsv8slDIm9q1o+9QS35WMb3qz9KKim6qIVZbxLGWCbd+qsDUcy39LwK9lhRrYYSdEIBAuwQWKbD04n9TCurb5FbLl7LPNg4WyVjV72zxyJgQVdAATSzuPUKn0sfgwHLjNkQez5RL9Z5yqZ6tdFzFmx0jatUdZIxIq9k0dGmyeNAYCAEIFElgMQLLR6YunKvXrTEloXHcrb1TpMciGRXyYVpdclnL9zFqxW80iOTaIprR86aUNXcp5vzy0dZRBz1rPnxZz7oqkKx+YzrVLxQXSkEUAQ4jIACBZggsRmCZx+y3V3vh33Pu137Uuc8148WBA/H5ZJasPTofZmCXWS/vRk7UcbW5cVmhRe4sCKyYc2xsBKtji4Wq35DKejHycGkOAhCAwAUCixJY+P8hgSWUZLCq9JylOO+MXyvHMFnMD4xg2dKwRdEOQpSapcF55wO9Q2BpBBBYC/P40pLaF+beIofbjSCZgUHwdIy15Vv79wcqFXKiZfqNm0dMsNkLa/2kgd9x7vu/27m/049CDbrue22ysCsSKkZBAALFE0BgFe+ieAaGiALV2uMxrbGlMA9yF+3s1Blb7SqRqEr1/qHMRo0TE5sh0BiBVC+4xjDVP5zWk9rr91C+EWyLBOWzYHdPUkc/rvn6xw812KOPwlPX7IWldb/D9Ra2Rb1KGRN2QAACyyOAwFqAz1WW4h2VpbhhX1jkoSzA4XuGWLrA2mZ+rXYz4yAAgWUSQGAtwO9LSGpfgBujDXFgsni0fqc2hMCaSpD7IQCBnAQQWDlpz9AXSe0zQC+8SwRW4Q7CPAhAoAkCCKwm3Lh5EJ1K7VayoMpzEht2z2xDG1tPajaDfcdEsOb2AP1DAAJDCCCwhtCq6NpOJXPObqvIbzlMJYKVgzJ9QAACSyeAwGpwBvyVc99UuOpDGhpJ7Q36d+qQiGBNJcj9EIAABPYTQGDtZ1TdFf4L1M5sw7/VeS+9wQis9IzpAQIQgABfwI3NAZLaG3NoguF4gVXd0jE5WAkmA01CAALJCCCwkqHN33Dn7LdjRa9Ias/vgip6NIFlh55r44PKo9XzqTXyVg9hLIUABGISQGDFpDljW4irGeFX1nXlAqu6yFtl0wNzIQCBSAQQWJFAztlMR1ydKHJ1dU5b6Lt8Al5gnSqCdaV8ax9ZaPPcR96qsrsmxtgKAQjEI4DAisdylpY64upU4oovnlm8UFenfqmtOjHu7Wae1zXdsBYCiyWAwKrY9Z1CotXl01SMvXrTfQTrSBGsazUNptalzZoYYysEIBCPAAIrHsusLSGusuJuqjMTKg+cu/+yc0/VNLBalzZrYoytEIBAPAIIrHgss7XUWRYk4TchdeP8Ved+9Wed+1zCbrI3bULlyLm3Puncc9k7H9nhXzv3PxKF30ptt5EAuQ0CEMhOAIGVHfm0DvXleKoWLukPVdqnodx5t44aOtTDEUpdKLfaWc5S9aUv/sG5z99x7pdqEyqa99KE7mptdiecojQNAQgUTgCB1cNBJmr0Yp+9ZlDnfEHEVQ+/TbnkNefuyOFPm5DVn+5zYjWkTmo9PFvjek/jeqY2oYLAmjKbuRcCEJiDAAJrD/UvOndbW/Nuzl2YEXGV9/EQ72M9HFe6QsR8oNDhgebCQW0CJdB7XZE5jeGJ2uxHYOWd//QGAQhMJ4DA6sEw5DzN9aWk/k9kpkXQiFz18FeMS4Kg1QNiEav15+TsvnN/+ynnfjBGXznbqFWopLLbP9t2bqctu/OBAAQgEI0AAqsnyrmO6VC/xzLR6lshrnr6auhlPqpjjO15uCCmfHu2TFx9EVcJxxMN8PJcvywM9U24Xnbfkd1Px7K7s1Fk1UWsdseOj/sgAIH2CCCwevp0jihW+K29VnGlL8V7CgtcK2VJzYtVi1Qc2MTfEJmy2WA5V9qwtopoVLsUuG1ah8hcbYLiz5WYr4S4z0+1uyuswrK//fKk+fCVl5z7aM/XAZdBAAIQ2EsAgbUX0aMLckaxQq5MjeLKhKHlL3UETLbom19ODcs9u+a3CSn7bNwdOIegHjAVR19aq8CyAfvn76sSWd85FMAmYRXaoL7WUJpcDwEI9CGAwOpDyV+T68sp7GCz/B/9Vl1NbkgnEd/W2ULuUjZxdevhWXWrOe37t7+aHVZY8xufcO6Fvu72bTWXmxPKfEyNBPXlGPM6XyD1SAVSe1eg3yWsugJLf6emXExn0RYEIHAh3wQkewikjmJJXN1WNvvNWsTVF5z7XyUmfctDTbNaXvP6ZvV/sh4obEuSKp8QpTp5aj/P9aDVHJnzPul1hqKu/SMx/umVwtZ/NC+2lllp1ddzzTH6hQAEOl+EwOhPICQJ66V9nKIWkn/ZF590241WeXqrSJFU1iri5ndlBcHVH3AhVzYcwbL8sipzy/yz0euw5yH+G3JtIdMTMyAAgQoIsEQ4wklhKSr2Mkvp4kp5YfethpKPVvnggDuxZGFNpLBsk21JcITret/SalSjgQjWXoEVlkE1J79PS+z/vM/pNTPZNzZ+DgEIzEcAgTWCvRcaJij2vuz7Np9KtPXtf9t13eKanWvORVT4crIlTZ3hYwcIX5/aZwn3I7BK8MLjNgyJYFmkWRFmK72x94PA2ouICyAAgREEEFgjoNktMV/Koa1Uy45DhuiXQFclCsJ9PmH87BvO/fLPOPdbfvzhTETLcXmwK8dlSP+lXDuXwNLJAW9JFdhRNknOPbS5Zo6tafNEmBN+t1/0uZZr80opcxs7IACBPAQQWBM4+y/hSbuPOuIq+hdHn6FZYrhf3rtQYHPTmXuyNxQ+teabWA7cxGkugaV+T6Rc72nH4wf6+G/oNTXnG6USWGqXg6SHTiSuhwAE9hJAYO1FtP2CqVGsTqL4JJE2dAi+3/Wq5asCm4qcbF1W6S4H1hgBGcJpLoE1xMYx1yKwLlLTTthf0E7Y342dUznGP9wDAQi0QwCBNdGXY7+Iw2/NuaJAQRyF4YZlv9vO/d5POvdzuzCs3dtrm/xErLPfPtavsxu+x4Cax5UqgmXIPJe7ElnPlO5D7IMABOoggMCa6KewY2nIb7/Ks/l3hYk+kkNcrYkjK6Vgyb+98nvWSjFkjbJNdMvk22sWInvEskUqq1zaTS2wWswlnPwg0AAEIDCaAAJrNLpHNw79MvbXJ611tS6sfF2qXqPtRNfs+iq/jHsNdMdFQ306tb9c99c8rtQCa6lzPdfcox8ILI0AAiuCx0OkRxUc31eZAp1Ju/2TWlxNEVaKrP2nclG+w46bsSXEE+fuKNn6RgRE1TVRsxDpMf+qjEYisKp7jDAYAosmgMCK5H57+e873iaIn/vO/eunnPueSF2vmlkTVoO/QLsJ7HbEjSJe0lrL/bQssGpdCkspsGpO/l/uU8rIIVA2AQRWJP90ltU2JoF3BNBxzBpHsYSVYaj1izeSCx9rpmWBpUjroSKtT6bglrLNlALLnqNa64OlZE7bEIDAeAIIrPHsLty5rRp7WEKMJWD+0LlXn3fuN2TAyn9j2l1LYF9kntUu17cosDSmVQ2zIRsyIj4ek5tKLbDseaqVzWS4NAABCEQngMCKiDREsRQhOFKEYHU2n47VOfTn900WMWrra2pL2mq8sFKe1dta+7theVamzYYkv0dEVXxTjQqsag96tgmDwCr+scFACECgQwCBFXk6rOdi9cnN2mfCa869e/lhfZ7RESv/BXV+vI3+8o4S2G/u63upP29VYNW8DJZYYK2eDSJYS33iGTcE4hNAYEVm6s/yu6y39buqdfUBixRNeWl3c6zGLAWG4XXaIWrVw+eNCqxqa2CljmBxHmGPh4JLIACBQQQQWINw9bs4fDlbxElrMve1XPhUvzsfXbUmrE5VHHTrETa72g55N/6aqAn2Q8dUy/Wtftn6CNDouTS3/1JGsJQ/eV/q89qUX4bm5kP/EIBAWQQQWAn8ESOp3QssizZpdXDch6jVaG5VR3o2jVrLzHc1ka7XLCBSCiw9s6/pZfhyzXzGzXbuggAEUhFAYEUma0nkCjU965udbTkuiKspy4qR0VTRnIljbSQ40BLvcdioUIXhe4xsISqXUmAZPp8v+Sc6yPynWvA5Y4AABOYlgMCKzN8vD65KJwjuLEmznciVFQwdtbQYGUsVzXWWU2cTxqlAhTlRc4Qmk8C6J4F1PZUfaBcCEFgOAQRWRF+vf4nNkSjdEVcbC55GHG5TTYUSGxpUFnGlkhv3rXxHrjIZc8zF2BMkh8CSzfxSEttxtAeBhRJAYEVyvAmbVWEp50zYPOGXHLLWHZINJ+rXcrYGH5UTCUOVzXSKriYRVxJT9zQ3ntAfmyKPPXP3nLv1aWfnfqf9pBYnaa1/2HrqMaRuPwcj+oAABMohgMCK4ItdwiZn5CBnXxGwFdFE7I0Afi5c8mJ70/N1JhF+pl2hozcvjAFnc6NbAHdMG3Pfk1oA8fzM7WH6h0BbBBBYE/2p3Vlv6pvyBQtebVruyZX7kqufibiKun3KRgCfrxVE0kYhZYP1mwxmzYMLuWU151/limBte46LmrgYAwEIVEEAgTXRTSGpfdeXl78m6bKdPwfR1pqU2sNnFwH547yivS3pKpqk04M2f7R8eKyHZKuQ0s8sImVC6syKy77i3AdLo9+K+E4dweIZKm3mYg8E6iaAwJrgv22HO683meMLrrvUNccS1ASM2W7tJLKvgkubxKivxG8i9bFnoyuk9LNDibJqdpqF/EDtjqtafKcWWDme02yTnY4gAIHZCSCwRrqgs7x0pC/b1cHO2z5Kcv66P6Q5SRJ16LeTrH1uSkcYWAXvrZGakRiquC3UtrJji4zHHef+5cec+14z3jO7kHz+MCi12iww6/JeDMCt5BZlEFicRxhjwtEGBCCwIoDAGjERxlRqD3kw2yInI8zYeYtE3fsSdSb8tomHkPR8foyP7XbTPVekLCxJ+3xurCVsV3Hcjgq+/p+UkS3Xrcbhhabt6tyWgG5LfU2KUC+wqi8/kFpghXNEa89Vi/0uoT0IQGAcAQTWQG5Kan9PCTnPjBFKY4TZQPN2Xh7yibqCyQuPrfMgRMBCwyUvP25b3luHEsYktdVUtfZNztd8fUfz9UYLoiG1wPqCc68qxPubLbCK+d6gLQhAYBwBBNZAbvaSty/osfksnaXFncnVA80afbmJPt18IuH0TR0N8+HRDc14o0TEHUWrrtsS4AYzVmUR9OdozKHbMw4rStctHJETQKQWWNaPf76P9XyvatnxgQAEIDCWAAJrALm+Se37mgwi68i5r3zSuY/uu56f7ycQdoCVUBZhv7X5rmgpcTuXwJJ3ku74zed9eoIABOYkgMDqST98UWlZ6X6MSEif8g49TeMyCGwl0EqCe4gupT68vCVePBYQgMC8BBBYPfiHukmxX+5Tlxt7mM4lCyeQowZbLsSZIlirI6/GpgDkYkE/EIBA+QQQWHt8FHYW6bLoJRa00+0d5Q7dSNF2+VMPC3MQ8KJkbymRHLZM7SOXwJKdByS6T/UW90MAAgisHXPAkqe1A+vplAIopYBjei+bQCis2opYyCGwWtoUsOzZz+ghMD8BBNYOH+TKk+rsLLQ6TNUXtpx/WmOBEQhL2wis/vNBzG7r6putMOs/cq6EAARiE0BgbSHqa0ZdyfWiDSLr75178VeceyO2o2lveQRa2kHoBaOV23igX0LC2ZBJnOp/sfoPPfsfSdIBjUIAAosggMDa4mZVNT+0quZ6ySZ9mXe7zxUxW8TMZpCutcOLcywR5hRyTFEIQKBtAgiswvzLzsLCHFKxOa2VHMgpsOT26JtaKp5KmA4BCIwggMAaAS3lLf48wCenVItPaR9t10MglyDJRSTXeFqL/OXyD/1AAAKPE0BgFTgjwu5FRFaBzqnIJBMkKoxrRwTZod/Vf3IJrNZy16p3PAOAQKUEEFiFOk4i67aSv256846VC8bZaIX6qkSztEnjnh7uJ3Nt0sjBwC95nmpMSXfaUqohhzfpAwLtE0BgFe7j8Nu0zCQnpHBflWReiyIhV0RO7O7qxXi9JXFa0tzEFggshQACqwJP25dl6q3pFWDAxAEEWlvmUm7iP2pX78dyiR6/HPmGnrsXB2DnUghAAALnBBBYTAYINEigNYGl8RzLTTnr0mWpudXg1GNIEICAJ4DAYipAoEECDZZoOJKbruaMYLEs3+CDwZAgkJEAAisjbLqCQC4CrZUayH2uYmv8cs07+oEABB4RQGAxGyDQIAEiWNOc2toS6zQa3A0BCIwhgMAaQ417IFA4gRYFll5WV15yTrnu6T8IrPSM6QECrRNAYLXuYca3SAItCiw5MlsOVotlLhb5IDBoCMxIAIE1I3y6hkAqAl5gPch5WHmqsVi7/gipaxpPlgiWcrDePHPuhVxJ9SnZ0TYEIDAPAQTWPNzpFQJJCbQmsJLC2tK4Z/hPElkfm6N/+oQABOomgMCq239YD4GNBBBY0ydGrqN5pltKCxCAQIkEEFglegWbIDCRAAJrIkDd3loe23QitAABCAwhgMAaQotrIVAJAQTWdEfZTkJ7QebauTjdYlqAAARKIoDAKskb2AKBSAQQWNNBiuGpWrlEovt0lrQAgSUSQGAt0euMuXkCCKzpLtZOwq9rJ+HzCKzpLGkBAkskgMBaotcZc/MEEFhxXEyiexyOtAKBJRJAYC3R64y5eQKWP6Toy9nHnbvc/GATDpBE94RwaRoCjRNAYDXuYIa3TAKqRH5oI5fAurZMAnFGjcCKw5FWILBEAgisJXqdMUMAAr0IcCZhL0xcBAEIbCCAwGJaQAACENhCgDMJmRoQgMBYAgisseS4DwIQaJ6AdhL+hXLZPq0/n9Fy6581P2AGCAEIRCOAwIqGkoYgAIHWCGiJ8G2N6VlKNbTmWcYDgfQEEFjpGdMDBCBQMQFLdFcE631FsJ6ueBiYDgEIZCaAwMoMnO4gAIG6CPiSF6cSWFfrshxrIQCBOQkgsOakT98QgEDxBCzR/ZKWCnUm4XPFG4uBEIBAMQQQWMW4AkMgAAEIQAACEGiFAAKrFU8yDghAAAIQgAAEiiGAwCrGFRgCAQhAAAIQgEArBBBYrXiScUAAAhCAAAQgUAwBBFYxrsAQCEAAAhCAAARaIYDAasWTjAMCEIAABCAAgWIIILCKcQWGQAACEIAABCDQCgEEViueZBwQgAAEIAABCBRDAIFVjCswBAIQgAAEIACBVgggsFrxJOOAAAQgAAEIQKAYAgisYlyBIRCAAAQgAAEItEIAgdWKJxkHBCAAAQhAAALFEEBgFeMKDIEABCAAAQhAoBUCCKxWPMk4IAABCEAAAhAohgACqxhXYAgEIAABCEAAAq0QQGC14knGAV093swAAABjSURBVAEIQAACEIBAMQQQWMW4AkMgAAEIQAACEGiFAAKrFU8yDghAAAIQgAAEiiGAwCrGFRgCAQhAAAIQgEArBBBYrXiScUAAAhCAAAQgUAwBBFYxrsAQCEAAAhCAAARaIfD/4LUJQbbYdgsAAAAASUVORK5CYII=', '石玉清', 16),
	('402809816b4db5f3016b4e7d3220000a', 'iVBORw0KGgoAAAANSUhEUgAAAlgAAADICAYAAAA0n5+2AAAAAXNSR0IArs4c6QAAJlFJREFUeAHtnV2sJMdZhuvsnuP12kLEDiYJSXAcJQghRYIIuCR2cGzHjhARcnY3UQISEhdICBQJRYgL4NI3CMQFUm74iYTjWEoAKY6dH9tBSCBFAQQSAhLF5P/fTkS8Z3fP2T28b2/XbJ85M9PdM9091dVPa8/OTHd11fc91d319lfV1SGwQAACEIAABCAAAQhAAAIQgAAEIAABCEAAAhCAAAQgAAEIQAACEIAABCAAAQhAAAIQgAAEIAABCEAAAhCAAAQgAAEIQAACEIAABCAAAQhAAAIQgAAEIAABCEAAAhCAAAQgAAEIQAACEIAABCAAAQhAAAIQgAAEIAABCEAAAhCAAAQgAAEIQAACEIAABCAAAQhAAAIQgAAEIAABCEAAAhCAAAQgAAEIQAACEIAABCAAAQhAAAIQgAAEIAABCEAAAhCAAAQgAAEIQAACEIAABCAAAQhAAAIQgAAEIAABCEAAAhCAAAQgAAEIQAACEIAABCAAAQhAAAIQgAAEIAABCEAAAhCAAAQgAAEIQAACEIAABCAAAQhAAAIQgAAEIAABCEAAAhCAAAQgAAEIQAACEIAABCAAAQhAAAIQgAAEIAABCIyLwJMhvDAui7EWAhCAAAQgAIFUCeymatiQdn0yhGsqb2fIMikLAhCAAAQgAIF8CZzK17Xmnl0NYd+pnwrhxeZ7kRICEIAABCAAAQgsJoDAEpf7Q7jVeE6HcHYxJtZCAAIQgAAEIACB5gQQWMdZ0U14nAe/IAABCEAAAhBYgwAC6wa0oxtf+QYBCEAAAhCAAATWJ4DAWp8de0IAAhCAAAQgAIGFBBBYJRaFr/wkYfhECBrzzgIBCEAAAhCAAATWJ8CYowo7iysBOWWx9ZZizHtlI18hAAEIQAACEIBAQwIIrDlQiKw5IPyEAAQgAAEIQKA1AQTWAmRx4lFFsg4VydpbkIRVEIAABCAAAQhAYCkBxmAtQHOvugm9Wupz9/EQnlmQhFUQgAAEIAABCEBgKQEE1hI0ejHhs950Wwh3+5MFAhCAAAQgAAEINCVAF+EKUhqPdeAolpIcxajWiuRsggAEIAABCEAAAgUBBFbNgcCg9xpAbIYABCAAAQhA4AQBBNYJJCdXILJOMmENBCAAAQhAAALLCSCwlrM5tgWRdQwHPyAAAQhAAAIQWEEAgbUCzvymKLK0/qicjNTjs1ggAAEIQAACEIDAMQIIrGM46n9URFY1sQXXJc2ZdUt1Jd8hAAEIQAACEJgmAQTWBvUusXUogJ7qYilHPX24dNsGRbMrBCAAAQhAAAIJE6Dx76hyngrhxdMhnFV2x5gisDoCTDYQgAAEIAABCEAAAhCAAAQgAAEIQAACEIAABCAAAQhAAAIQgAAEIAABCEAAAhCAAAQgkD2Bj+tp0uydzMjBJ0PQa0dZIAABCHRPgJc9d8+UHCdK4IkQntMJdcZTeUwUwejc1kR2L/lkCNdGZzgGQwACyRNAYCVfRRg4FgI3hXCnbdV8aHqglCV1An7y1zZKDe+nbiv2QQAC4yOAwBpfnWFxggTUNXhZZu14hv8EzcOkBQTKaVXC/SHcumAzqyAAAQhsRACBtRE+dobAdQI6kRTAIno1suPBc9ZJE29/KQX69g3BAghAoDMCCKzOUJLRVAloDM+hfVfo6kpuDHIdBJ5S96DH7Fmg6/NibscP/kBgygQQWFOufXzvioDHXB3dpwHuXWWYSj65DgJPqXswjtlTOM1vgmCBAAQyIYDAyqQicWM7BOITgwpdfXE7FvRXakpRnh68TKZ70L6pn7IYaB+Ppx78JUsIQGBgAgisgYFTXF4E1Eq7oQ4PhnBXXp4Vj0IWEZXcBoGnKBwVxbrFx48OJq7JuZ1I+DNZApzMk636zRz33EH6S2KA8GaesPcKAhaP2dVxSt2Dc+yzYz3nHz8hMCkCCKxJVXenzhaRm05zJLNkCKQY5ekQTpbCsUM+ZAUBCHRAAIHVAUSygEBuBBKO8myEOnPhuBEbdoYABLolgMDqlie5QSAXAllGeXIVjrkcdPgBgZwIILByqk18gUAHBIjydACRLCAAgckTQGBN/hAAAASOEyDKc5wHvyAAAQisQwCBtQ419oEABCDQPQG9d5oFAhDIhQACK5eaxA8IdEeAJ0S7Y9k4p3tD2HNiTTZavHqp8Y4khAAEkiSAwEqyWjAKAhCYKgGpW67LU618/M6KACdyVtWJMxCAQAYEiCBmUIm4AAEEFscABCAAAREo305wbcswmM19yxVA8RDoisBuVxmRDwQgAIGREyByNPIKxHwIpESACFZKtYEtEIAABCAAAQhkQQCBlUU14gQEIAABCEAAAikRQGClVBvYAgEIQAACEIBAFgQQWFlUI05AoBsCGuh9UObEXEzdICUXCEBgogQQWBOteNyGwBICxYMvcdLLJWlYDQEIQAACNQQQWDWA2AwBCEAAAhCAAATaEpj8NA3vC+Edult/VM9n9/6ItspB0LY9QkkPAQhAAAIQGCGBSQssvfNrX6rq5qHqzRMZIrKGok05EIAABCAAge0RmLTAeksIZyWyrkr4XHgkhA/1WQ0qwzM09x4l69MH8oYABCAAAQhAoBmBSQssI5LIOt0MFakgAAEIpEVAN25+6nNXkXFu3tKqGqyBAGOCcj4GngjhuZz9wzcItCXgLvocxIjHjnrIgfyf/E1y22OA9BAYigAn51CkBy6nvPj2dler/s5ryvyUL/R9d68OjI7iMiPwVAgvKkx9Vm41Oh/K7vxVFPp8IXNhY3n+LrNh5ofPQ6LwyzCxHgLbJcBTbdvlP9rS1QBcsPGKBjw6WicwPFsCFlUWKRZLEle3yNGZKOnAaefV1180b1X+HtB57QMhnENcRVx8QiA9AkSw0quTTizSBfhIV2hfpHtZHLXSxf2xPsvoxfCOM+2bc8fmZp/dkyG8oIvaSyqOHl3V08L3h3BrZd3CrxZj3qCbht7Om4UFV1ZaFOrnzjZtqJjDVwhAYAMCRLA2gJfyrmop4itP+jZza41R3441yf8whOed7mMhfLtJetL0S+CBEG5TCRZVFy1S9Heqibjq1ypyhwAEpkgAgZVprd9Xzu/18RAu9ehiccffY/7JZ/3WEO6wkbsh3J68sRMxEFE1kYrGTQgkTgCBNUAFeSC4i5Eacfh/0EXhpb2+CtyGP335smm+OpGyi+RJnP9gUy7sDwEIQGCqBBBYA9S8xip90MVofEUxMHyAImdFqNXvreGXXwrchKDJWtVTNunlSGJzJwrptiS8XznhbVIRQV0cbi3HBLV1ifQQgAAEJk8AgbXiEHD3mhq+/RVJajeVja5FzlGu0xnIuUkfRzpGzvtAiEJ62UFREVJ+ui3+HWk/PyyQFMMomtW//LVl/rAeAhCAAASWEygiEMs3T3eLG0O1eGdMwN/XFUex0Y2N8BaI9hbBqvgyRBmV4rb/VQLpQFb4LQBV33e0fp0o1JGPj3WPsT5oyCn7Ft4Wwqv6yJ88IQABCOROAIG1pIajMPJmf1+n8VOj6UZ4x2OV1tl/iWltVruxrwqANvtOMq3q7FDAHE3qg1tyQmpVJevg0cN4LBCAAAQgsA4BBNYCatVuPTUynk/qlBreqxJaxV39gl1OrHo8hGe0X8G3zX4nMkp/xahE3JLIUxvKHm/l2bNPnDvKO6s5jBb52AYUaSEAAQhMmcCJRmLKMKLvaliKQekSVUW3jRtOiyx/Np20UJPx3O38XgjhWX/mupiHVOctnjk71fmGLI5dfzV1sFQ41ew32yzhdUnlnFV5F3UMefZwlhERuLefqOWICGAqBCDQJQEE1hzNavQqduvpwusIlruOTltMSGi5MXZEayG/MpLhwTiHD4dwz1wRWf20qDIPcTmbmmMWOhY8pV0bC6g6/yyqzEJl3lyXdizb7Y9tRXyMpcawEwIQSIXAQoGQinHbsKMavaqWH8WUIzUWExZbjoxovX5eX6oNuloldyPtxW0T+BSSdBY9AXpZBt1ki1QX+6qLISNKSbFYt1aiuNL+h+vmwX4QgAAEpkqgrttkUlwWRa/mAThi44iW1hdjs9QIFZOHWmypVS2iJWWDPhNe83nwu38Cmsn+jEWuIy8DiysVO87ld/Xy4HnL5cxVMZzSjcI8An5DAAIQWIsAEawKNjXEs7FXldULv1pkleKq+mj+kdcv3IGVgxNQfQ4uciVILLyLSUdjF/PgjrcsUDcHC5+c1LGcRSSuJQ6SQwACEOiEAGKgxNgkejVP/CCE71XWIa4qMKb6VaK7mK1f4uTRVBnIxgPfHOjvyH9SURaiFlOjjb6lyhq7IACB6RLYna7rxz1vE73ynrrrP1CLFPm5YdpxN+E2oibHPeHXNgk4aqVjIJmZ2T8Wwrd1kN6uY9UCyn/V5cTAfwuuagK+QwACEIDAegSiQFhv70z2ahO9ctpSjLmxmkWtHBHQCj9tmNIj+vMNaiY1lrwbheDehpU6/hZ295W2nBBU8zbeKxHmY1nrOXbm4fAbAhCAQAsCCCzBUqNSdOeocSreKbeMnyNUFlHerhbUTwnOxvgoD4/JcndLnBZgWTaDrC9FY2HnIAVSSK8E/FSkDrw9FdJU+FhMHR2G8PxbQ7ijjXFSV5dU1lmVeVEPCwz59GUbM3NN27R+c/UfvyCQDQHGYKkqLZTUqFxeNijZs7LHCJWS+3Un56riKh4NatD2/b2MAMTVW/mUfcWAfdlSjAnaihEU2gmBJ0L4uk5UTzmxqvG1oPITfzvl3ykfo23FlQ2OokplZjOfVycVMUwmjoqvqudhrKAUCEBgYwK7G+eQSQZqVBY2JhIoV+Tint1UA3aoRqv4vshtbbtFd/1X1TAV0SzP4r6NiUbbdHku8mONdYfaZ1esDtQ4LOWzRr7sIgJSVi83iC00vFk19G0icnG+O2FvyqC2+9V1WLeojrnprYPEdgiMhAAn84qKcpegNlswHFksSUDVigcJtdMWYs7Wr8tRHgf+PuQiOxtPN9GFXRVRtdtFfuRxg0A8fuIxdWML39oS0MXurG4CinnrFu3rGwRv15/fTOCu0abiytntKPFp71v+XftoCF9eVA7rIACBaRCgQVxSzxZXumBagM4Gsi9JemK1hZi7FS2wlIcjO57wchAxa7tl0I4a5GvLujxPGMyKZAn4+LFxTcR9sk4kYJjOi0Ob8WIIX6yaUznPq6uPmr5ztLqTv7uc8rqxcyaEV1ls6Vxc+lqt6v4xaqb0FmkXOH+rdPgOgfER0LWAZZ5A5aLbWlzN52VxpXUFZ104e31liy/mZfkb2z3vR93vWLaE5OSPqVjnm7KIx6H6qL/xYAivqKuDLrd35UOXNm2SV3l8zs4LjWv7gbpeby3z7KR7b96+UmzNHoSJZc2n0+9V50w8pxfsVqxipv1lZFgPgS0TGCSqsmUfGxfvsUtuWHS1O6WrWidRJ0euLKxshPJd2UXR2NAVCVWWL7jU6wpGY9mkqJUfvrgytLgyHx1H+pfHorFXl+yJHJJWLaJMV6O40rpLPl/Eetfbulycp/LeuRzCV5SvefrPYmr+T6uCo2YXnV7C7JwSxq7M+bTzvx0hd74sEIBAYgR8sk5+sbDSxdDjlgoevri5cesaTIwKOF+V0Ws0q2vb6/KLF3k3EHVpc98e63nMLD6mCUr3QviRgxC+s86TiCnVcawPqawv6UmWHy9tm0WzUrK1rS2VKFkW/rT1n/QQSJnA5CMdukB5fMRjqiQLg6VTMHRRiWpwT0SzLO66yJs8INAlgSiqdjULfJf5Dp3X34XwnMoszu0ornRz46dds7j26dqlKiqWyd/YlBz4gEAyBOLJmYxBQxkiYXVRV6SzZXkWVucf0WtO+i5fF0Q/nRTnytqxuCsFnseBMLi17wog/1YEdI6MuuHWIKs7S4ftB1GeVrVPYghAYBMCkxRYscvA4CRqttJV5ztoR6/0+aiu/L6b9mPeVcE1q1elSbqRi1E4sYzjRma282X0BJI+9lbRdfeZthf269hs9CTfqvxS3OYIvO2yfynah00QmDKBLMLkTSvQUSuJK12LrncZWLjEiFLTPLpM54iZyj9tO/wn+6qDW2dF2Wb9HcxWJPZFPhTzbsnGC4mZhjkTJaBj0Q+rFOMonw/hn3SM7uaGwuJKPvoafpSjf7nVF/5Mj8Bo707bVlXlYrS1qFVbm2N6C6zye3JdHOIau1qTsy3yG/rTjbvKLETz0GVPvTwdj1d0UdurcvDNS/V3Dt/j9UwXhl4eyMmBET5AYNsEJhHBKu9mizs9X2x1t1eMg9o2/Kbl22ZfSJV+p2y8m+7aezq1XMU4Ntk4iWOpCVBPUul0njiySXrSdEOgPM+Piatuck4rF8RVWvWBNRBYRiDrRtFjg2I0wQJlzCJAotCv4ClEli+wyyp0yPVR7MmuQlAMWXbKZd1fTmCp/qn4EEXK5o7eNp0P+zoWdRgWNyLH/PHNybEVI/+BuBp5BWL+pAhkK7B8IZIoeUy1WUR/LFDGXrOlD0dqMU7Jv4Om/phFHIjedJ+6dM5TaSLbUUUE63zrcHtWjXuHXDrLSsehuwQ1A8P1xcDLm6mtd9F+KoTPRru6+PQ553Pf/uVwPeuCCXlAIGUCWQos3836QiTwvc5rtY2KLaNw9m9XL5P9Wp0NnsXaLCw2S1FUt0vt9nihV0IPrh29cK11eL0Ejqiw9ExAx58mZT+2HKZyTOoAeGOM8h6zcI0f8ZxDXK0Bj10gsCUCWQossSxesGox4if1tsS2t2L/MYT3OnO9TLb2/XT36e5eF+dzSl6ITl3wi9eFrGtcvNA7v1LsrZsV+0GgEwI6DotoVfm510mmHWUiQbSR0I7DHOINYyrisSM8ZAOBrAnovGUZIwENoN5X6MhdI42FTjlOJbwQwrMPh3BPW7+juOIuup5cGbmo7aay4JUwmI/C1BdAiqQJPB3C5zRg8nW6g/38m0N4/TrGxvPN+3LOrUOQfSCwXQK5RrC2S3WA0jWQ+qwvuirK82c1GvRuYWXTbgvhbn+2WVTGoe+iudC3obY6rZkqxZ5F1uqU49rqbulxWdy9tTohX+tc1xVXFugxaqXj5ByRq+7riBwh0DcBBFbfhHvMv7zoFl1/jmjVFeWolQSSG/VQNu51u8y262LvsVaMuZoRafdFvE+IYNXfrpnqb+/xEJ5pl2N6qd2dZT91UTmzyN/0LO7PIp0v+td++UgI75a48jHhB0iuKrqZ5TCH9mTYAwLjI+ALPMuICfgC7Auyuwv/MITf0d+frHJHjbojJhZljQenx/mcpBBqRdyqsqe4zUJDrIsbGUd2PCauykFRxU87orhOVLGaT1/fLZp0jMXXOTUuRsfYhcaJ80xogWWh1Hh5MoRv6oL8o95BoekDHSt0HTemR0IIpEdgrbus9NyYtkV+mrAc8N5oPJYav6JrUQ1no/pvm37atXHde4vYCocj9QF+8cEQ7qqsm31VWncR7umvUf3Nduzhy7qCqjSliLyk4EcPaFpl6foXjMbTKUh8X5EK9zHgEPO3HgjhZa0KJDEEIJAcAd0wsYydwEMh/JgiJQdSS7u6sHc6oaobXPGxEKsKhrEj683+J0J4TmGHO2MBUrJXFImQ/l2+SOje5HpTCo+nO3CUcXnqfrY4SqmQpidGPSa6LRJk24UmT+OWPgR9nuvHynHk+vT1Ae4OEX+hicWqc49vLCLK/xfCe94ewgea7EcaCEAgbQLHLqZpm4p1dQTUsB0qTXGhVsPo+YAWNtRlQ1j7hJvLi2nVCJxr0sjW2ZjT9rJhdPff0vOoaZTQXMS6ELF6OfGnpWrv9rq+l2rjXpbluePOt61rC3Edb48pj61H4fpmVpe/+BXdwk3qXmnjuxMnz62OK9shMDYCRLDGVmMr7NUFfVcRlK8rgvJytfiOZrlr6hvqmnrF3G5LBUE1nS7+F/XbaY/aNrjVfHL6HhvPZT454iOhcToK02XpFq3/bgj/8NIQfuH2EN60aHvX6yq+uDvrkuxee0Z+HXuP2j7leb5rO8eWn06YRueX/RLzm8TMN0Nci8dW0dgLgRoCjS8ENfmwOTECumgXXYbLzFKD6lcJrbyox4iKGs/JHydicSiWRXRQn3F8zVJ+4l9EJtqyUzmDjMeSfZ2+doVj5caZBosbLPgGgSkTKJ5umjKAXH2XeNpz4+6IinzUx42libhyA+w9tPOk5zTS4OPLZYNpceWI4P+K66k6cartxRNgFlo3yNd/U97ez/W1o7L36/donyKKK5cjO6NobJ8Re0AAAhCAwFICu0u3sCELAus2oApZFeJbA7TPZgGipROVwepF9E5Cs3aw+qIitHPrc8wCzqJOFXBsSodF+bddJ3F1saxbxvy0hUd6CEAAAi0ItL74t8ibpBAYJQGJG0f9CmHlCOC6InUT51Xuvgw4a1ssuDbJq7qv8/TvLvOs5s93CEAAAhC4TqCzCzdA+yHgSIaiDof95L4413JqBvdTWWhMZnF3nnnLYYsrR3h2NhRXMa/WDFWuB5wX+3fVVWixZkOUaS9dj62dZAcIQAACGRNAYI2gctXaF0+l/WYIvzaEuRIWxRNhem3Hrw9R3rbLeH8If2HxIc57tkVq9vkUIjzRhi66Ct01KNcK4ViKt21j30r5ruf4ZoKeDbA4ZoEABCZMwBdclsQJqHGcvW5Fpm78SH2du2qEisbBEZy6tGPfruiQ351X3GgovHNNY846G/TtiJhF2yYcLYyUh7v1Nhoz1XedlvlvZGPfx5JeRfPCbggv6bucTfPf5HjZtGz2hwAEuiNABKs7lr3l5G4qNbTnVEDRZeQG1w2ahVdvhWaesRrb75phKa6OvhDCX3YproxP9eYnAj031BV/rrM42qRKd9eeZ3lfq77jfsqklydCY0Qo9XdV6vUzt1m8yE5H83wuFTcS69QL+0AAAhCoI5B9hKIOwBi3z7/WRK3EfpfdPn1HO7bNXP4VgsV2iJ1fTVMIoT7sKlluHNmxSNLJekr2rjXoXpG6yxKQK1/Zs67/kSeRl+sEXec6wMy786dA160j9oMABIYnoIg5y9gI3B/CrbZZjW7RfVRGtCwarqqR2xubP0PZG3mV5W0selrYvfGNjERgMQ7PIsuCRkKr1czrfYmr8oEI+yeTWCRkiygh4opjAQIQoItwxMeAo1aOGjiqITfcyBWvx/EddOwWGrF7nZpuUSJAxRQF4rUvboMc+yqr6NZz+Zs6ZJtjXduXFOpZNvGKnErFql64wanw4CsEpkzAjTJLRgQkrA5VqRYPRd2+EMKzD4dwTxsX3XA7vcVbm/1STLvFqNUMh8VuWSeHYtpJAzzfTVwW1ln+M+NrvuR0rNS42mhzKaQbvUi9UYYkggAERktgkLv40dIZoeGKau2WkY5Dm39bCHergT8YoStrmyx/PZ/VNTf+EjaDR63mDVedxCcTd+e3rfvb3cRlPVcHvjuCWf29bvad72dBGOuk88zJEAIQgECCBBBYCVZKFyapUd9z9Mp5SWS44b320RC+3EXeKeXhMUCx4dbnkf/kr6NE+ihCcZ4J3ROGeuLObS6HLlzir/jsyhD5ZUFdREzK7sNijFZX+TfMp4h4zqet1o0UpvkXdTKfLrPf9nEhj8z8xB0IQKCGwBQueDUI8t+sRj12URXO6up/1Q3zIs8tUMr1g3c3LbJn2To33vLhg9oej+HCbv13qPU3Ldtvm+sjWwuivuxQGY5geazW0jruquyym/IWFXgxPnjhvBfVjdLsV9N0ZUNq+ZR1POQDFKkhwB4IQKAksLCRhU5eBCQ4ii4qR0/Usp/2X2zsF3laNs57i7Ztc51sPpAP75oXVlp3/pEQPrRN21IpW+LNdeupJ3qvPx1URfdrFE6OkJ4J4ZViEQWkH7aYXN3o/Nn4gYZUjifsgAAE1ieAwFqf3ej2VKNb1HelIbQPsTEs/FEDfex3Kk5aNMiWXfnwWGnTJBvvJvWhOuxdXDlKJVt8rLgeCuFesW2SdaPJa4WiCCE+U2HBVwhAYKIEkmxMJ1oXuF1DwA25kuxIbF0YY8RKdiu4kcfTmfIlTg0yq7Uy8jnZm7YoNFO9SZlVFF8gAIFBCEz2YjgIXQrplECMwHWa6UCZlREfK6zRdh8tmRri6HIIX30ohFcPhDLZYnS3ykNDydYOhkFgeAIIrOGZU+IECUgcekB+0Ezf7xzafc8ursZ/T3/ViHX1+1omKWJzboyRxDbOPhvCu+8O4QNt9iEtBCAAARPY+CILRghAYDWB8qk6jx3r/emyJ0J4To9Qvma1RWttPYpPAubU1VlHovT1B+r2+6GGaXuv4zo72A4BCKRBgAhWGvWAFRkTUOP8qN1TxOd8324+GMJd5fgod0ce6e+gy/fi6QGJr/TtQyr5i+MztkV3oW9KxSbsgAAExkMAgTWeusLSkRJQA12MzRmqO02CrpexQKVwm1LU+24fcr8Ywr80PfQkaEc7xq6pj6SDAASaEejlQtysaFJBAAJjIiDxoH/XF4m4rIXWp0J4Y+nqs+Xnyg9N0aChbsUUDU+vTMhGCEBgMgQQWJOpahyFwGYEDkN43jkchPCdzXJKf2+FoT5jKyUk72lirSZdfbPTPRCCemRZIAABCPTUlQBYCEAgPwJvDeEOe6VxBbfn5911jxSiO6Po1cWyW7cQWU18LdM3SUoaCEBgIgSIYE2konETAl0RkJjQv7wWPYDwkMaYfV/i6pJE1ll59xlFr34+Ly/xBgIQGJKAbkZZIAABCLQikIXAkpDak6D6rDx/Q8X7r2lQ+2vloOZPbbWYyWyMWqs9SQwBCGRJgAhWltWKUxCAwCoCElZ/rr8rSmNx9T0po7cpYrWjv1euIa5WFcU2CEBgogSIYE204nF7GAI5vCJnGFLDlaLuwI9IUP2ySvySolWvk6DSuP3NF+VJBGtzjOQAgWwIEMHKpipxJEUCiogUk4xqfM+FFO2bkk1SP6clrv5Zgsri6m9VN3d2Ja5KjsyBNaUDCl8hUEMAgVUDiM0Q2ISAGnD9C2GoSUY3sTXnfSVwf89dgqqMn3N1SFy9vSt/Nbv9Xzsv9TcWYrqrfMkHAhAYNwG6CMddf1gPAQisICBR9UpFrhS4Cq/X3+PqEnyXRNbVFbu03qR3PxbRyYdCeE/rndkBAhDIlgACK9uqxbEUCChSQpR4SxWhqNU9EleeYf1zElWvkbj6ak+mUMc9gSVbCIyZABeGMdcetkMAAgsJ6NU1r9OGv9Hf70vk/lSP4sp9wPrXz/JMCB/uJ2dyhQAE+iZABKtvwuQPgbwIHMqdXfW5Hb6lmNQ9Pedk2w9L8fy9LPsDiav3922h1ZUiZZ0visBdU19mb+Ktc4PJEAIQOEaACNYxHPyAAARWEZBg2fN2tfqnV6Xb1jYJHdv1mP4+MYS4sp8qsxeNpUx/2/lLaO37kwUCEBgXAQTWuOoLayEAgRUENKj9j71ZXYLvXZFsFJvkw5+Vht48CoMxEgIQOEYAgXUMBz8gAIGxElCk5zdku3ouwzlFfzp9UrCOiaJYffQSuthL/k/dnr/lTxYIQGA8BBBY46krLIUABJYQkLj6CW36o8MQfkkK6/tLkvW5updJRtXN6RdPuw/yT/s0nrwhAIHuCSCwumdKjhCAwMAEJET+RyLkZx8I4fNDFq1JRv/K5WmSUT+x2Oci91ggAIExEUBgjam2sBUCEFhKQGOWvrp0Y08bbgrhnc5ak4z+ak9FuO+xiI7p846+yiBfCECgewIIrO6ZkiMEIDAdAr1fQxWde7lxagD/N6eDFU8hMH4Cu+N3AQ8gAIGcCDwVwouaa8Fjj2bdYhIZs+8p+SqjerdLBXxbY8w8iH7HUSz/TokBtkAAAosJILAWc2EtBCCwhEAfYmeRqFpS/CRXq/vzZYpgfUtC6xsCIP3JAgEIpE4AgZV6DWEfBDIi0EBIHWl+hf37Q7h1JG47guXoUq9LGcV6Wk9ISmuxQAACYyCAwBpDLWEjBEZGoIGQqnrUm6jS/FFXfzKEn351CP9RLXCM3xU5RFyNseKwebIEEFiTrXoch8ANAn63oKIkHrDtiExfS29CapHB6lJ7QaGlU/8dwr+ray0ujjZ9V2KlsyfylOFhzJxPCEAAApFAnxfTWAafEIBAYgTeF8I71N30QZnVxzVgUCG1Cu2XQ3jDf4Xwb3LSfq70VXMhHN5XvmtxVZ5xm0TpFWW4J7G2Mt+Ynk8IQGBaBLgwTKu+8XaCBCymJAIe1cnu833+nD9SBOaaxNZkotmKZvkpvJeWh8IxHo5GicVek8NE+Xh+qh0EVhNapIHA9Agcu7hMz308hkC+BFZFqSyqJBAuPBLCh/Il0M6zKJi01+MSTe+o2zumR2DVkWI7BCAAAQhAIAMCFlZu/PV3VP5d87oMXOvVBYnOn4nMmhQU2TZJSxoIQGB6BHqfhXh6SPEYAtshEIWVurgekwWOTh9pnNA5RVhOEamqrxMB+1f9fc8pJZ4avbxZokz/WCAAAQicJLB7chVrIACBsRGQkNqXOLi5tNvC6jyiqn0tah6E28Tuqlie8qfE6ulFuWhbnPbhPxdtZx0EIAABCEAAApkQsCCgK7CbynQEy12AnuphUY5m7e2LtrEOAhCAAAQgAAEIQGAJAQso/3ls1nwSrS8E2Px6fkMAAhCIBBiDFUnwCQEIQKBCQN2EH/ZPRbE+W1kdv2ozCwQgAIHlBBBYy9mwBQIQmDABjcf6FUWvDoVgxxErCa3nJ4wD1yEAgZYEuAtrCYzkEIDAtAhIXB3I49kDQRJdz+nCeZcpMAfWtI4FvIVAGwIIrDa0SAsBCEyWgCNYEle3RQD67qcMZ8IrrucTAhCAAAQgAAEIQKAlAUW0PA2Guw5ZIAABCEAAAhCAAAQgAAEIQAACEIAABCAAAQhAAAIQgAAEIAABCEAAAhCAAAQgAAEIQAACEIAABCAAAQhAAAIQgAAEIAABCEAAAhCAAAQgAAEIQAACEIAABCAAAQhAAAIQgAAEIAABCEAAAhCAAAQgAAEIQAACEIAABCAAAQhAAAIQgAAEIAABCEAAAhCAAAQgAAEIQAACEIAABCAAAQhAAAIQgAAEIAABCEBgEYH/B/k58Yl72+LhAAAAAElFTkSuQmCC', '刘桂荣', 23),
	('402809816b4db5f3016b4e7db73c000b', 'iVBORw0KGgoAAAANSUhEUgAAAlgAAADICAYAAAA0n5+2AAAgAElEQVR4Xu2dfaxlV3ne153r8Yw/wSbgmKaFhlRpHAiRmpQaqLGhwRgDoVASIUGJUilESZVKUdOqUpWaVEpaNR+qlDaCP4hEolQCJXwEsEMJHrspgTZpk1CHiiZNiYL5CsaMxzP389w+z571XvY9c87Za+291jrr7P0cMcz43r3Xx2+tfdaz3/dd79py+oiACIiACIiACIiACCQlsJW0NBUmAiJQHYGPOTd7qXOnqmuYGiQCIiACIyYggTXiwVXXROA/Q1zhId/6e/gjGiIgAiIgAuUI6Eu3HGvVJAJFCdzv3M5p584cOXf0PbJgFWWvykRABERAAktzQARGSuCjEFZ8wF8m69VIR1jdEgERqJmABFbNo6O2iUBPAh+BaxBBV1sQV2/DQ35fz2J0mwiIgAiIQE8CElg9wek2EaiVwMede/RJ526FwDqCwFJwe60DpXaJgAiMmoAE1qiHV52bIoHfhrBC3JVTYPsUR199FgERqIWABFYtI6F2iEACAoi7mqGYrR3nLr3KuWsTFKkiREAEREAEehCQwOoBTbeIQK0EfGC7XIO1DpDaJQIiMBkCEliTGWp1dOwEmPOK1iukZNBzPfbBVv9EQASqJ6Av4uqHSA0UgTACsl6FcdJVIiACIlCCgARWCcqqQwQyE7DYKwW2Zwat4kVABEQgkIAEViAoXSYCNROg9YppGXTmYM2jpLaJgAhMiYAE1pRGW30dJQGdNzjKYVWnREAENpyABNaGD6CaLwK0XiG6/ejlSiqqySACIiAC1RCQwKpmKNQQEYgngKSiMyQV3VLsVTw73SECIiACOQlIYOWkq7JFIDMBuAeZtP0IqRl0JE5m1ipeBERABGIISGDF0NK1IlARAVmvKhoMNUUEREAE5ghIYGlKiMCGEqD1Cg/wEdyDsl5t6Biq2SIgAuMlIIE13rFVz0ZMQHmv1jO4tBq+TIJ2PfBVqwhsGAEJrA0bMDVXBEhAsVfl58G/du6ltzv329qxWZ69ahSBTSQggbWJo6Y2T5qArFfrGX6KWvpiYcHS9+Z6hkC1isBGEdAXxUYNlxorAs4pa3v5WQDX4CG2a57CF+Y+BNbV5VugGkVABDaNgATWpo2Y2jtpAh9BDBCsKMp7VXAWmLhCldpQUJC7qhKBTScggbXpI6j2T4oArVewpCjvVaFRB+9DVEXPoMRVIeaqRgTGQkACaywjqX6MnoDyXpUdYomrsrxVmwiMjYAE1thGVP0ZLQFar5j3SmkC8g+xxFV+xqpBBMZOQAJr7COs/o2CAGKvDrfhqtIOtvzDSdbwCZ5SOob8rFWDCIyZgATWmEdXfRsNAVmvygzlxyCuIKy4W1CWwjLIVYsIjJaABNZoh1YdGwsB5F9qAq0fde733uLcd4+lX7X1Q+KqthFRe0RgswlIYG32+CVr/W9hEb/bOXih9KmNgE9wKYtKxoGxmCvt0MwIWUWLwMQISGBNbMDnu2uxPVhYHA4N1nyobD5g5+A+xuaq087tvsS5s5U1bxTNobjCxD9FcaWDs0cxpOqECFRBQAtqFcOwnkbAMjLDBLA5oMVlPcOwslZ/5qD7HonfLKNj7lfGXElcZUGsQkVgsgQksCY49HQHckcarVZcWPD3lhbw+ibCB5zbuda5M9jRdvhSWLHqa+Fmt4jiipYrBbRv9jiq9SJQKwEJrFpHJlO7aBHxg360gwUcPqdrUFXxt3efNJNuSWbJ1mcBAR7qLPGbZ2rQNU5xhcmn2LY8iFWqCEyegATWRKaA5fZhd7GoHMAictrEVunYq9bBuYfI6yTLzII5CGH1K+D0pn2IrHu0+SDpU2rzL0VAO0TwAZ4fzeGkI6TCRGAcBCSwxjGOK3thcTztt3XGX9FD+A7nHnqPc3eWxMCcTuuwmpXs49C6kDJghgHSoc5DQc7d33KPDz7P8QGIK7jat+VeTzxIKk4ERkJAAmskA7moG+0gdoirfVitruZ1v+Pc1+AevHEdsSc+5YBTRvLVE0+HOqd/MFOnYpAITj9GKlEExkRAAivzaH7SuSe+CHfcawpvsV9ktbKurkvk2GHF1zl36XbnEL+tzzICfvwOYR2R+ynBNDHLVUrLqXexF49fTIBDRYiACBQgIIGVCTLFBF08bcD0i3k33U/hn/flqBpf+nuoE2mTmh2Ce7AUnWnXYyLngnOPvda5p+Vow6IyLQYMamF2p2KKVmK3GKHSsXGl5kLpemi5wrPHzRSD3YLttnsro0Rw6QFVfSKwIQQksBIOlLkMfPoDBhoxBcL+yyFyIDAYr8HUCFsH+MJ/RQbLRMsFsjBv0oed+3/wET4r5Vt8KD5vkUm6wIXWvWnX+XMH5UZNMHAmVlPPeczniyjzGsVfJRgkFSECIyUggTVwYOF6uAThdNZEFb/IIaBmywRUrgBvbumn0YoWMsRaLUx94OsunrHdv+krWWbgXKMYxWDOdHRRILAll9kzkVpcsToIty/jmf8GWRmHjZHuFoExE5DA6jm6sAZdgB/uWmZCp7KByJrBHdd5lp+3TiTNvWPCCapqBnG1sA2tgPeLWBQQBlXmY4ucFqIw3nbgsHiF8Vp2VU5xxTpR/hP463qN07Bx0t0iMGYCEliRowuh8jiEzI20FtFqBXF1CBdgcCCyt+bM4FroFGNdTaP1DG1pzqfbxb9ftSJwnPWirUdoa7HEnhZYjEkWJD67+lvT7+mOxeI6eAzn+yRBOnyUc4srb8G6hOf/rATW8PFSCSIwVgISWIEjy/glWKz+mp3d592AUQvs7yJu40nEbaT4Uu6Kt2p3ax0JRWnhQ7zXdSmSOQYOUbHLcm7PpxA+xB+4B4sJ4WLgClRk4ip3ChLMgT28sJxO8SwXwKIqREAE1kBAAisAurnXvMWqd2yMJfccGhhrOwHR9M4t4giubw50vgQjV8lUEWgjA/yLx3sFDGfvS8gSqqexXIIpLVjBlsuQSpkVHNdta9EOoXXlNRRX3ERS4uBmzO8D1KWx6jdUuksEJkFAAmvFMLeEDBfUwW4uWwCGCCxr06p4q3aX1pGw0lJUDOlnLU/fQzivEarnNLf52+HYuc5PtLGVwIoffbNclbL+8aBotPLUGOZ4PG3dIQIiEEJAAmsBpXYuKe7mQtxSlCtwGfihcVC2iIS2aR3b/c3aB1GSJRVFyKROeY2JHm5kuAU7x57v3DNSlt8uS6ks+pEt5RZst47pHzAnJLD6DZnuEoFJEJDAmhvmtjsw9dupF1i9BJst9KGWtPuxACBm7BQOC97HYcHNETm5P6hzD3UyyWmn6zJ3W1KU7+PunlUiZcI5jBPG6qrPO/ff/6FzfztF+6dSxpDnqi8j+56QtbEvQd0nAuMnIIHlx/jXEYD+FASg8z9zBMgyvgbl0hK2i3QOzc6/0E+s5YrlrsMaMrZ8VyX7Y6k2tGCHPhXrvc5iG1O/hK23V6pdBEQgJQEJrMtipEnSSbC5vjD9Ahpt2WnFgc1C0wKsI5ZnHTsVUz4I82WliJcLbR/SWexDeTNg/gBj3BxzpE/dBGTBqnt81DoRqIHApAUWgpbPQYy8xA9EtPgJHUAGxAL0KZxu/PkXOvfM0PtalisG1LqQfFvYPr4PtcjFOliQhbZn2XW22CAFxd73zp19OLTsdd3v49cGb2wIaf/YxGlInzf9GuUr2/QRVPtFID+ByQqsVjJCdx45m17n3A25cPe1XpnbiO0KzSfFxZq73SDGioytJRMtncQ011ix3JLWCbNeIVHswb2yXuUc1qRll5wjSRuuwkRABIoRKLIIF+tNYEVmMaBuybXl3ppS8uiT0l/652CZQ2D2KZ5/iLiy0STG9NarIn2S9Srwoa3sspJzpLKuqzkiIAKBBCYlsJjTCILgDC08UAN7EAVnAjn1vqyv9Sq2wpa7M7toZNta7suix+/Ecom9vmQOL8zHPczH05iLBzhDUrFXsYPlr2fST/jQT/HLzH+hHX+v5do0QGGMuLmlB6v37IpuEwERGBGByQgsCIImMSCj2Uu5z0oGm2NX0xFNSLkWlPacj8kkv2nPSilBTC6yXsXNDowNwvzcWWZrp5bi//nkr01B/G8+3/wxnwV/kkAWy+rQnHZxPdfVIiACm0hgEgLLrC2hcUypBrKUG8GySu/BIoI4nqxWuVaesCPsuMyyeKXiH1tOSesVzzOE4t/Cn4NXyHrVDNV/c+4jiIeEMe/EvFr4HcVUKkhmSw21h3Mbm/QqJT8+DUqSQ9tLtlt1iYAIlCMweoHVysTdK8Fn36Gwc+tKWJQo5BgHhZUpq+CxQ45Dj+npy25d9+U8xNn6ZOkf+OCVOtZlXTzn62X2c299sl813z9mheLf8x8KKf9zCvokJyqk4MGzNvEcXLrLOWwO1kcEREAEFn5/jRPL25175DnO3cYvZ+zQ2n9VoWzmrYX0KEfC0gWLVnPAbW4hZ1ZAiILeh13XPtO8yy5LDBtd1DzP0L/RZKmjNr4UVGjTFtx2jTvPxJS1ky8FdOnRsoy8IrNNikPjS81jzv3m9zmHM9T1EQEREIEJCaySWbjnsZZKUomjXA5wBs42AqVnOA4n29u9WQGxEI7aJUKBlXpHZNtiVUJw1/Al1+4zX3AYDA73NV2hRY5sqoGB2iACIiAC1bkImdYAsRWn+KU8ZOs/vuSZFZsJN4t/SsVelainFXN1CBfNWniWGkAKLFhUDhHTM6if5zD3MIePBe+YcoSFjAVjAmmVCkmMG1KerhEBERCBTSRQhcB6AIGq/qiQEzuD4F/YWUcA65CBLLUzzIKkcx3tQwaMM6EFAvkDDpDuftRpBNDXHfT1zBBXq8VwkR25QWRltSwOmae6VwREQAREIC+BtQoss47YgtR2z/iM5Ad4C96Yhd12oQHqRSzU1+Uaunc596VbnXs61/FcO/ksizzi17LvTMzFKaZcS+MRK7Da51hafNUfOfeFH484EimmnbpWBERABERgMwgUF1hvwPl/P4Tz/yyHDUUC9lg/8WLnntJG5gVW0Z1/Q4YMuwYPIRCZZyt7m30Onmz5vFpH9GQVikN4p743dAch5uXjmLs34s+W7XpjbBXdgDXtckvNR+WJgAiIgAjEESgqsNoWK4iRQ+waWhrr4l1txQ4sjsN25dU+L042i5LVaJYWmPV24bY7O7Td8/ebixNByZ99pXPPTl1+reWtCnDH7/bwoHCuHj8vFFX470PECVZtYaVwzJ2+o9YxVbtEQAREYJ0EigisVqA0V6igLeo5t8ynBm4Wn1j3Up925Mw0Xip+rE+/c98zv2HgYYRQQWQyr9i8qOIRS8mFbar+3Y92Qwk27W493BvzokIOOXZztvnClb9fuzBONR9UjgiIwPoIZBVYTCOA1/vtPrl/cgqJlLgthQG+sN+Gft6XsuwF1iWmDdpKHdj+cecevejcrTTJpC47J4+UZXu364yuPxNVm5IM9AMI0Ee2S6ZAOH6eGc8IobV/R+bM/inHwMryQv8wxy5gvuyBDTnN8MxmS22Sg4vKFAER2CwCWQWWiY8+7qZNEFiF466wKa1ZEJJaIyyBKKdtCQtcjY9Hm0Era3jWrPgpOPyWFwsWzxhqHU5Rd64yeAICRW4OoU/3OspmnGR2V34uPipXBERgcwhkFVjmGuyzcNcusBjsjGFmYH6RL+vUOa9otcLJudiM2LzOB7ltN2dad7eU4hhq9VT7eBYo2P3ak2H67OjNoeVmGcbfVbstu0fj61fkimVkXjyMNa3pk5vrMfx1rQiIQDoCWQUWm9lXKJU8eLcPTr8QFHGpWSqAVG/1lmmb/X7CuQuvc+6GPgw28R72nRYSEyjMTg/f2gzZ8K/q8yKQm8H7sZkB+T5O87gZM6l5UTi6rPrnfILW1OPwEAQoxvc0xdWQ5MW5x1rli4AIjItAdoEFSwFzWUVnxq5ZYJnrM/VCsGhq/QY00I3OXQ/ryhGsK1FuKyZwBfhmlxsXl88595c+f9bkrFbmzjUW7YXWrFn4WfTzQIsSFm+OTfQcXzTe3jLapIFo/57jx+zomHOjjRsy4Z/qRYL83u3cx2527i78U5arca1d6o0IVE8gekEp1aNaBVbrXL4iR8f02dnHRRpK7EYeAk1rh4/aZq6mZryRd+z8fN6xUuO6jnosI/2yRXaIKzuF2PapN46D600Esr1TCsRO7QYnx5I7fNcxt1WnCIhAvQSqFljUBn2sCrlwt/J4JQ00X9ZeWv8glLZhgtpHzqugg3LNCsCBhUnlcOfy39teaE3qLb6ddw0YeDblwpxVQ8R8H1GAdjEpLd2U7VQKnAZHyP9wRdLdXPO5tnK9GEq2e5DlTXlnbG3jq/aIwNQIVCuweOgzFqBTJdxwIYNuliRcm2wB6Ko35u27dUyPwxmOM5zhuG274zjIZyZktUK/Eb/vrg0VlUNyrnWdOIC8VDtgfzXG5PicTW+haty0EMD7925gKoWuuRv7ewtCT+UeLBkjGdtXXS8CIjANAtUKLMQPHTJhYg0Cy4QOYO2WSjLJ2B4KTNS58riauez4R8zabWcV2uBu4qHZQx6/WLedt0L1yovEhRzxcbv3+OSjTPQJUyN3+Z2wTlHsMTcVtp7uvB7ib0j/xnjvECviPA97XvGs3o1nAIZgfURABESgPIGaBdY+BNa6d3bdhy/rf8VhKS30urarW9D2vJWGuZEQBX08rtwth00G1Y5z6in/IYgdWozQYR5jExR4zgW5T4oGunBRzzaFE+Pd5vpyxJ9D8I42KD3l2HXN99C6Wi7y83hmT5xvGlqGrhMBERCBFASqXXg/CMsN4lGuKS1sDCoWz10skFevI4bDxNOivrd3BqKtxzFVtFr9Feeebokyeeg047eww+3YupJiwtReRmzcDVzRe2B1etU8o8sR15z1GcCJ4MRzY9Ypumb77JitgSn68GaInF/mgeV+x2pRYZgi/sosl+BZzI1fw9ipDSIgAnUSqFZgERffat/h3EPvce7OkvhQbxNcjgVzLdafZbnDLKaKLNrCqbWw8JC8Zodgn92HJRnnqssYedHDao4wjvxPpguBcevkxyweuOBP8Ju/zuSjvIIxU8tyYjBdAv/QUkjL1bpeAvowxFzZQd9OUyzOW93aXwYlc0b5XZSDwgHsGbD4wxA2ENevhIURJ3rpIwIiIALpCVQvsBDPsosddMUO1+UOL0Bh7NNakhKaQGgv2nO74Y7fzrFAzCz1AoUE7mk0AdyE+/jHVVhsqs9MHjqlIQbOYUyChDZWzAvYLsg4p+M4KEtX0Siuy5U2P7rCr8cf4g/dexTY+JuuxoW7D5cJ4dA+lbqOFlHOadZn/TWrm/2NXFGf/k7nnstrbA56F2dU7rU+fRqaSLf1fETtkuX4lepjHy66RwREYLMJVC+wYCU4xFtmUCzNkKFg7ijAaGI21iWuWDctT/zSZyJMWzhMEGCH1amfxxE3WAW/0VsgGqHAn7f7HrP7cAizUvee8xm+IXgOsTuy91zw7lW6vjjv+cdEFmOl3oEf/HBMn7w7ssqM6jxoHeY6HgXUPOPsKP7QhRnk+oNFaB/i/SqbizFcYq/tk+rC6sDLRHPkUewzi/su4r5r4A79fSSJ/a7YNut6ERABEegiUL3Awhd8r91dXR1v/74tZFBfsZ2C8220N3l88c8gJkw0NQIKu9P28HMe99GsmMtcIbTeYGG9jkHeJYRpDOch1y6y7A0pz+71Iin6PEnGvDErPkTbL/yccz+eoi1Dy/Bxg7S2tZ/rKKvOoucitwvUp7o4jI1fMxFIcWXW21CGU3Whh/LRdSIgAsMJTFpg4S32AKLF3uijv6SH4z9ZgmUcp7UBjWpSLrTdO1Rc+N3KAN6U291T929oeRRDqXdFssw9MH1lpGWMaUSgZE6tOxHuf3LuL57u3DNNVJnLL8WZe0My3IeOdV+OeHYfxfNwa09xBcNVk8D34TudQwSCPiIgAiKQnsAmCKwssVAWFBvrWkg/BF+PmfI+q8aa0g5oZxsR1H4AV0ZnNvchOZ1y9C1lmW937pHnOHcbRcRfwsXzRljqhpSPRfoS/I1n+4ikXBa10P5Q/LTcxJZj68mUB3eXEFgWRxhjJfsd5/4pErT+O7KKuc/YKglp6CzTdSIgAkMITE5gwSJ0YmHyAGyn2R5ifHBUX5nP+5z7yg3O3ezjY5pFkjVb3AyFFaxYP4W/7wtp0dBg4ZA6arjG3DuwZkW7ldrtX5UOo6uf6xJY7R2jnB9gcABB3im8u/qz6Pe2wzImuzru4Q7c5oUALr+fRBsbIbTsE7tRAILsQ+gzDI7N5wjlRx2nhblzP+55BYT1l+507pY+XHSPCIiACIQQqF5g8Ut0Pog7pGPta1oHNJ8ITuFCQJcTPsfHmPiAchezqMS2h3mVUA+FnNXbLBTNisEf9ogp4b1crJiSACIx+86v2D6nvt4sH0MskEPcqbHCYGj/23GCfedHbBvaGy5C7zXx2961yYntn7PjnQWLyrNdB6vqsi+sVplR3w/rEsah/HSdCIjAeAiMVmC1XWz2Zc/cRdi7v/eiFWkfeNQJD0emQunjOlo1NdCmfbThKltI8PeMwsosVliEjvDW30scTcV61ebbynkVtchaGUO26ZcSWDauZmmNDeYe8lXlY94GWQnhznsC7ryzTCdiecPaYovzn/O+S1TxHjuhgNfz2cFLUPSOUu8erHLn55Cx0r0iIAL1EahaYMW+bZpLo90p/6bLL/Dz+EJ+asgQfBKLwnnnrue1KSxZdJugAdsmrJh6gucMXjZWXf70iSWZExuNp7HkAhzCMvc1tk2/Tz4jWMFowezFrI91J4ZFSzweb3iIuX/otbYBZOi8XNUOc9d31QFL43lM7huGbnCI/T4ZylD3i4AITJvAxgssfPnu4ov3OAaF7hP/VsyRXSms6KrDtWe5pYgfKh5ETX/xhZd3ZTU5qWJyB81PJSzgJqSahjDxJ89XNIsV/k2XHt/sD+/q8TZu9ZUIRq75MbH+06oBq2NQnicbX9zT61gVbwnpZTlbxXIdrsBF7SkhRkLyX4HHLsaoeb67hFjXHO2bkqOrXP1eBERABBYRqFpgdb3htt/y0Tm+4DbuNR9bdWyxwgHA+8gNtd0KHrdYpxNMLK7Dcm/5eJJoC0c7wzrdkk8691UEs9/E+tsxVv4Lf7CVrG87x/RImPUS6mofGwM6g77f5NwHfsC5VyNFw2cRMf3sWBapBVY7eH2Iqzi2H8uuLyFG/LydQTgtFMV0qaN9dKkP3kmMsprE/ENFWiq+KkcERGD8BKoWWMssM7b7i8NDCxO/OC1GBf99Hv+me+/YBWcBHvyi5j38G9+2C8+ms4WOX8QUSrQwhboJ28H0FFaMp+LC7+OsTmSIZ5JExmOhOQeoa+FRLCHTTwvH1ylZ0Pr/de6P3+rct6/i96DPDh86tvNlpYrBMmFo87IWF693gUZZBEPmq12D2KwvXUKi1mX8U2eSD7GWxbRf14qACIhAF4HaBVZzhtrcuXx0AVIpmVhikCxfgQ8hhrb5KtwWVLBQHN0T4TZixnSondOsk+5HlHX1qrdeEzgWSE/xhvt38OrdBPZaW3MdZyPr1ckpbrvYuiwVQ92qQwVWexNGDRarNsWQed/1xdL1+/aLzALxajGL0dbjRfXi2fwG1PdlcH4cLz03dbVNvxcBERCBFASqFlgMDqd28takA3xB0s3XuADN3ef1VON642dIzBTvbwss/jcXbDRiHyLthNtpPqDeC74ThwfzZ4tSTFhsFuK9Lt1++VDiXh+0rXF7vMO5h94TeBByr4o27KYQkTU0xqivi5BB+Zi/jcW1T2B+iaGga55W177WvZA2LhsjCKFGXPFRTmXNWyXmQtqqa0RABESgD4HaBVYTg4H4pQtP+F19XkQ1/j9armyXYN/0BvPQ2rmR2oko/Rl/15qwWyD0rCgevfLnq+J6UlmdhlpR+kyYTbmni/FQdrExShDuO/AHnzFXdirxkGM8cu+QZJv9sVAnRBSesUO8xTQnQqXkw7GqVczmGD+VKQIiUAeB2gUW4sPdtbRg+VgmiqrGSkRxhT8zHB8TvGssBHnbMmHxU8yHZQHpbWDeakYL1x4sXGcDy2/cnijzbfj7vpB7Fl1jMVwoY22HU/dte4n7uixUftGdISC+1/yJielpx+Zhs8WlOwZYLUuw62udi2kb+eH53cOLEZA0luLmuUgtrhBrdwlm3rNdLuOYtutaERABEQghULvAmnmL0YlA9pRvt21I84ty+y2b59bZtUy1AIHUKzA91vKxbBDZNv4udTLUkEmzCdd0Caxlrt/QvoVYeeZOEFi6Wy60zhLX4fimd2GHyJuRB+5CynMN22233GUmeiyOMYeVyYvFwTt1S7BXHSIgAuMiUKXAgmvuAA1rsqmbG3BZPFPK4Zh3G3kxlCzrc6pYECwa++DD7esHfYVeSm41lsUgdh6GvEiAvh9WP8S/rdy80NUnLtwMTl90LNFDsMzATXx6E9yB8/0ssSu1LX6tvtSWK+sXn2Gm7rgrIHVH15jr9yIgAiIQQ6A6gWVfvrYrj1+8XTFNMR1edq0Fnttb9cP4Uka9V6V0LQyN+7G2DzlDLwWrTShjVQwWF3XMr1NDgriXudHamx+e7tz/fr5z37YJvKyNFKb4d9YAd4uJokDlOHDnbQ6rdKoXmk0aP7VVBESgHgLVCCx8sTdWqzaaXVgC7vUxGrmRzcfUpBYxQ9MCtPsfE/+Tm1uN5dtOtGXzJ8XCO+/qbQsr7mSFeOsV27VuniXmlo+/YuB5k8Ukh7j6hHM/eQFxjoi/msHKuJFjse65oPpFQASGEahCYM1lsWaPBh0wGxvnZPXjy3gHX8bXsAFdu9BisacKHP4A2oi8DmeweDz2WueeFtuOKVzfFR+VYixsjmHlZjLa5pzJXGKh1JgxzhD94WaNQclvV7WX7n8Iq0bw5HT7K/aq1KxRPSIgAssIrPPQrocAABzWSURBVF1gmUuQDeSuQOwqGvS2CbHUuH9CXXvmEgGIE0HIXECRI+KK/Fd9phIWlV0sKoNifqzeEi6cPn2s5R6zPGI8L2IOINTqyk8K8WyWHm7CoDt7iLuxFnYprazL+tQK/E9+jqPVibF5DP++Cd8nX8T3yTfWwlftEAERmBaBtQssxD7twwLAeJhBwqolQBjUeoTt9825hKs+FHdMqEg3QlvYmbsn1aKZ0t2YKo6ri80m/p65ypBH6bouy8jQzQsQzPuYXDzmiIflzWJOCqiZa273YOtlKotbsCWwGNs1CtFb83xR20RABFYTWLvASjlAON/sazvO3Yj8Cfsv6dg1ZG/rqP+K7fPLskynbGufsrCF/ivYQn8z+reL/gXl3epTz6beA+HDuB63ynppc6Svi7Xtzh5TfI/loQq1/MbOkTa3nDFqtisRiYnf/Ped+9XYdup6ERABEUhFYFQCi4czMxFp1yJhX/bLzoDzQbiD3ZWpBsnK4REmDAzu6l/qejehPIzZAdrZHKu0qr0Y+87zJRfdb5nY+TvGXdENjQpHE0Cd86XCLLgUVjwmqGuMhsy32PjLIXXpXhEQARFYRWBUAqsrsPUBWLawODJ/FA/xW5jD6IOI3UFq6WtSuQdTTr8Uwdkp21NTWaHxQ5YBP2aRb8cJ2n1M9Do2gYXxTL77sfUy07wcoI5sLwircp/VNFfVFhEQgWkQGJXAstgpnK9zYoed5T1q9oRf/rNylyLfgoceZZNj+vj4q2w7vHK0uVSZoQIr1NLFdv8h8lh92blv5b/n47pyCizGkjGRbOjxS0MZp0hbsagNJkyRT26Gszm3+YIQGh/Zp0+KT+xDTfeIgAjkIjAqgUVI3kVwOcEOX5f93/wLb9B7EE6dsUsso2+MTq6BChUQueqvvdz2wdyr2hoaa0R3LDdAcP58Af97k3O3tsvNJbAodjht7ZxL/McONmAgM0e+T47gdpuveOYOseGk2RDAekxspe5NLpGYup0qTwREYDoERiew/Bc5Nne5U80BhpddEp07CttDzoUAwfKXXpV5YYuZZootWU3Lcjh1uf7MqrLqOm8JYYVLd7vlEFgWY0drmY9X2s69G+6/QsBdRF41bJ64dHui+d5yCx5AHDZndiI+8gDPY2eMXMwz0b5W7vO+5HSfCIhALgKjFFhDYfk3elq7EI5Vx4dtQtzYIRKhNtYAfa4k4BOMrhy3rhQcJq6QbXb3RSusnTkEFttPcQVRcvxCYBbZXDGBKVOI+Jcbs8Dto83ImnH5EyJs+85pWi/xRTbo6KO+des+ERABEVhGQAJrARkvZg4gZpq373V/ci5O6+5byvq9OLoi7Ua7jlUCK0bMpBZYy1xcsMw1GzO6cnv15ZgybulB5/4PXgK+ZdHu3JT1zPc1h4uzL0/dJwIiIAJGQAJrwVzwwbgzxI4kSX46dLrlDg4e2r5a7g9ZaJcJrJAcWu1+phZYq9puViaYtXZDYghDx8M2f6Syjq1K9eD7d4j2J7XAos49fImd7nINhzLRdSIgAiKQioAE1mILVhPgjMWgCj5cuA5GlDE81eRdZMnosvQs2izQEgb/CGW+M6R9KQUWrFSHUPIr80OZ6zKlkEiZ+wp9mKEPW7c498vPc+4H2wyRHuUApuDtHM8ThTEe0mTH7nzKuTuxqeGjKNPOS+SXQLPnAP+3j5iB99zhHPY86CMCIiACqwlUISBqG6RWUskTcSTraGfs2Yop2mh1+l2Y/Itut6SWhxTtXCCwmkSziGFaOq/nk9GadegZzn3m+T4lQ0jbUgqs0DioEAtdSNvtGi+wDoeO7S84dw9E1YcpRCCirthQksvFDXH1GCq7CRP03bDCfX9M39vXopz/gcn9nXBvNrtG/YfCrfnwvMlWihf+6FOo7zv61qf7REAEpkFAAmvJOPuA6YULRsmpkdLKENJuq4+WIL7CU7DYfcsW0JByS1wTkspiPhao7+6zlAIrND7J4rG45sfujJ3nnzKtQZd1zc+pwW2e78OQZwP9/wPM8ee30riweGbo/xmIp3+5bL6aQIew+xpCCJ5aYl6rDhEQgc0kIIG1XGA1O5NSLGZDpkapeDBmOIeYsiz3VwT4W+wSgKxddC7jaQIkIAXD8WJPcbDsyKRV45ZSYHkX8CESi3ZaCU1Eom2DLE+prGEm1JDW5HGkNblpETOyQv6roP7FPCu+D5dgNQvOEwZ+B3T/tYTVyk0Ri9rjN0PsQoh15tSL6Y+uFQERGBcBCawV44mM2gfYZ97kItqFAMECcrztvMQ0CE2KmaItIdYABhSjrtOcNCljgVK038rwi99S1+78hoG+1pVUAosLPtq+HRNoPtTlhpioPSi50zcgY/wLnMNf/T9d1jcG0qP05OcPUmii3K0QbhDe78OLwWt4PXtKS+wznXv5bU32iPhPLdbt+JbrDhEQgZIEJLA6aH8I2gqBrY2wsszw/ILmv/HWvpMzGWlobM7QCWNZ0K8LTDbZ5RIa2p4h93Pxo0UKKTYWJpeddwn2teSkElionwKLAiQqGS7rp8IIERjzPFPNKy9mV7ZhqBhcNhdYN62pcNMt5Ibn85vgzvtz6il/PBafX2bFR4qzYR+z9vZhP6xm3S0CIrBJBCSwIkYLeX6YjfoUg15NbNnt8FF8/oXO4cU43afLOpCqpj5xSKXaFtvHrr7M/75vLFIqgRXbP7v+Eef+6FHnntfHZevHLto11m6rJffEF8jKszH7CthVXGCB+xQscM9F9vmf+DvO/axdizG5gOeS7sLme43PKPngmf05iKGf6Mt6/j706XP42TNrteKm6qfKEQERGEZAAmsYP2c77lhM6iBwbyE4xOLQGZvTtxt4yz+ED4dZsN+GMu4LLSfGRRNaZorrugSTZ3q8rZ9HxVxCxv7YxXLdAousmN4BAuIU/swQhxSUsy2VRSlEYOOafYicq74JqQ2+zbnvSzG+LMPGGKa/P0P6h2dzI0Zrx5+Jql/EnP6xVHW2y3nYuX8GX/m/jZ0zOdqiMkVABOolIIGVaGxs4WJxWOzeBrDBYmVRExgng8XjdI7cQe36QhbKZYhoDYLyO7wrowCMHZ4QgYUyT1hv+jCoQWCRjQndUEtWn77OjwFjA/GzzqNpUrki2/XzhYZ1+8Owj61UEDyfwSaBvxk7X/pc/z7n7ob17AEJrD70dI8ITIeABFbCsX67c498s3O3pYjNCEk5MLTpQ60ZNQb7wiK3B4vG0szei9xjIQH+86xrEVhsl6UO8KJjhvm30JqVKuDcu1k747/IGmpoaTxc3/nLeYtyLyDO7sa+ZQy5D/3/Qwja78j98jOkjbpXBERg/QQksBKOAeJSdvHFe3WKN1sumkx8mEKsLevivLssFsVQgRZbX+j1Pu3BPiwaV+z6XCSwLMg/ZtxqEljGheNh8YHo+OGdc5bFFNYr1hUyb0rugA2dF6muw3y5hOf8bMx8SVW3yhEBEdgcAhJYCcfK7wjbTvHFy0WsT36m0O6kEEe1xmGtYrcswJuCiclVQ3fz1SiwOPaIy/pTmK9gSL0c5I2I78dfhPxUNjeRuOn8i517Sug8mb/uIcRV7UO4dc3xVGKubztz3tfH4pmzPSpbBESgTgISWAnHxYKOU1id/O6r5IfjWndTnOE2f+xMQpSDilplYVkmsMz6Ezp2Pk3CUnfcoA4kuNlSCfiEmjz2pXnWu4RRV9WhwtxzHpQMtast6/q979sOWA5O+bCuPqheERCB/AQksBIy9osPF7GonEbzTbDcW0MXw1VdWyY0YnCkFJQx9XZduyq4elW/vWgKOjg4Bb+ufqT4PeOuYMk6ZZnLOTGbDJ0+jxSsUXuIZQoWCrTe0NKHfFJL53ioCEvRv3WU4Rl8GgyQq1QfERABEVhMQAIr0cz4oHMX4X65hlvmkfwwaMv8sqphXZqhnK3cAusA9bxiQFthwTpAnFhUFvJEuFcWs8oa1SGwmhimEO4hcUgl+hpSh+2sxLXN8U9eYB0/++2cbqv6jutuQ1mP4MaLCPBGXtrFn65cZCFtrvkajj12z77uTufeW3M71TYREIH1EpDASsQ/dGdVSHWx7qqQMuev4SIBcXQI60XvHFslLG19+sYjfTCxF+4kXCWw/qdzf/IV554DcXsIkbySyyYJrC5rGwQ9z+drrFyrrK8U/nQ1rnKjQnQ3Z1p+xrl3/Ihzb+0zfjXfA6vtezA//kGoK7nmvqhtIiACeQlIYCXga7vQAHMXb/aDD4AtYQHwgeAHcHMg3Va/z8ede/Sic7eGWHz61dD/Ls/wihipALHBI1g6Y5VKjFH/3n/9zpRxciF9LrH7NQWXvmXgWX8M5umblKKhL0HdJwLTISCBlWCsfUD6Eb50B8VeWVNYHr7Esybw9BaYpYcih2BhIDUzddcosJZZmLoEFt2esMBs488exCeOoVz8qTEH2KKWptzN5/u8Mmv8Jln2Qub4/DV9Unr0qUf3iIAIbD4BCayBY5g6oBeiZReL+9W5XRBeFA6yuOXI1D1wOI5vX5aotUtgsYAQd+8mCCwGuKM7PEg6yXPuY4++eqdzNy8Rc0nrSzUXUpbjUzSMcndkSk4qSwREINEX71RBfhjZpJHQkcG+gw7ObfNDjMcM1qugQOsh3LlYDs2JlNI6MqQvMYt9iMCCcNyBZe4MVMlSa82GCCzGrwfn9uoaA7KDP/ljL2lOg7ryswlMuvrY9Xu/g/AQ1s3esYtddej3IiAC4yCQ5M12HCjie+EX6854nZiSu87Siylr1bVcKGDZeAgTAAaJfh+/2Myw2AzaNdmv9u67vCDYhSA4josLEVgsuWujAccJl23VGouD9jNwfRs+zkGJRduUyQ79fS7KfWSevrlWoeiqzQ3WPWNWX/FOJHD9q0jkivN5XvgC5353aHm6XwREYNwEJLB6ju/9cL/gFZaHzq6M1YktPrXLcVH9DE6/hOD0IeIA7UQKpTrjr6zPi4KyQwWWF1lLLUA1u0et7Wx8KlczFNW7Pu/cm5e5G2u2ZsY+g8uuRx8/gy/MvzHkuUnVFpUjAiJQPwEJrJ5jlDqwvSUKmq3wqeJmFnUPbX8Si++1QxbfEkKw59Ac37YolipGYK1KS1CzwLI0FQCRLFYIKTm+AGvYLYvmZcqdikPHPOf94NqksxiaSDhnG1W2CIhAPQQksHqMRU43XomdeXYoNXxcvd17m2CxWDRO/szB4Ji5ZUK6ZoEZEqQfO+0fxuaL3QWbL8ySOWQuxbZlXdf7HZLn8WLS+yzHdbVd9YqACJQnIIEVyRyL1+OA9hQeF4Iv2iRpGeabQBGwA9fjvSvSBEQ2+4rLh4rEZXmmhrYr5f2LEo76RTI4Tsi25R/AJYqs99jTcPlTq8BCn5ts7chPtvuaBDnZrL8POvcEtgheD7/w4T2tAG8vWJPGIaacAynLYl/B4D8g5vAfpyxXZYmACIyTgARW5Lj6bdpZF5SQhI6RzV54OetBdHr00T5MgYACOXe+BpH51BRtyVUG+4hF8fhIIJ9q4PDOiF1gPpjfYWE9fl4qFlg82DnZzsH2uHhxyuC7L+PN4mnYUbiFibAys3uucS1d7jnn3o9+v2aIW710m1WfCIjAeglIYEXwxxtsc3AuzBh7d2S0LpUSWH1EAo9VweK6ndOCFzEknZf6WCkGezfWRi+4DmCNCs5gD/fYRbjHrmmLUR50zU0ONQU89xnPToCtCx7wfeaP+MXBIHr+NYWYJMybi+jzNTljI2PGQteKgAjUT0ACK2KM/Bt8NtegNaVkCgD2CVaII1hngtydpcRfxLCsvNRcfHvOffaVzj3bx1TtQRgtzdK+qMD5tA0mNmpacEuMDerYgVgdfBxUqvEtVY7P8bWPeXPsJi5Vt+oRARHYTAISWIHjliPn1bKqsSvrEKInWQbuVV2MsXqUcI8GDkfUZe2AfP/vixBGTBAb9fH9bwLkz8GSB5fRdi0uI7ptc+8+jYI1sov9i8jv4UXku0fWNXVHBEQgEwEJrACwFntSajF9PwKUsfpfXco6EmKZswUc8UwHd0e41wLwZr8E/WuOcPlT5/74Oc7dxr/f6ty3x1bc3hiwKIA+tryU18daIlPWPfaywPZH0cdfLPU8jp2n+icCUyEggbVipH8eCTmfh4ScvKSUuLLmeFfWAVwSwbFCfSdtl/UDbYGHzZ2GD/HopYGuxL5tyXWfWSA54YfETZkYPQ9XGfbqVxGT0zV+uZhOpVwI6y8i3uwZElhTGXH1UwTSEJDAWsLRckWlzIYdM2Ql4mna7eEWdPw3j0I5EYtlLsR1cYhhtupablDA77cQPLT3ogExRMYD7sHfRJD7q0sL7/k+Itj+EoLvz3KnJCyLVR5ZlGoM11WOj7873iixrnaoXhEQgc0iIIG1YLzO+fgawlnXW2tpgUU3GvMnwUJ1fD6h5TjC4n2ExTsoCH6zpn+/1po7DkC2Ljj32GuRsqBfSVfexaD8mLMd/TwpbmFN1d9NKKekNXkTeKiNIiACYQQksOY4cfs9zAA8YzD7bsEuiwtTQuBPsVxTfqfUEfuOtrFu5jx6Ervvrg+bTtO4yqxY7C38tycOkx5CIDb5qx3XwySoSP6p3W1D4C+5F8/Eo/iSvHVdL1oZuqQiRUAEChGQwGqBtjxXtcQa+V1rxfIMmRWLWUTJYN5dWGhObkQ1FtOF/FgHyLifLE4udMwtbQQe4OBjfzYCbGWN5HjgefgqLLg3V9Y0NUcERKByAhJYfoBguZrBctXkT6wlcaLtfkObeqUViJl7WEgaF+HUEkjGMGpfaykrYOU7RBwWwrHSfFqJXJeWa25BmKz2XyLLVRrwC0rBd8LH8aJx+7rj7LJ1UAWLgAhkJSCBBbwtl0814spGPWeMDfr9JOq5BiJhixOBR6zQamWuJ7YBP8su7rLO8EyFI9HoAVTVdo7g8tbGgiMs8EyK2iT2/KBzX0B21Ft8bOD340fvztQ9Feu/F/Bs7ENgRSWlFTwREAER8OvntEG08jtVuQvLFnIsqru20A4dMVrGGN/VUtdXCMvfwOG+N3499qo64TmUQYr7kRB2hvwVPOcwmQWrLaxtfBgLZ/8emmYiRb+nUAYsiT8NcfsvLjl376ud+/AU+qw+ioAIpCUwaQuWBRXjizT6wOO0w7C6tBRZ5FHGAV2AtFb52o528LNXdbiYsNDMuFuuyeFweYdbcjFRkuUm1uXdho0gVlxcmRHk80Jdy6z9ZWpULSIgAmMjMCmB9Qbnzv2Qc3+XX5w8VoSDiQDWA4iGZEHKOSYILCUHcEU1X/Q8NzAkZcL9EEOI0aEwOh5jO5zXDj6OaSutNah7q5YNADFt17UiEEMAftebEdH+FTxwv3qXc2+OuVfXioAIiIARGLXAgoVqHx3cpjAwN0vr7yP87gBvqBuzvd1iczhoyJtw4QXO3cCB/ACyil+DfjBRFfs651riLqhZCssTczTRCuYnzwxCTW/3+i4ZHQE8Zxcwz68bkvF/dFDUIREQgWgCoxZYrZ1eFFMOx5s8+TovSqJJVXLDJxEbheSW17cFozXNLFSwdh0iLiibVc5SBLBe5Mn6LPJkPbsSPGqGCAwm4I9D+jReIG4bXJgKEAERmCyBUQusMY+qTyvBQJEsQdZd7HjYMa453ZpAysfUBU2/r54A5vXnMKefqcSi1Q+VGigC1ROQwKp+iOpuIIOB4YLcNr/hujPg101LraudAI+HwnxOmtus9j6rfSIgAnkISGDl4TrJUhkID/ckA+G545BH7hzAzbIxMW6THDR1+pjAg879F1iEX6zEopoUIiACKQhIYKWgqDJOELAjh+yHPsheAfGaJ1UTYGwhvhC/iuD2ZId3V91hNU4ERCArAQmsrHinXTiE1g6sWLRgNbs4obCOrsNGA9v9OG066n1NBCCu3ov2vFaxVzWNitoiAptNQAJrs8dvY1rPjPkUWmww/0+xWhszdJNoqE+B8iQEVpP6RB8REAERGEpAAmsoQd0fRQBxWntQWswGb2KryUf2UsVqRXHUxekIwNL6SxD8P4z4wW9GEt8/S1eyShIBEZgyAQmsKY/+mvsOsXUIsdVsQPRH8RwhIaptSFxz61T9VAhwJ6zfkNEcqq2PCIiACKQgIIGVgqLKGETAHyyN8KzLsVo8jgdZUnfucO7aQQXrZhHoIHAOBzojWe5PY/fg997THIqgjwiIgAikISCBlYajSklEALFa8NS45mBjL7Z2satLloVEfFXMSQKwXu1xnimdiGaGCIhAagISWKmJqrwkBB6A2waWrOMEpjhrcfdFElpJ2KqQywQ+6NwboNzfjd2tP4FDnX9WXERABEQgJQEJrJQ0VVZyAjgSqBFaNlG1jT454skWCGvpDubVVZhT3HShjwiIgAgkJSCBlRSnCstF4CNeaLF8iaxclKdTLoT7C2C5+gR6/PuYT981nZ6rpyIgAqUISGCVIq16BhPAongJi+JZTNojxGVpt+FgotMtALFX59H7qyGuFN833WmgnotAVgISWFnxqvDUBLAwNkHw+DPD4qjjd1IDnkB5sIa+ERPo1zCRfgR5r35pAl1WF0VABNZAQAJrDdBV5TACzLpNhYXkpLJiDUM5ybuRWPQiBTqsoNdPEoA6LQIiUISABFYRzKokJQEEJzd5SbG1XgIrJdgJlAXr1T/HpPk3SHB7L5LafngCXVYXRUAE1kRAAmtN4FVtPwKwPsywOG5BXGnu9kM46btg/dzFxLkE69VTJw1CnRcBEchOQItUdsSqICUBLJA8u1BB7imhTqQsHM307yHOfwzR7d/6Ouc+M5Fuq5siIAJrIiCBtSbwqlYERKAsAbiWD7Ar4iuI3bulbM2qTQREYIoEJLCmOOrqswhMjACsV78G69UblUNtYgOv7orAGglIYK0RvqoWAREoQ4BnXOLL7i8gsJ5VpkbVIgIiMHUCElhTnwHqvwiMnAB2Dr4TOwfforxpIx9odU8EKiMggVXZgKg5IiACaQlg5+ke3IOfwM7TO9KWrNJEQAREYDkBCSzNDhEQgdESgPXq3fiSez3ElbL+j3aU1TERqJOABFad46JWiYAIJCCAtB4HKOajcA++IkFxKkIEREAEgglIYAWj0oUiIAKbRACB7R9Ce++G9eqqTWq32ioCIjAOAhJY4xhH9UIERGCOAA8Gx5lK74PAer3giIAIiEBpAhJYpYmrPhEQgewEYL16EJW8GOLqdPbKVIEIiIAILCAggaVpIQIiMDoCsF7NYL36FQist4yuc+qQCIjARhCQwNqIYVIjRUAEQgnAevUIrv0WiKszoffoOhEQARFITUACKzVRlScCIrBWArBePQHr1f+CwLp9rQ1R5SIgApMmIIE16eFX50VgXASQVPTVEFfvRVoG7Rwc19CqNyKwcQQksDZuyNRgERCBZQRgvXoQX2o3vsy5vyVKIiACIrBOAhJY66SvukVABJISQPzVDr7U/gksWG9PWrAKEwEREIFIAhJYkcB0uQiIQJ0EPubcD+LMwf8IcXW2zhaqVSIgAlMiIIE1pdFWX0VgxARgvfrUKee+Bvfgi0fcTXVNBERgQwhIYG3IQKmZIiACqwkg/ur+Q+cevtu5nxErERABEVg3AQmsdY+A6hcBEUhCAALrD7ad+4G78HeSAlWICIiACAwgIIE1AJ5uFQERqIcAXIS/jtwMPwqB9YV6WqWWiIAITJWABNZUR179FgEREAEREAERyEZAAisbWhUsAiIgAiIgAiIwVQISWFMdefVbBERABERABEQgGwEJrGxoVbAIiIAIiIAIiMBUCUhgTXXk1W8REAEREAEREIFsBCSwsqFVwSIgAiIgAiIgAlMlIIE11ZFXv0VABERABERABLIR+P+xQy/XahxesQAAAABJRU5ErkJggg==', '张淑珍', 15),
	('402809816b4db5f3016b4e7fc920000c', 'iVBORw0KGgoAAAANSUhEUgAAAlgAAADICAYAAAA0n5+2AAAgAElEQVR4Xu2dCZBlV3nfv+keLTOSRgsZgzCWbAPGRGCIQmJMQIvtAFqDjUmJgnghIamonEqqXJXVsTFFBeKknEoqDrFdKccGbCiwbITQEidohMXiGEwZEcDEiswYLUhIaPbp7rfk/90+53Hn9ev37rvv7vd3S63X3e/ec8/5fef1/c/3fec7e4wDAhCAAAQgAAEIQKBQAnsKbY3GIAABCEAAAhCAAAQMgcUkgAAEIAABCEAAAgUTQGAVDJTmIAABCEAAAhCAAAKLOQABCEAAAhCAAAQKJoDAKhgozUEAAhCAAAQgAAEEFnMAAhCAAAQgAAEIFEwAgVUwUJqDAAQgAAEIQAACCCzmAAQgAAEIQAACECiYAAKrYKA0BwEIQAACEIAABBBYzAEIQAACEIAABCBQMAEEVsFAaQ4CEIAABCAAAQggsJgDEIAABCAAAQhAoGACCKyCgdIcBCAAAQhAAAIQQGAxByAAAQhAAAIQgEDBBBBYBQOlOQhAAAIQgAAEIIDAYg5AAAIQgAAEIACBggkgsAoGSnMQgAAEIAABCEAAgcUcgAAEIAABCEAAAgUTQGAVDJTmIAABCEAAAhCAAAKLOQABCEAAAhCAAAQKJoDAKhgozUEAAhCAAAQgAAEEFnMAAhCAAAQgAAEIFEwAgVUwUJqDAAQgAAEIQAACCCzmAAQgAAEIQAACECiYAAKrYKA0BwEIQAACEIAABBBYzAEIQAACEIAABCBQMAEEVsFAaQ4CEIAABCAAAQggsJgDEIDADgL/0+yE/jicq689o+1394z9f/rS63ht+9U2zLZuMDsHhBCAAAQgcCYBBBYzAgI9JXC72Wkpo7PWg3iSaEr+HrhwSh9RVIVXf3/yd0PfjH/YzPUWBwQgAAEIpAggsJgOEOgwgd8329SHfD14opLPexRKM74fu7iS4Br+oITXPCwfMxsN1dTfTImtDmNkaBCAAASWJoDAWhoZF0CgWQTuVphOomg9hPAmImq6l8EzNVbIb7wlEXWj2dl5R6IQoouxsQQW3qu8ELkOAhDoNAEEVqfNy+C6QuAus4FE1FpQMzs+t6mw3tjf1Hljnb91tfKoimbwv+S98jChQoP8/SgaLu1BAAKdIcAfyM6YkoG0nYBEy88opPeLngslL9OemEgeQ3rx1cWTjzV4ok5db3Z+VWN3z5XfayAP2GvN9lZ1X+4DAQhAoG0EEFhtsxj97QQBeYEGEkhr4QM4WaEXB+cqJgipkTxR91xjpsV69R3vMzvyTLMD3oOvmx19k9mF9fWGO0MAAhBoPgEEVvNtVHgP5SVJ8mdeTf5M4WzTDd5p9ogyxZ/pCeb+QXOvVPzARW+Ul0BwIaWE8fFBs89eafbXS+1UjsaV4zWQq0o6z4ywYA6AXAIBCPSSAAKrh2ZHYBVrdE8yV7b4uoslz02a/lBN5UeNN80qDeutMtr/IV0YQpYI8lVAci0EINA7Agis3pncDIFVjNHFceTeqanWEj0lj9ToNS3PUVK+lWvGxNlGrati5gytQAAC/SGAwOqPrScjRWAVY3QJkKEUyECh1s5VMvc5EsKaI40vCQ9yQAACEIBAdgIIrOysOnMmAqszpixlIHGloGplbVxXQpmHUjpNoxCAAAQaRgCB1TCDVNEdBFYVlNt3D61s3FJ8c6/HOKnQ3j770WMIQKBZBBBYzbJHJb1BYFWCuVU3kbjycGdSeovq7K0yHZ2FAAQaSgCB1VDDlNktBFaZdNvV9h1mJ5VAts//EOhr/EOU7miXAektBCDQWAIIrMaapryOIbDKY9umluMqQQ8JSmSduspsf5v6T18hAAEINJkAAqvJ1impbwisksC2pFlf/aiuxk2aRyrBwCrBltiObkIAAu0hgMBqj60K6ykCqzCUrWrov5j9o+8x+0+hijy1rVplPToLAQi0jQACq20WK6C/LrB8e5Yq8208HKVQ1FElUF9UwBBoYkkCXhRVlySfd23UvKXyCyo+zwEBCEAAAmURQGCVRbbB7brA0t5y42srSmjWditDCboYkvInPcUrK5ofsvVAH/IYAsRrVRF3bgMBCEAAgdXDOeCFJMNWLpXm3twjz4lu6PeM887zq4fKAdKeyBxFE1DpBfca+t6IlXorix4H7UEAAhBoIwEEVhuttmKfXWApTDR8bY175blXS5NvLZYHUH/G2ruvUsG3IsbGXh6FlatXeQuHbd8TsbGg6RgEIACBOQQQWD2cHi6wNhQ6uqEBnqPfM3vyfLOLg6fF9Eqhy5xz0j2EisPupaZVToBcBgEIQKBAAgisAmG2pSkXWEe0z9zrG7TP3J0SfIoTrvuEVMiQebnkZIo1rfwyLV64WQA/smQTnA4BCEAAAgUS4EFWIMy2NOUC62tmn/1Js5fV3ef/YPbIi80ujf04bvbU68yeUXe/2nL/uMWNf5BZPNAWq9FPCECgDwQQWH2wcmqM95sdOW12oG4v0a+Y/Z/vNnuhQlp7PFeo7pywtk0D3+LmXG1xE/rN6sC2GZD+QgACnSeAwOq8ic8c4McVGlT+1dmqR1WL7T8pj9VJs2epV8n961jN2HaTp8OBKmbFFjdtNyj9hwAEOkmglodsJ0m2ZFBavTeQ12i9ag+WJ7MfUDK7wliJx0oTjy1alpwzXixU3OC3JDdOhwAEIFAHAQRWHdRrvKce0kl5hKoE1sck6CSo1nyVIB6r5Q3/AbP/rIS0W6PHT6+EA5fHyBUQgAAEKieAwKoceb03jBv9limw3Ft1QSi9EEcrgTVSWJI6VxnNr1WVx88x2+8eP/+Qyus4+kH4ZaTHaRCAAATqJ4DAqt8GlfZAHqWR8p72lJGDFQtcxgFRQXx504rhhsRosk+gfziV/D+iAOvyHLkCAhCAQN0EEFh1W6Di+0cRVJQHS8UtB9rXMAkBhsmUVImXKGD7myVsK+G7JeGbFAn1HDV5rIaqZyW0HBCAAAQg0EYCCKw2Wm2FPnsNrFWrpXsI8DyFAFMJ10nSugQBIcAlbRME6rpCgYnHSl8DcUScLsmR0yEAAQg0jQACq2kWKbk/SnJ3B0mu7Wjc++XhRXlXopeFTYRz2sv3YhRHR5mwFNct7Q2ZhAY5IAABCECg/QQQWO234VIjCB6sTAnn95md3tRD3z1VUQh4XpXcK4OrEQNLcY8nx0UG4eexir6evlHJ7Lka4yIIQAACEGgsAQRWY01TTsfCPoSntA/hzIf6XRJPcqMkOVXuWfFDcb+xPCwDJcbjYclpFt/SxstVBKE6vtjsE9qn6FU5m+MyCEAAAhBoOAEEVsMNVGT3JJ42lTV91vQKQveq+MM/hv5CIdCxFNhjrzB7dpF96FtbCgWO4nZAeq09pOpeSXkftcsOBwQgAAEIlEkAgVUm3Ya1fbeElK/48xWEXhVc3UvsHycB29YUZ7BYdd1bdGGlGlaJ96quQ+J6qNDuxIMmkV1rf+riwH0hAAEIVEUAgVUV6ZrvoxDVaRn77HToT11KEt4luFj9V5B9fJ/AWLJi1dWaRXRpSkgnzsmiSnQU0T/agAAEINBVAgisrlpW4/J9B31bHE9Sj/WVfLhb+u868qkKs7zE621q7HVRvNYdCpS36rS8VZ4vF/PoklWjnn/XBG9aYeBpCAIQgECDCSCwGmycZbv2UQknPVXX46q/eL17Uk6YffN8s0uorr4s1d3PV3HQocKqLmAnqOUdqi30pppap+SKPDcuTvDtiV6t+aDXWyQCf9s7ifeqOPvTEgQgAIF5BBBYLZ4fSljelDfKq31P7BiqgI9dSE3vXec1sHxFYN35QC1GbneI+T4xT4cBlcw2lJCprTioPFNPqD/PSJXTGMpjlVSBlwjc1HtJ31TAlM97mycffYcABFpFgD+4LTKXBNKm3CN74wbAqa779jRjFaqcm0vlIaIgBtiCZUm7x1ym1IKAsbYDqs1bFcTTl2TPF0SBPW1b9XkYQsS1r15cEjenQwACEGg9AQRWg02okN+GQn7ufZis9gsGc6HkeTWZk9MVPtrSyXvlxfgFtfG2Bg+7MV2LRUHT9cCeNjvxo2YX1NnJT5t9+LjZTT4vQhX40bS4jpt6150PVicn7g0BCECgTgIIrDrpT937E0pOVmXvdHJysszPw33K9XGPSWZBNT0s3+bGPV/TNbAaNPxGdEVC9EEp2u9yVrFDnsu0jJgtayDvM3vTpWbv8b75vJDXcqTFCjvmRLQ14eCyLEG7EIAABBYTQGAtZlTaGV46QQ/LZCuaIKSSe7mgWtZDtaiTHh7UOV6Sodaw1qJ+1vW+7w0YwmlJF5pQYiHNItbVmies/PworjSWEeU36ppN3BcCEIAASa+VzgE9JBVhsgOuodJV0z2MMyspvajOfVihxvMk5FSZ/VEqs3+LqkSn1ggkHqD4D40k4iZhUlvC+rTNva5W7J/myWh64UL6fIkrF+auoIcKBZNnV9QHiHYgAAEI5CCABysHtGUu8aX8oT5Swjrk8yT1iPQQzB3yW6YP8SHNEv1tap6fFEOAYdXlqCpbZLWbxNJAfUvmh3sztUpxrufRV4j6uYovb7AVTlbKnAcBCECgPAIIrILZhsRo55oWVFFbHVUuz0UF33Jhc5RnMPMVdVIgyX6L4fC8toeU1/bchQArPOFTZh9RAvuNPnmyhCklxP5YAuyveBfJr6vQUNwKAhCAwAICCKwVp0jI3ZkIqgjUQ34q7rl5c80b637c7OSm2b4n9PpGM0UK+3N4CFCCal1CKqlkH47G5ialt9lRjHIgT9TcUKXE1VDias3dXAod8lnuz9RmpBCAQAsI8Ed5SSMpvOShmzUP+01cIdvfJDWm5BFpTP6Od8qTnr2vfQkPuuCV4PBFA2n7JFvFLGnqyk5PbwydxWvlHUtdw8KFyizFjSAAAQhkJ4DAWsAqJkLHB3YI3SQr/XSpe0ManUzsqwe9r8oxaqzAyD5dZ58ZV875u2n7NH3FpMSge9ji/MkklCSsHtU1z/Jk9rgVzqr8uB4CEIAABIongMCaYqqH3oagnOWlE9JvuUgpc6Vf8aY1+z2zJ33/QS2V21C9pHPLuEcdbd6n8hYa09mp7WpcPSbV7FepFVblWKJnMRQK/XUVCn3LovunVxT2xSO5iAnvQwACEGgqgd4LrDvNjiumt39aULmDIIRrKlnpV8YEuVceNomOThQXledmIBu5Fy6pGeaHiyqtmhu+qmFh2Xm2vDtU1A+etsmegYvsH8VVlhWFi9rifQhAAAIQKJ9ALwWWr/Tz5OCpmFksxNlaQTU9XdoeHvR8KtnoDDO56NUyzD/4a2bKAW/XkfJAZQoH+uh8u6Rztqv7++E1uhodkm6XRegtBCAAgfII9EJg/ZLZIy9W3op7P6YGPFbxzce6WHyzjbWvtIBgUyv+9ro3MVa2D6+NXfmX9aMpsei1z/zILK7SuWWUYMhKmvMgAAEININAZwWWb26sf+qvp/eU85CSfvZ95TrvBfDaV54z1uRE7w+Zfe5Cs5fEXKqYoO4ixO2kfKrW2ymdyK5w7ZZyraI3au5fgGC/TLWwmvGnhF5AAAIQgECaQOcEVjoROHg/xicbUI+qymnnDNwLpJWDpdnXc9euN1MO/XKHF/wMnsSkb6GSerKZtaqVdyY862OTuBpJ1Ce6MavQjYLMuUiJbSkOmkmQLWcFzoYABCAAgbIJlPYALrvju7Xf9ryjVbmFshJ79YDOnEA9654SQqpPausx+T9dVypOmmVWsqVXzfn1nqwt8XFKbXSy+GkeD1T8x0HXy2qsOse5HgIQgEAbCHROYLUBepl9dIHp7S8jfmJ/bjM7ppDdeWkx5e+F0J2vqvQjVBZICqpmLuAZBdZuY485Vy4ukgJj+vKQrm4yvGp76xg5d9pxRBtsSKTeYKYc9cVHnhytxa1yBgQgAAEI1EUAgVUX+RLuq7wzr2K+doHCd99vppdsh2+54tXpU2cvDGkpRDhQ7Grdi10qpy1XaO8DZk88w+xi95J5rlyYjMlrsqQziLvYr6nE90TsuRDzRK0oyDz+qM54TazhEbPPv8FMCw6rOYLX7ywHmTU8q1IaA/U54af+bry+Q/XKqqHOXSAAAQg0kwACq5l2ydUrD0u56Mi6LUzcbiXmqkkYDLWnXeatfqrahkf9e7X2VLxDHqH1kNMUvWqT+RtrY0VxttvEjucl6iwIOPeUpUVcFG5yPY2OKQ/qRtVJW2SQu8ROQs9Lf2Sums92N4uofut9bYL9th/QV/YrOBMCEIBAvQQQWPXyL+zuWcWOvFwDuUs8tyrx+qy60jCEwxZ6vAob6JINfdDs63LlXezix71k7ipKr1oMW85MPgezPhBp8ZYWZvH3IVE/eStLMvsfKhR7VAsE3NMl79Woa8n9S5po4elUsF+IiBMgAIEGEkBgNdAoy3YpPoD0oN/VexVrKkUPj7aaGWkVYK7QXrp/ql01cuGSJ+dr2XHWdf57zf79d5n99IntaOSkRpd+2OMhyXhk8Rymc9Fkr/t1jQrRc+xGgFpgzA0IQKCtBBBYbbVc6LeXPZAR3Rky03sS33cvi+cmXWv2szr/3xQ1bBd37hGiEOZ8okpiPykj7fOz2O5m8ezTvD2heZoOzf5Hifh/svhKzoAABCDQDAIIrGbYIVcvUuG+HXk/nvDu28zEFYBZvCt5OuEhwnmeszxtdu0a9/K5CHWR22VPX1F2S5ercO+ovk6q6Gwny3kUxYx2IACB5hFAYDXPJpl6pKTvDRWq8iKUZ3iuFFJJVqUtuy1LppvOOAmBtTs52eK0RFVSpiFPbasYTsxzbV571nmdvFa/rPvfGv4oJWsQ9L8t/eOAYqt1GoZ7QwACuQggsHJhq/eiT2pvReUDXeq9iKE5rwAuYyZby/hKNj3Vj73STGWtyj1cYPm2NiRqn8k5lRc3sVFWS8Swq4tkT8L30K5Wd07tTZ61tXacF718Pl4dibjSuI9p3AfaMQJ6CQEIQOBMAgisFs6IWCXcw00flSdL/7w/Oyavq/7TxnUV1lIKpSGOSOhd1EKUhXf5PnmtZINzYlHWLKsKvRPvV82ug2YvcmGRXp34pPZrvMXsysI72qAGo6B0YeU10bxrqhXytavNvqNB3aQrEIAABJYigMBaCle9J6u455/rwXO5G83FlddR8rpQ4YE80O8y17AqYiR3KxzpG2qTV7RNMyUUMnutJMg2Feo9y20aQ2Oer+ViI6s4K8KWNbVxUHP4cR+s/pFwVCtbD/hc1t6hn7jZTA5YDghAAALtJYDAaontfkfPHcVK9k3lp/iTeKgHcRIarPpQIn0i8Pq+glBFRk9LICReq6wJ/xJjA52bLpORFKF3+3ptLCV1r1xCo+r5sMz9PD9N4cAkP83nT8jls9Nm77jJ7F8v0xbnQgACEGgiAQRWE60y1Sd5ijaloBIvR6roZeaK4WUNkRINZum6Vlk8eVGURltKTG1JpO710Fj0TJZlr6a0O13BPh3ybkof6QcEIACBVQkgsFYlWPL1MXk9ZajGhI7Cg7Ex/SnZFGc0L7tsSBidHb1WSvKfm4SerkbuixC+bPbfbjV7ayyk2YdEdgeY4pDMm+i56rsXtMq5y70gAIFqCCCwquGc6y56iMcioklSjvbi27whhFVyNVjwRYe2S0KsaWPjTq9wm8YWq9f77+d5rVwc65S9HuuLm1FHVmpjS7/bG7bZGej3lebPFTwVFjb3BbO/96jZr/mJGqjnXb1BcJSCRm2whfA4AQIQaCUBBFZDzaaH8yiuqNIDeqTl6p3OyWmoGaa9Vkk4z38pYTlWntRMYRmFcfxwTZexiKFVvd8L79+9EpNaWZlwc0+VVr6+Rzlrb44/t8H29BECEIDAsgQQWMsSq/B8fxD3YCVZhUTz3yrLCsGUcPIbjaWIH7vW7NnxrnLX3KcVg1f5h07KrBeieXqfTP38J/LafR/iKv9c5EoIQKAdBBBY7bATvayJQPQkhg+KC94zPIkSDFsSDJ6kvl0dcxevVKoqu8kb+X0674GahlTZbWPyelxZKYH5uDxZKvdltS/QqAwCN4IABHpLAIHVW9Mz8HkEVHphU7lCSV6Ui6bpPDPlUA0V+ktChCGPaqRzZoZxo9CY1U4XrXDI7DeVX/V3fGwC9KC4PE9C1MtQ+N6YiKsuGp0xQQACOwggsJgUEJgiEL1NLpz+wuxfvsXsnX6KRNUfSVT91W3NtV3zSt8ck1dr5pZE6UUKXo7htT3YU09iMlmY4exS2zgN9Duv8dWLnDM+UBCAAATCP84BAQEIOIH0/oESCJP9FSW4Em9V/NeIl1lYtDdgLL/QJ1ExXd/KmabqhCGu+JhBAAK9IoAHq1fmZrCzCHhNK30Qkv0c3THlCwu00u1jKjN+TfRWuVDS11DCam45Bc/J0jXJijnlG43kterF6s8YBtWwJ3lq0zWvmH0QgAAE+kQAgdUnazPWHQRiTauQoP55neAbLqfLL2T2vEQPTjo81nXk8lCd0Hj3+5jPNbv/VWb671veQHn+BirC2ukaX123MeODAATyEUBg5ePGVS0nIGE10MM/2fvPw4G+p6LypJLPg1dV19fw6ozC4ENmv3WR2RsDksyCrOUILQrK6cR1r84eOD6pMhV/qe3jpP8QgAAE8hBAYOWhxjWtJpAqmTCWEph8BvKscEvlHZkqld+qpXPvbjWcDJ0/JEGpOOgb3c3n4jRdusJDhd6EwqN3XmemjQc4IAABCPSTAAKrn3bv5ag/bfbN42ZyNm0fcR9BfbulMJZSrpY7lLs1DrHE3nit0jsMTO8fGD1XWTa9Xo40Z0MAAhBoHwEEVvtsRo9XIOAeFg8BXmp2xwvNbs7TVHpVoTw5W/LUaOeX7h8uoOJCgHRdMDF9r37/JieAuOr+PGCEEIBANgIIrGycOAsCCYHd8o66jCcWCY0LASSiXhLHe4/Zo/LiPct/nvZolcFE4vYzyp17qf5wbagf55VxD9qEAAQgUAQBBFYRFGmj8wTuU2V3eauS1XCedyQx0YvyC+l8telq9npvQyy8vEUp1dk/ZXbTCXnHJOAukKhK58ptJ3qZ/bRE1i93fvIxQAhAoJUEEFitNBudrpJAqlhmb0Jg8tQ9Lsa+b6DXrNiUuDojR62MGlda2Xm/VnK+XLeMqzvTZt7Se/eorthN/suYTF+F16zKuca9IACB7hBAYHXHloykYAIflodGMagkvypuWFzwLRrZ3DyvlXfYxZWvviyiSr1CjE/JFXhx8EglPLxdvTz1lNmVf9vs8G6QPCdMnq2hFigkhV05IAABCDSJAAKrSdagL40h0EevlTxI18tL9NF0Rftpg8TCrDpn182tsxhRfNN1yFwoPfwas+/Icm08R218VUrsMnnY7leF/aTAKQcEIACBphBAYDXFEj3rhx6M79Tk+xdNG/YhlXKQyLjIXShZ9hxsWv/z9ictKDXuGyRY7pxuK4YFxeekxNDSCebKY3u38tj+gdrdExLmh8qhWsn7FPrtodt09f28GLgOAhCAQGEEEFiFoexvQ6qNNNDTLdkMOdSWSubV9OQKD9UJqCBiduT31EWyj1vdOOu4j6C8SGOF22YKlVjzS+d8Sef85WVsJBH0hGydVHR3mysk+KQE3MoV3iX4blNzP6J59kXliF2xTJ84FwIQgEDZBBBYZRPuSPt3yGuxX4nOYTVXMm/Sgin9vefQxJ91fnL477z+lLwf4yOqHfV67V+X2iC41kKdf6Dw1GmzZ8eiodOr5dImlFj4iPbce8HfMPuetptW4b4t2SfxIMleTyhh/NtmjSkWEN0w+ymVZv/vWcftYUC1ux69garu/h55vn4i6/WLzvN+9WlF5yIevA8BCDSLAAKrWfaovTe+R58ehGtBbMRQzqRfPmFcNHnSt4fQNs1OXW92ft6Op1ajmZbkb/6tHBXV897br0t7rRRmerHG94VZ7SkZO9mvML4XvXUhIfuorp1UiF+lP/FaD3353oinzD4uJtoWsdjDx72te20sYTXTa/VRs59Uhv+v+52zrtaTWH2XhNg/DUnwfukZW+kUNQp51LbU6b0UNi2KKO1AAAJFE0BgFU20Je3dLSGlok7Jg9W9UnEiRM9TWNUVt4IZyquT1IAq65CgSLxeEhUDeTlKvZeP4TNmDzxt9qIwnpkeNIm/JBE7pT6cx+BahaP0gP+yXD8uQM/4DBWx2jDmQwVbFOrdk92H6ncc0q7iR/lSD0g8v8gHl0XEiNVj6u8zUzCe1nUXlzFfJHY/qAH8mCbJl65ZMlxZRn9oEwIQgMAsAgisjs8LPaxP68F3VhACEyGVHnbwwowlODY8dFcHEvXvrerrr15gdvz7VViyzD7EMgN+D2Vq//wrzN4e76f9Cg9rv8Ln6OdJGFQP84Ur5iS4hrrA+bro2tUrtGhcsWq6zkv0ldtmXshyUXvx/U+aPSRv2He628o9j/PalHfrlO57bpYkf50rh+d23Srvs14/pLZVXaG8g9BgeWxpGQIQKI4AAqs4lrW3pPDeUE+75CHvnUkbN3qk/Pd6cG5NF46su/PySgyVo7WWxVuSt6+6x+26x02zPEPpUGWiFHKKJM8rO6btY35UOV3L9vOQcsFkv2dHURX2/jslW60ketMeMfXpkMJ9csLNPlKbOc8ViTHEGOZYKWHAWT3Ufbd0T0KDy04uzocABCongMCqHHkxN7xLgkQhErffJE8qJBMHfZC4FkYKt620DL6Y3i5uJeYcaYVaKXMy5lB54wpDfkRcbo6iLoZFXdiojMDTqhZ+yeIe7zxjVZEYk/5dZOp7ddPWsuY+zepvWjRqbB7mnTsX/HwX576acLe8LBfxen/NmamxsZRaZeURdO/36t5vUh+/orG8II+NuAYCEIBAVQRKeZhV1fk+3Ue5M1t6oPn+dxOb+TfuafGvfQqtvdLswrYyCeKi0HwjZ6HQ2M+dNPuF6MFzoeEr20IobzvLu6C9BY00cP0AABGTSURBVKOnKI8XLi2uvN8xjJlHYHm40stmeDtZwnzhfgkiTbDjEk07QrTuOXJNFXgN1a/KhXtYzViZt6ytnyX6DQEINIMAAqsZdtjRC1V5PK7N3/anE9DDSZ5oPVIdocofcGWicoHhQkcerMI2UfZwV1z5p7ZdIEyS591bVXRxyhDSWzpnata+enkEpzw8JzVfpLWThQu71rSatmMUd4LzPi1XfHP6fYnGY2rrfFdr8zxbZc4Nb1tj29T9z8ojXsvuG+1DAAIQmEUAgdWQeSFPyx+rFtNL0nWmogfCH2x6sBQmPBoy5Ek39BDfkAA6u6iHp9p6kcTOA8Ej47W3kuR+d9GIZWmrFMPeeEuJRN96xvsncfPua8xujVCC6MqULK9w8T+X2n5nvFZjvUosVTFh/nGv2R/p3i9zLtOeMonTh9WO54MlNcyKSLRf1J/d3lfo9Tc0+X9cIu/P9A+L5+dth+sgAAEIVEkAgVUl7V3uFXNlUiUSxo+afePHdyn82IAuF9qFOP4iBNZ0iQPXB6H8w1C5VaV5/XTf2yTefuSbZrdoCd0HsgCKieISD8Npj2RWD1as4+X304f5mITQgSz3lrg6LXF1zrR4uk/7+snVpzqq2+FFhQtdZD2Wpc2yzgmewYUrOcu6P+1CAAIQyEMAgZWHWkHXpENYMkRvHyCegC6RsWdVgRVDXS4avCyFlyTQV6nCKk4Fz3vyVZASOJk+U57ErhM98jYzVDnPgyVv5wMquXBFKL3hjXjIOLOHM5X8Prm37vcO9eVfRU+fPGr/7hoVDC1oquduxgWkh3mzcs19Iy6EAAQgUDCBTA+Dgu/Z++bKLCTZRrheZNSFRt4wVAyzpSezvDCj65YQHatyWyYp/Xaz31XdhdfNS0APCd2JUIx9S48viMilNzmOHi/fskgrKX014Pnif1T3SDx9Ki76v7UdjkqR1X+kNqB+o8T3++vvET2AAAQgkJ0AAis7q0LOTIUDM+XXFHLTBjcyvXpu2a4GIZK+rJZVZlEQZUmcD7laNq8kxSGzIxJBB1xIuSfOBZFetiSA3neT2d9dlpOfH1mpzSMSsxelyzio8UeVh7V07a48/chyTZwXh82e+xaz/5flGs6BAAQg0CQCCKyKrZEnEbriLlZ2O9+2xcNqvv3MslvxxLCidzbkrtUirPz+WvE51J59a3IDPawCo14FftcjVCHPvLdfUcaIgkX7BP6KNqv+++4ZS9yGZick9HLvJVlU/9LtrCq6y+gTbUIAAhBYlgACa1liK57vD1gVAN1SwrWeyf0+llkpF0lJEFyh0NFkQ2avAbZbUcyq6GYtzxA9Rlot+uCNZs+ron/OSh6wK/xe7g3zlyBIB/K2lb7n4zJjVL/OCVs7VS5Al+kn50IAAhDIQgCBlYVSQefI63JKHptzV03mLqg7tTbj+TVekmKZQppTda1qF1YOMCarywX09pdrX8PdoGq8XuDUc55GGnPmhPRVjBRrR4UwY1Kqou6SC7uNR97MHxYU4dxZMmIVBlwLAQhAoC4CCKwKycuDkTxklxEVFXavslvpKfq0Jt6FWYthxv3xwgq3RgirCCtL7pX6f0x99zBcZX1PlW+YeK1Uv+Glyl7/k8oMnfFGElf/TPUz3tVU8ZdxGJwGAQhA4AwCCKyKJ0R4IJ+UF+u8im/dmNtlzUOKdaJi6QAJsj/VyrfvbcpAfF8+JZ8vFMxZQ4hFjSt6ByM35bitvGF0UX2bbueQ2a8qZP7WJoR6yxoj7UIAAv0kgMCq2O7+sI1L5Cu+dSNuF0NqKqOwoTIKyrfeeXxC9ZdU5+nfRoHQ1Ievl5fwvs1bORjElVVVxykmiDvVpnKLFhe/OyWaNQ2slr0NG/GBoBMQgEBnCSCwKjZt8N5UFiqqeHgLb7copBZrWsWG9AD+sLxWr1vYcMUnZKk+H8+RuLpMH7S/KLOLqsx+XMJ94hWVV+hzWkhxZZn3XKVtsfmsrvf+bUqgattNDghAAALdIoDAqtieyxSkrLhrpd/OxZMnts9K8pfnZVOTcbKqrenel0UrIGNCvnKLhteUuEWPGy29XY47rrLU4ird2HNuoP7+mcKWz9UpjQ1d1smHe0MAAt0ggMCq2I5K6B3oobvet5WEH1dIUEUyvTTFjnpVqYrdSR2Br6tO05vNfq1i02S+nYtkfXB23b7lkGwsb9K6h4JVY8q3wyntSBdafUr5adoH8U9Lu1kBDcvWj0pkP0t2Pio2FxbQJE1AAAIQaCQBBNYKZnFhkGd7F38o6qm7Y4PfFbrS+EujEEgLS3l5BpqA6+lcq7IFSRGggv3G2v9vh3hSKY4v6JdX+Iq4Mj1J6oOigLYealpt6F4z89mKGG9RbajPT6utC8XmcX1unllUu7QDAQhAoIkEEFg5rfIps5PHzfb55XrIbUoYZM4jCQ/opTbozdnNRlzmVdd9w96DCg291Oz53ql0WMtFQltKV8R+7+aBzLpCchXDxNyueXsZrtJ+GddKTJ/QH5v9qnX1kITpd5dxD9qEAAQg0CQCCKwVreEryXyvOC8gKZGVqYDkovydFbvUqMs11sRLFXOqvLSBeK1Fr1Xbah/NW6RQxRYv0RPYJm6hOvs5crl9Xon3L2nUBKUzEIAABEoigMAqAGwqhyhTWCie3/U8rCimorhK5wu1yWsVp8i86vNVlWP4jNk/fsLsH6q2QWPqgc37CImLKnLYXtn7Xnkp5bzigAAEINAPAgisguzs9Z3UVJKTIzfW3PBfLKDZlrBYHkQxlObiKuQJTeaaIHnuWiZvX557l3VNEFE7+h5DdvLM/b68mPqPQ4sartaihnt9U2kZ/jf1j4mfgAoEIACBPhFAYBVs7fiwneeh0TmJGGubB0seqS11fK+U0cwE74gyiivPEfIHrLMIRyYPX8EmKaS53cprRHvLTTOQV6lRmycXMvAcjcj+j+gPy6X68n9o7NOrtBYHBCAAgX4RQGCVYG8l9G5JhHhYxI8doqLsWlhfVlHLB/WAU00Ez3VKPEieJ+bCyJWdqwDfB1DvjyQMxvrZX30135rXqdLb6Xkx/bO76XZdARnDn/5w9X0XEwD6usDsMW2GfGkJuEtv0lc7aiDrYnNGnl0cq5iOVAy1dR65osFp4ceVJ8wUxbQ9YvWQXHkksxcNmfYgAIHWEEBglWiqKKSCQhnHkg6Lqpkv6pI8SQMXQl6LKYi4iZcoqiH/fQjNndFc9CalksxnnhcvCuclW8IopDlXRMQk7yDqkj61NRyYhjbLXnHLnz5vezTFyCvVP8eFtWz+7ddKUC+ax7wPAQhAoMsEEFgVWDdW9Y5Ca7dq5ou6oof602rjgHsIongKQmqs4qWJV0reqOHV2wU9Kz3Cykh3fU26VmYdqKoGF0OA6XBuELiTlZFV9aWJ97nL7AWac1/yULCE1WH9I+LyJvaTPkEAAhComgACq0Li8WGt5epDLVd3TZTpuN3st1Rw65bosVI4b3R9g0JScXXgabMP3Wj2hkMKkV7TgXwkCeOhRIOHTYcKdyX20ti+Ivs9v001qDJNshwnKUT65xJWLqjGmpMvVA5ao6vI5xgil0AAAhDITQCBlRtdNRdGUeZ3a1quz++o2KrcaUmx1S6uiJwVGpxVkb6amdCcu9yrrW4kMh/2nD0JrEdk+29vTu/oCQQgAIFmEEBgNcMOM3sRQoIXusdK3oFGJVHLe7Glh2vi1WnbasgsJp9VNBRxZSa7Pyi7e/L6+CKzH3iZ2R9m4ck5EIAABPpGAIHVYIvfb3ZEYbcDTRMwMXTm+VZ59mJsMPKka6kaXhvyziR7/CGu7GxxOeVeK+F4THOylStCmz736B8EINAdAgisBtvyTrPjylY/r0kCyxP25UrzZfi+qnDHZscNxpm5a9OhQSW1j3xhgjw2PyOPzS9lbqgjJ8pr9RV5rXwPybHU5mtemWhQDghAAAIQmEcAgdXg+eE5Thcqx6kJAsvFnnaz3h8Kh3ZWXE2HBmOtKwmsE0p0P7/B06WUrsVyFBr/Exr/t5VyExqFAAQg0EECCKwGG/UehWTkLTo3vYqt6u6ma3mFe7e2GvsidjE0qMUEn1Lh0FekQoWjRTXAFrXdtveVyP5FcXihh4GVaPdjKv1xW9vGQH8hAAEI1EkAgVUn/Qz3jvsW+qlarne/wjOvynDZSqf4Vj4SdWsx/hdqW20p30pOrG4e8tB9ReHYJAzm9buiuPJQqDw3nQyF7mZJ2V+LBM3rfH1DwvJgNy3OqCAAAQiUSwCBVS7fQlr3PQD1oE9W7JX1wL9bD1V5y1xIeIX4WC10KLGRuV5XIYOtqZF0aDC1eXOvxJXCoU9KVF0SKvH/lGz/GzWZg9tCAAIQaD0BBFaLTKiQYZJgHro80gNwpdINIYk+yatKYehsftVupo7eKs91izlHXV0hOc1AixZ+SKr6ds2B/V48Ve9/Wp7KV7ToY0FXIQABCDSSAAKrkWaZ3yn3sHhVd9/AObX9TvK97xnoD0qVdxiq2vu79Lufn24tnVcV9ibsnaiKTLTVy0AuOt/o2nE6P/fidZ6Hcqx+VgP+OY33LH352D+ocOAtLfw40GUIQAACjSSAwGqkWRZ3SiLphIy3L+xFmNhxljFjuC/dYtiE2V86nVe1mOJ2fSv3Vm3oSzlYa133XMlD935xeUOowr4lcfn2a83ekYUV50AAAhCAQHYCCKzsrFp5pjw0cmbZXm3I6xtEe36VhxZ7kVe1yGCxeKjOG4rNunv+ulg41Tkov+qTenl5CAeflMvqZiXv69f5D29LuXuXS5hepu/963J9fU7tKvrMAQEIQKDfBBBY/bZ/b0efqm81kLDa21XPlcb5fyV6nueG1utTCgM+I6vRFUY8X6UaLtPX5Ur2u0zXxa/Lw/f+eljtHha/r/r3Em6HJbD+a9Z7cB4EIACBrhJAYHXVsoxrVwKHFF5VHYL9rjncC9M1z5UWQ9wkQfS7Gl9cBHFYXksXQ+7GuuQps++V1+m5cmN+pwTRc/RH4FJxOKjXS/TzxeLhosm9UfujcHIRpd8nIkqC67A8ol+9T69vC7lrTDcIQAACEDiTAAKLGdE7Ah4a9AS0OPmbUCl/VSNIVL1FAuid+joYwoBxjI+r7fM01nP0ew8Ne6h4qJ+VdmYn9XpUP39T339DX4/p56/p9XYJqIeuUvX2VfvF9RCAAAT6SgCB1VfL93TcMTQYBVYXxJVKLdwnYSU9lIjGsbxQp/Xqosk3Z/5t9zzJ6/TgKRVTvcns4Z6anmFDAAIQqJQAAqtS3NysTgJpcdWlsKAyyg8q5HdQYvGLdfLl3hCAAAQg8C0CCCxmQ28I+BZAXudK4mqg1YKKgnFAAAIQgAAEyiGAwCqHK61CAAIQgAAEINBjAgisHhufoUMAAhCAAAQgUA4BBFY5XGkVAhCAAAQgAIEeE0Bg9dj4DB0CEIAABCAAgXIIILDK4UqrEIAABCAAAQj0mAACq8fGZ+gQgAAEIAABCJRDAIFVDldahQAEIAABCECgxwQQWD02PkOHAAQgAAEIQKAcAgiscrjSKgQgAAEIQAACPSaAwOqx8Rk6BCAAAQhAAALlEEBglcOVViEAAQhAAAIQ6DEBBFaPjc/QIQABCEAAAhAohwACqxyutAoBCEAAAhCAQI8JILB6bHyGDgEIQAACEIBAOQQQWOVwpVUIQAACEIAABHpMAIHVY+MzdAhAAAIQgAAEyiGAwCqHK61CAAIQgAAEINBjAgisHhufoUMAAhCAAAQgUA4BBFY5XGkVAhCAAAQgAIEeE0Bg9dj4DB0CEIAABCAAgXIIILDK4UqrEIAABCAAAQj0mAACq8fGZ+gQgAAEIAABCJRDAIFVDldahQAEIAABCECgxwQQWD02PkOHAAQgAAEIQKAcAgiscrjSKgQgAAEIQAACPSaAwOqx8Rk6BCAAAQhAAALlEEBglcOVViEAAQhAAAIQ6DEBBFaPjc/QIQABCEAAAhAohwACqxyutAoBCEAAAhCAQI8J/H/lodpuWT6FKwAAAABJRU5ErkJggg==', '吉磊', 14);
/*!40000 ALTER TABLE `signin` ENABLE KEYS */;

-- 正在导出表  weixin.thirdlevel 的数据：0 rows
/*!40000 ALTER TABLE `thirdlevel` DISABLE KEYS */;
/*!40000 ALTER TABLE `thirdlevel` ENABLE KEYS */;

-- 正在导出表  weixin.user 的数据：21 rows
/*!40000 ALTER TABLE `user` DISABLE KEYS */;
INSERT INTO `user` (`uid`, `openid`, `cardid`, `username`, `password`, `sickname`, `registrationTime`, `address`, `serveTime`, `email`, `score`, `sex`, `birth`, `age`, `phone`, `qrcode`, `ishere`, `locked`) VALUES
	('3e94cedc-8514-4fcc-b1c2-7b56bad9517e', NULL, '110105', '呼家楼', '123', 'hjl', 1559115182616, '呼家楼街道', 0, 'hujialou@126.com', 0, '男', NULL, 12, '123', 'qrcode\\12\\2\\3e94cedc-8514-4fcc-b1c2-7b56bad9517e.gif', 'F', 'F'),
	('5e5c3f1a-b7fe-4e95-8190-0791b0954a36', NULL, '110', '老山', '123', 'ls', 1559115244934, '老山街道', 0, 'laoshan@126.com', 0, '女', NULL, 12, '123', 'qrcode\\3\\12\\5e5c3f1a-b7fe-4e95-8190-0791b0954a36.gif', 'F', 'F'),
	('8a1c3abe-5434-4177-9448-0f2668cf3edd', NULL, '110', '苹果园', '123', 'pgy', 1559115285267, '苹果园街道', 0, 'pingguoyuan@1110.com', 0, '女', NULL, 12, '123', 'qrcode\\11\\1\\8a1c3abe-5434-4177-9448-0f2668cf3edd.gif', 'F', 'F'),
	('2d82227f-cd17-44d4-b1e0-64108e0ce391', NULL, '110', '东里南', '123', 'dln', 1559115422594, '老山街道东里南社区', 0, 'donglinan@126.com', 0, '女', NULL, 12, '123', 'qrcode\\13\\10\\2d82227f-cd17-44d4-b1e0-64108e0ce391.gif', 'F', 'F'),
	('4e0416c3-7f19-4978-bdce-ead375023d81', NULL, '110', '边府', '123', 'bf', 1559115672419, '苹果园街道边府社区', 0, 'bianfu@163.com', 0, '男', NULL, 12, '123', 'qrcode\\10\\8\\4e0416c3-7f19-4978-bdce-ead375023d81.gif', 'F', 'F'),
	('4b893eb1-5505-4761-b0fe-49066e669f2b', 'okNKU0Vb9EQtWTfteAyS3nVMd0Iw', '', '吉磊', '123', '这一天天', 1559115772945, '中国,,', 0, '', 5, '男', '1980-7-15', 38, '13718805500', 'qrcode\\3\\13\\4b893eb1-5505-4761-b0fe-49066e669f2b.gif', 'T', 'F'),
	('4c65735f-337c-48b7-a529-6cea6adccd8e', 'okNKU0Qc4bIEeWf-wvQ4q_IEAdRk', NULL, '杨海云', '123', '杨海云', 1559180641680, ',,', 0, NULL, 4, '女', '1956-10-26', 62, '13522055332', 'qrcode\\14\\6\\4c65735f-337c-48b7-a529-6cea6adccd8e.gif', 'T', 'F'),
	('e22f8b7e-559f-460c-8cd7-63bc1f7bc585', 'okNKU0VcsNUi7psgpwkgyxptIL3g', NULL, '莫定英', '123', '孤雁', 1559180650897, '中国,北京,', 0, NULL, 4, '男', '1980-75', 49, '15210426928', 'qrcode\\0\\9\\e22f8b7e-559f-460c-8cd7-63bc1f7bc585.gif', 'T', 'F'),
	('f2e9607e-d3e4-4258-85a1-e0ad7db7495b', 'okNKU0e6k0NmCmpNr8RQC-LAqYkI', NULL, '阵俊玲', '123', '红梅', 1559180670639, '中国,,', 0, NULL, 4, '女', '1930-2-11', 49, '137146070098', 'qrcode\\0\\6\\f2e9607e-d3e4-4258-85a1-e0ad7db7495b.gif', 'T', 'F'),
	('aa4a5e42-fccf-4e0b-8e70-bb8db3a3f907', 'okNKU0WwX-rwgp58amUfCCOWfiwk', NULL, '霍秀萍', '123', '燚', 1559180671646, ',,', 0, NULL, 4, '女', '1955-12-17', 63, '13520597266', 'qrcode\\1\\14\\aa4a5e42-fccf-4e0b-8e70-bb8db3a3f907.gif', 'T', 'F'),
	('f892a0dd-f53b-4a54-8fb2-843fbaa6460a', 'okNKU0fJiV6wIt1PwwqL4T4rySZA', NULL, '张贵玲', '123', '心静', 1559180683625, ',,', 0, NULL, 2, '女', '1957-7-24', 61, '13521026074', 'qrcode\\0\\12\\f892a0dd-f53b-4a54-8fb2-843fbaa6460a.gif', 'T', 'F'),
	('ed0ca85f-59a3-4e6a-bf5d-68cf84512a41', 'okNKU0ZE-jaC6tMriDQ6c3CqsE3E', NULL, '唐振华', '123', '唐振华', 1559180693781, ',,', 0, NULL, 2, '女', '1980-1-20', 49, '', 'qrcode\\6\\9\\ed0ca85f-59a3-4e6a-bf5d-68cf84512a41.gif', 'T', 'F'),
	('c64d57c3-9057-4fb0-84dd-3321bbbc9bd6', 'okNKU0Z-D6iwxIiAocf2cMnGpmOA', NULL, '刘绍英', '123', '瑛', 1559180697819, '中国,北京,石景山', 0, NULL, 4, '女', '1980-12-15', 38, '15611203859', 'qrcode\\11\\13\\c64d57c3-9057-4fb0-84dd-3321bbbc9bd6.gif', 'T', 'F'),
	('bcf48d82-3477-4098-b83b-37700ceaa91c', 'okNKU0dg-QONkBJeaGqKlN5yQcoY', NULL, '张淑珍', '123', '张淑珍', 1559180703243, ',,', 0, NULL, 4, '女', '', 49, '13521134942', 'qrcode\\0\\12\\bcf48d82-3477-4098-b83b-37700ceaa91c.gif', 'T', 'F'),
	('267a1b2a-8d59-4f15-971f-f9bbebd944c1', 'okNKU0bExS9bjQj-YvMVcuMy-Dtg', NULL, '曾保萍', '123', '榴莲', 1559180715981, '中国,北京,朝阳', 0, NULL, 4, '女', '1962-5-27', 57, '15910714128', 'qrcode\\4\\7\\267a1b2a-8d59-4f15-971f-f9bbebd944c1.gif', 'T', 'F'),
	('de8f71db-ed22-4759-b0b2-7b44e2dca5e3', 'okNKU0W5y0M3oK5OJ_fEp3tdGtFI', NULL, '秦毅', '123', '秦毅', 1559180720118, ',,', 0, NULL, 2, '女', '1984-1-20', 35, '13581858092', 'qrcode\\10\\2\\de8f71db-ed22-4759-b0b2-7b44e2dca5e3.gif', 'T', 'F'),
	('92818f54-b8c7-4df0-b975-6a6272fecd4c', 'okNKU0b0bBY7QXD3MAOOzAjhRkLk', NULL, '刘桂荣', '123', '荣荣', 1559180729745, '中国,北京,石景山', 0, NULL, 4, '男', '1988-1-21', 49, '', 'qrcode\\11\\0\\92818f54-b8c7-4df0-b975-6a6272fecd4c.gif', 'T', 'F'),
	('0100fd97-3e78-4252-8e92-092da475b120', 'okNKU0UImQ7zopfQmfGlrx3YyrLg', NULL, '孙淑英', '123', '心雨', 1559784086665, ',,', 0, NULL, 0, '女', '1980-9-15', 38, '18500021683', 'qrcode\\8\\15\\0100fd97-3e78-4252-8e92-092da475b120.gif', 'T', 'F'),
	('11435394-31b0-419a-96bd-38cd4bb12fcb', 'okNKU0dASpXNvUpo-cB64We-M2dw', NULL, '何润红', '123', '何小红', 1559784249188, '中国,北京,石景山', 0, NULL, 0, '女', '', 49, '13681122906', 'qrcode\\8\\12\\11435394-31b0-419a-96bd-38cd4bb12fcb.gif', 'T', 'F'),
	('e26d966d-2ecb-4c23-91e9-1ec51c372452', 'okNKU0fpVTMJj3xcvGgvG9aiQ4BI', NULL, '尉宗琴', '123', '大尉', 1559784258706, '中国,北京,石景山', 0, NULL, 0, '女', '1980-10-15', 38, '13671005682', 'qrcode\\3\\9\\e26d966d-2ecb-4c23-91e9-1ec51c372452.gif', 'T', 'F'),
	('e6c18023-6633-42a4-a557-e30eaa321d06', 'okNKU0eS8egFmWRu23lUTBi4cpaM', NULL, '石玉清', '123', '玉清', 1559784406870, '中国,,', 0, NULL, 2, '女', '1941-3-25', 78, '15910980109', 'qrcode\\14\\12\\e6c18023-6633-42a4-a557-e30eaa321d06.gif', 'T', 'F');
/*!40000 ALTER TABLE `user` ENABLE KEYS */;

-- 正在导出表  weixin.userapply4joinlevel 的数据：19 rows
/*!40000 ALTER TABLE `userapply4joinlevel` DISABLE KEYS */;
INSERT INTO `userapply4joinlevel` (`ua4jlid`, `timeStamp`, `timeStr`, `status`, `beread`, `theReason`, `theExpertise`, `theDesire`, `levelName`, `levelDescription`, `uid`, `index4user`) VALUES
	('402881e86b027526016b0290eb9d0017', 1559116180379, '2019-05-29 15:49:40', 2, b'0', '学习', '学习', '学习', '东里南社区', '东里南社区', '4b893eb1-5505-4761-b0fe-49066e669f2b', 0),
	('402881e86b027526016b02957bd2001e', 1559116479441, '2019-05-29 15:54:39', 2, b'0', '学习', '1', '嗯', '老山街道', '老山街道', '4b893eb1-5505-4761-b0fe-49066e669f2b', 1),
	('402881e86b027526016b0298db7d0022', 1559116700540, '2019-05-29 15:58:20', 2, b'0', '1', '2', '3', '苹果园街道', '苹果园街道', '4b893eb1-5505-4761-b0fe-49066e669f2b', 2),
	('402881e86b027526016b029faf330026', 1559117147939, '2019-05-29 16:05:47', 2, b'0', '1', '2', '3', '边府社区', '边府社区', '4b893eb1-5505-4761-b0fe-49066e669f2b', 3),
	('402881e86b05d374016b06722abd000b', 1559181273787, '2019-05-30 09:54:33', 2, b'0', '', '', '', '“智慧养老”大课堂', '“智慧养老”大课堂', 'f892a0dd-f53b-4a54-8fb2-843fbaa6460a', 0),
	('402881e86b05d374016b0672cbbb000c', 1559181314999, '2019-05-30 09:55:14', 2, b'0', '', '', '', '“智慧养老”大课堂', '“智慧养老”大课堂', 'ed0ca85f-59a3-4e6a-bf5d-68cf84512a41', 0),
	('402881e86b05d374016b0672f9cd000d', 1559181326795, '2019-05-30 09:55:26', 2, b'0', '1？', '？我', '？嗯', '“智慧养老”大课堂', '“智慧养老”大课堂', 'bcf48d82-3477-4098-b83b-37700ceaa91c', 0),
	('402881e86b05d374016b06731da6000e', 1559181335972, '2019-05-30 09:55:35', 2, b'0', '', '', '', '“智慧养老”大课堂', '“智慧养老”大课堂', 'f2e9607e-d3e4-4258-85a1-e0ad7db7495b', 0),
	('402881e86b05d374016b067403df000f', 1559181394908, '2019-05-30 09:56:34', 2, b'0', '', '活动', '', '“智慧养老”大课堂', '“智慧养老”大课堂', 'aa4a5e42-fccf-4e0b-8e70-bb8db3a3f907', 0),
	('402881e86b05d374016b06749c780010', 1559181433974, '2019-05-30 09:57:13', 2, b'0', '让', '福特', '人头', '“智慧养老”大课堂', '“智慧养老”大课堂', 'e22f8b7e-559f-460c-8cd7-63bc1f7bc585', 0),
	('402881e86b05d374016b0675321b0011', 1559181472281, '2019-05-30 09:57:52', 2, b'0', '汉', '无', 'l', '“智慧养老”大课堂', '“智慧养老”大课堂', 'de8f71db-ed22-4759-b0b2-7b44e2dca5e3', 0),
	('402881e86b05d374016b067567b90012', 1559181486007, '2019-05-30 09:58:06', 2, b'0', '玩呗', '无', '多学', '“智慧养老”大课堂', '“智慧养老”大课堂', '4c65735f-337c-48b7-a529-6cea6adccd8e', 0),
	('402881e86b05d374016b06759c670013', 1559181499493, '2019-05-30 09:58:19', 2, b'0', '仅', '↗是舞证自己变得阳光', '一', '“智慧养老”大课堂', '“智慧养老”大课堂', 'c64d57c3-9057-4fb0-84dd-3321bbbc9bd6', 0),
	('402881e86b05d374016b0675c5f50014', 1559181510130, '2019-05-30 09:58:30', 2, b'0', '我爱运动。', '一', '一', '“智慧养老”大课堂', '“智慧养老”大课堂', '92818f54-b8c7-4df0-b975-6a6272fecd4c', 0),
	('402881e86b05d374016b0679f6d10029', 1559181784781, '2019-05-30 10:03:04', 2, b'0', '一', '一', '一', '“智慧养老”大课堂', '“智慧养老”大课堂', '267a1b2a-8d59-4f15-971f-f9bbebd944c1', 0),
	('402881e86b29c6b8016b2a6878680004', 1559784618086, '2019-06-06 09:30:18', 2, b'0', '一', '一', '一', '“智慧养老”大课堂', '“智慧养老”大课堂', 'e26d966d-2ecb-4c23-91e9-1ec51c372452', 0),
	('402881e86b29c6b8016b2a6a81da0005', 1559784751576, '2019-06-06 09:32:31', 2, b'0', '一', '一', '一', '“智慧养老”大课堂', '“智慧养老”大课堂', '0100fd97-3e78-4252-8e92-092da475b120', 0),
	('402809816b46cc65016b46d1ccd70000', 1560261283028, '2019-06-11 21:54:43', 2, b'0', '123', '123', '123', '“智慧养老”大课堂', '“智慧养老”大课堂', '4b893eb1-5505-4761-b0fe-49066e669f2b', 4),
	('402809816b4db5f3016b493db0360000', 1560301908020, '2019-06-12 09:11:48', 2, b'0', '123', '123', '123', '“智慧养老”大课堂', '“智慧养老”大课堂', 'e6c18023-6633-42a4-a557-e30eaa321d06', 0);
/*!40000 ALTER TABLE `userapply4joinlevel` ENABLE KEYS */;

-- 正在导出表  weixin.visitor 的数据：23 rows
/*!40000 ALTER TABLE `visitor` DISABLE KEYS */;
INSERT INTO `visitor` (`vid`, `startTime`, `endTime`, `baomingTime`, `score`, `workTime`, `baomingTimeStr`, `startTimeStr`, `endTimeStr`, `uid`, `aid`, `sid`, `index4user`, `index4activity`) VALUES
	(1, 1559204471120, 1559205720360, 1559117981393, 1, 1249240, '2019-05-29 16:19:41', '2019-05-30 16:21', '2019-05-30 16:42', '4b893eb1-5505-4761-b0fe-49066e669f2b', '56765613-2d23-4c25-a36f-e56d2be4a707', NULL, 0, 0),
	(2, 1559783398678, 1559783398678, 1559181916522, 2, 3600000, '2019-05-30 10:05:16', '2019-06-06 09:09', '2019-06-06 09:09', '267a1b2a-8d59-4f15-971f-f9bbebd944c1', '33ec7494-eb62-419e-8d9a-a86b321a7f06', NULL, 0, 0),
	(3, 1559783255564, 1559783255564, 1559181917557, 2, 3600000, '2019-05-30 10:05:17', '2019-06-06 09:07', '2019-06-06 09:07', '4c65735f-337c-48b7-a529-6cea6adccd8e', '33ec7494-eb62-419e-8d9a-a86b321a7f06', NULL, 0, 1),
	(4, 1559783169122, 1559783169122, 1559181927853, 2, 3600000, '2019-05-30 10:05:27', '2019-06-06 09:06', '2019-06-06 09:06', 'bcf48d82-3477-4098-b83b-37700ceaa91c', '33ec7494-eb62-419e-8d9a-a86b321a7f06', NULL, 0, 2),
	(5, 1559783207711, 1559783207711, 1559181932217, 2, 3600000, '2019-05-30 10:05:32', '2019-06-06 09:06', '2019-06-06 09:06', 'e22f8b7e-559f-460c-8cd7-63bc1f7bc585', '33ec7494-eb62-419e-8d9a-a86b321a7f06', NULL, 0, 3),
	(6, 1559783125589, 1559783125589, 1559181936979, 2, 3600000, '2019-05-30 10:05:36', '2019-06-06 09:05', '2019-06-06 09:05', 'f892a0dd-f53b-4a54-8fb2-843fbaa6460a', '33ec7494-eb62-419e-8d9a-a86b321a7f06', NULL, 0, 4),
	(7, 1559783265265, 1559783265265, 1559181937902, 2, 3600000, '2019-05-30 10:05:37', '2019-06-06 09:07', '2019-06-06 09:07', 'de8f71db-ed22-4759-b0b2-7b44e2dca5e3', '33ec7494-eb62-419e-8d9a-a86b321a7f06', NULL, 0, 5),
	(8, 1559783151501, 1559783151501, 1559181947340, 2, 3600000, '2019-05-30 10:05:47', '2019-06-06 09:05', '2019-06-06 09:05', 'ed0ca85f-59a3-4e6a-bf5d-68cf84512a41', '33ec7494-eb62-419e-8d9a-a86b321a7f06', NULL, 0, 6),
	(9, 1559783182872, 1559783182872, 1559181980178, 2, 3600000, '2019-05-30 10:06:20', '2019-06-06 09:06', '2019-06-06 09:06', 'f2e9607e-d3e4-4258-85a1-e0ad7db7495b', '33ec7494-eb62-419e-8d9a-a86b321a7f06', NULL, 0, 7),
	(10, 1559783243774, 1559783243774, 1559181982420, 2, 3600000, '2019-05-30 10:06:22', '2019-06-06 09:07', '2019-06-06 09:07', 'c64d57c3-9057-4fb0-84dd-3321bbbc9bd6', '33ec7494-eb62-419e-8d9a-a86b321a7f06', NULL, 0, 8),
	(11, 1559783234058, 1559783234058, 1559181993098, 2, 3600000, '2019-05-30 10:06:33', '2019-06-06 09:07', '2019-06-06 09:07', '92818f54-b8c7-4df0-b975-6a6272fecd4c', '33ec7494-eb62-419e-8d9a-a86b321a7f06', NULL, 0, 9),
	(12, 1559783196169, 1559783196169, 1559182002989, 2, 3600000, '2019-05-30 10:06:42', '2019-06-06 09:06', '2019-06-06 09:06', 'aa4a5e42-fccf-4e0b-8e70-bb8db3a3f907', '33ec7494-eb62-419e-8d9a-a86b321a7f06', NULL, 0, 10),
	(14, 1560390125855, 1560390125855, 1560348427515, 2, 3600000, '2019-06-12 22:07:07', '2019-06-13 09:42', '2019-06-13 09:42', '4b893eb1-5505-4761-b0fe-49066e669f2b', '127ee7ac-d7e5-47d9-a03f-6c5c99fbd7ed', '402809816b4db5f3016b4e7fc920000c', 1, 0),
	(15, 1560389990202, 1560389990202, 1560301472157, 2, 3600000, '2019-06-12 09:04:32', '2019-06-13 09:39', '2019-06-13 09:39', 'bcf48d82-3477-4098-b83b-37700ceaa91c', '127ee7ac-d7e5-47d9-a03f-6c5c99fbd7ed', '402809816b4db5f3016b4e7db73c000b', 1, 1),
	(16, 1560389909391, 1560389909391, 1560302070565, 2, 3600000, '2019-06-12 09:14:30', '2019-06-13 09:38', '2019-06-13 09:38', 'e6c18023-6633-42a4-a557-e30eaa321d06', '127ee7ac-d7e5-47d9-a03f-6c5c99fbd7ed', '402809816b4db5f3016b4e7c7b910009', 0, 2),
	(17, 1560389843712, 1560389843712, 1560302184302, 2, 3600000, '2019-06-12 09:16:24', '2019-06-13 09:37', '2019-06-13 09:37', '267a1b2a-8d59-4f15-971f-f9bbebd944c1', '127ee7ac-d7e5-47d9-a03f-6c5c99fbd7ed', '402809816b4db5f3016b4e7b7b070004', 1, 3),
	(18, 1560389841850, 1560389841850, 1560302264546, 2, 3600000, '2019-06-12 09:17:44', '2019-06-13 09:37', '2019-06-13 09:37', 'e22f8b7e-559f-460c-8cd7-63bc1f7bc585', '127ee7ac-d7e5-47d9-a03f-6c5c99fbd7ed', '402809816b4db5f3016b4e7b73bc0003', 1, 4),
	(19, 1560389852201, 1560389852201, 1560302576455, 2, 3600000, '2019-06-12 09:22:56', '2019-06-13 09:37', '2019-06-13 09:37', 'aa4a5e42-fccf-4e0b-8e70-bb8db3a3f907', '127ee7ac-d7e5-47d9-a03f-6c5c99fbd7ed', '402809816b4db5f3016b4e7b9c2b0006', 1, 5),
	(20, 1560389848571, 1560389848571, 1560302703555, 2, 3600000, '2019-06-12 09:25:03', '2019-06-13 09:37', '2019-06-13 09:37', 'f2e9607e-d3e4-4258-85a1-e0ad7db7495b', '127ee7ac-d7e5-47d9-a03f-6c5c99fbd7ed', '402809816b4db5f3016b4e7b8dfd0005', 1, 6),
	(21, 1560389860882, 1560389860882, 1560302740815, 2, 3600000, '2019-06-12 09:25:40', '2019-06-13 09:37', '2019-06-13 09:37', 'c64d57c3-9057-4fb0-84dd-3321bbbc9bd6', '127ee7ac-d7e5-47d9-a03f-6c5c99fbd7ed', '402809816b4db5f3016b4e7bbe140008', 1, 7),
	(22, 1560389857130, 1560389857130, 1560302892656, 2, 3600000, '2019-06-12 09:28:12', '2019-06-13 09:37', '2019-06-13 09:37', '4c65735f-337c-48b7-a529-6cea6adccd8e', '127ee7ac-d7e5-47d9-a03f-6c5c99fbd7ed', '402809816b4db5f3016b4e7baf6c0007', 1, 8),
	(23, 1560389956126, 1560389956126, 1560302900477, 2, 3600000, '2019-06-12 09:28:20', '2019-06-13 09:39', '2019-06-13 09:39', '92818f54-b8c7-4df0-b975-6a6272fecd4c', '127ee7ac-d7e5-47d9-a03f-6c5c99fbd7ed', '402809816b4db5f3016b4e7d3220000a', 1, 9),
	(24, -1, -1, 1560914621170, -1, -1, '2019-06-19 11:23:41', NULL, NULL, '4b893eb1-5505-4761-b0fe-49066e669f2b', '3f1d2a05-5998-45ac-b74a-a39a28292cfb', NULL, 2, 0);
/*!40000 ALTER TABLE `visitor` ENABLE KEYS */;

-- 正在导出表  weixin.ware 的数据：0 rows
/*!40000 ALTER TABLE `ware` DISABLE KEYS */;
/*!40000 ALTER TABLE `ware` ENABLE KEYS */;

-- 正在导出表  weixin.zerolevel 的数据：3 rows
/*!40000 ALTER TABLE `zerolevel` DISABLE KEYS */;
INSERT INTO `zerolevel` (`zid`, `name`, `description`, `level`, `qrcode`, `qrcodeTime`, `mflid`) VALUES
	('484f5415-0ba0-4fc5-ac04-7b2e7d28ab20', '东里南社区', '东里南社区', 0, 'qrcode\\7\\3\\tag=zero&lid=484f5415-0ba0-4fc5-ac04-7b2e7d28ab20.gif', 1559114660077, '1dd3edcf-cdab-4cd0-b296-8875e6769911'),
	('0cd04190-4c76-434d-8747-92936fbf87a0', '核桃园社区', '核桃园社区', 0, 'qrcode\\8\\5\\tag=zero&lid=0cd04190-4c76-434d-8747-92936fbf87a0.gif', 1559114706082, 'f6f395aa-ab1b-4e53-9716-1e5efcb11147'),
	('98ce96cb-3409-4f35-b59d-9eb8c179e02f', '边府社区', '边府社区', 0, 'qrcode\\11\\10\\tag=zero&lid=98ce96cb-3409-4f35-b59d-9eb8c179e02f.gif', 1559114742140, '21104932-ca4d-4368-952b-810f0720ddb6');
/*!40000 ALTER TABLE `zerolevel` ENABLE KEYS */;
/*!40101 SET SQL_MODE=IFNULL(@OLD_SQL_MODE, '') */;
/*!40014 SET FOREIGN_KEY_CHECKS=IF(@OLD_FOREIGN_KEY_CHECKS IS NULL, 1, @OLD_FOREIGN_KEY_CHECKS) */;
/*!40101 SET CHARACTER_SET_CLIENT=@OLD_CHARACTER_SET_CLIENT */;
